insert into classroom values('c', 709, 64);
insert into classroom values('f', 989, 56);
insert into classroom values('j', 469, 26);
insert into classroom values('g', 117, 138);
insert into classroom values('c', 789, 28);
insert into classroom values('f', 190, 31);
insert into classroom values('i', 947, 103);
insert into classroom values('c', 578, 53);
insert into classroom values('g', 417, 95);
insert into classroom values('a', 398, 19);
insert into department values('automasi', 'e', 90555.16);
insert into department values('geomatika', 'i', 206953.91);
insert into department values('geofisika', 'h', 87114.07);
insert into department values('sipil', 'g', 961853.50);
insert into department values('kimia', 'd', 813183.57);
insert into department values('mtk', 'c', 168326.81);
insert into department values('industri', 'a', 588185.74);
insert into department values('IF', 'e', 590324.47);
insert into department values('dkv', 'b', 264398.61);
insert into department values('farmasi', 'e', 873312.79);
insert into course values('929', 'TBD', 'industri', 4);
insert into course values('735', 'vdi', 'kimia', 3);
insert into course values('621', 'alpro', 'kimia', 4);
insert into course values('163', 'vdi', 'farmasi', 4);
insert into course values('869', 'strukdat', 'dkv', 4);
insert into course values('812', 'vdi', 'farmasi', 3);
insert into course values('922', 'SSD', 'geofisika', 3);
insert into course values('281', 'strukdat', 'dkv', 3);
insert into course values('598', 'TBD', 'dkv', 4);
insert into course values('674', 'vdi', 'geomatika', 4);
insert into course values('637', 'TBD', 'geofisika', 4);
insert into course values('802', 'Basis data', 'automasi', 4);
insert into course values('195', 'ale', 'dkv', 3);
insert into course values('285', 'Basis data', 'dkv', 4);
insert into course values('588', 'ale', 'IF', 3);
insert into course values('383', 'TBD', 'sipil', 3);
insert into course values('617', 'strukdat', 'kimia', 3);
insert into course values('339', 'vdi', 'IF', 4);
insert into course values('644', 'ale', 'industri', 3);
insert into course values('249', 'vdi', 'IF', 4);
insert into course values('371', 'Sains data', 'geomatika', 3);
insert into course values('133', 'Sains data', 'mtk', 4);
insert into course values('809', 'alpro', 'IF', 3);
insert into course values('196', 'strukdat', 'mtk', 3);
insert into course values('586', 'TBD', 'sipil', 3);
insert into course values('269', 'alpro', 'sipil', 3);
insert into course values('810', 'Sains data', 'sipil', 3);
insert into course values('247', 'ABD', 'dkv', 3);
insert into course values('655', 'TBD', 'dkv', 3);
insert into course values('740', 'vdi', 'IF', 4);
insert into course values('400', 'alpro', 'IF', 3);
insert into course values('782', 'ale', 'geomatika', 3);
insert into course values('989', 'TBD', 'mtk', 4);
insert into course values('665', 'vdi', 'sipil', 4);
insert into course values('138', 'strukdat', 'sipil', 3);
insert into course values('483', 'SSD', 'industri', 3);
insert into course values('911', 'strukdat', 'mtk', 4);
insert into course values('368', 'SSD', 'farmasi', 4);
insert into course values('971', 'TBD', 'IF', 4);
insert into course values('517', 'vdi', 'sipil', 3);
insert into course values('377', 'alpro', 'geomatika', 3);
insert into course values('860', 'ale', 'IF', 4);
insert into course values('475', 'strukdat', 'mtk', 3);
insert into course values('456', 'TBD', 'industri', 3);
insert into course values('466', 'alpro', 'farmasi', 3);
insert into course values('987', 'Sains data', 'IF', 4);
insert into course values('433', 'TBD', 'IF', 4);
insert into course values('404', 'alpro', 'geofisika', 4);
insert into course values('544', 'Basis data', 'geofisika', 3);
insert into course values('659', 'alpro', 'kimia', 3);
insert into course values('931', 'Sains data', 'sipil', 3);
insert into course values('309', 'strukdat', 'dkv', 4);
insert into course values('662', 'TBD', 'IF', 3);
insert into course values('699', 'TBD', 'geofisika', 3);
insert into course values('769', 'Sains data', 'IF', 4);
insert into course values('739', 'alpro', 'industri', 3);
insert into course values('106', 'Sains data', 'kimia', 4);
insert into course values('794', 'SSD', 'sipil', 3);
insert into course values('231', 'vdi', 'IF', 3);
insert into course values('104', 'ABD', 'industri', 4);
insert into course values('597', 'TBD', 'sipil', 4);
insert into course values('623', 'vdi', 'automasi', 3);
insert into course values('409', 'ABD', 'dkv', 4);
insert into course values('179', 'Sains data', 'sipil', 4);
insert into course values('994', 'ale', 'automasi', 4);
insert into course values('132', 'vdi', 'automasi', 4);
insert into course values('476', 'ABD', 'sipil', 4);
insert into course values('616', 'TBD', 'dkv', 4);
insert into course values('419', 'TBD', 'sipil', 3);
insert into course values('103', 'SSD', 'IF', 3);
insert into course values('923', 'alpro', 'kimia', 4);
insert into course values('333', 'ABD', 'industri', 4);
insert into course values('915', 'Sains data', 'farmasi', 4);
insert into course values('360', 'strukdat', 'geofisika', 4);
insert into course values('367', 'TBD', 'industri', 3);
insert into course values('957', 'ABD', 'sipil', 4);
insert into course values('442', 'Sains data', 'sipil', 3);
insert into course values('541', 'ale', 'geofisika', 3);
insert into course values('792', 'Basis data', 'sipil', 3);
insert into course values('951', 'vdi', 'mtk', 3);
insert into course values('465', 'TBD', 'kimia', 4);
insert into course values('197', 'Sains data', 'automasi', 4);
insert into course values('414', 'SSD', 'geomatika', 3);
insert into course values('777', 'alpro', 'automasi', 3);
insert into course values('558', 'ale', 'kimia', 3);
insert into course values('892', 'TBD', 'sipil', 4);
insert into course values('807', 'vdi', 'sipil', 3);
insert into course values('596', 'ABD', 'automasi', 4);
insert into course values('546', 'TBD', 'industri', 3);
insert into course values('612', 'Sains data', 'kimia', 4);
insert into course values('347', 'Sains data', 'sipil', 4);
insert into course values('510', 'vdi', 'dkv', 4);
insert into course values('146', 'ABD', 'automasi', 3);
insert into course values('799', 'TBD', 'kimia', 4);
insert into course values('265', 'SSD', 'geofisika', 4);
insert into course values('880', 'SSD', 'industri', 3);
insert into course values('890', 'strukdat', 'mtk', 3);
insert into course values('885', 'TBD', 'kimia', 4);
insert into course values('669', 'vdi', 'geofisika', 3);
insert into course values('719', 'ABD', 'farmasi', 4);
insert into course values('840', 'ABD', 'automasi', 4);
insert into course values('526', 'Sains data', 'kimia', 4);
insert into course values('747', 'vdi', 'geomatika', 4);
insert into course values('351', 'vdi', 'IF', 3);
insert into course values('733', 'strukdat', 'automasi', 4);
insert into course values('916', 'alpro', 'geomatika', 4);
insert into course values('847', 'ale', 'industri', 3);
insert into course values('503', 'ale', 'sipil', 4);
insert into course values('593', 'ale', 'kimia', 4);
insert into course values('144', 'ABD', 'mtk', 4);
insert into course values('352', 'TBD', 'mtk', 3);
insert into course values('961', 'vdi', 'kimia', 4);
insert into course values('657', 'Basis data', 'kimia', 4);
insert into course values('928', 'TBD', 'dkv', 4);
insert into course values('849', 'strukdat', 'sipil', 3);
insert into course values('564', 'TBD', 'mtk', 4);
insert into course values('702', 'SSD', 'kimia', 3);
insert into course values('254', 'Basis data', 'sipil', 4);
insert into course values('803', 'TBD', 'mtk', 4);
insert into course values('327', 'ale', 'farmasi', 3);
insert into course values('253', 'Sains data', 'automasi', 3);
insert into course values('962', 'TBD', 'geofisika', 4);
insert into course values('105', 'SSD', 'IF', 3);
insert into course values('470', 'TBD', 'automasi', 3);
insert into course values('832', 'vdi', 'geomatika', 4);
insert into course values('189', 'strukdat', 'sipil', 3);
insert into course values('245', 'TBD', 'industri', 4);
insert into course values('563', 'Basis data', 'mtk', 4);
insert into course values('334', 'TBD', 'kimia', 3);
insert into course values('174', 'TBD', 'kimia', 3);
insert into course values('552', 'Sains data', 'dkv', 4);
insert into course values('505', 'Sains data', 'industri', 3);
insert into course values('291', 'vdi', 'industri', 3);
insert into course values('316', 'ale', 'IF', 3);
insert into course values('827', 'alpro', 'geofisika', 4);
insert into course values('423', 'TBD', 'kimia', 3);
insert into course values('331', 'ale', 'industri', 4);
insert into course values('394', 'strukdat', 'sipil', 3);
insert into course values('223', 'TBD', 'farmasi', 4);
insert into course values('633', 'strukdat', 'geofisika', 3);
insert into course values('830', 'TBD', 'sipil', 4);
insert into course values('259', 'TBD', 'kimia', 3);
insert into course values('999', 'Basis data', 'mtk', 3);
insert into course values('413', 'Sains data', 'dkv', 4);
insert into course values('340', 'TBD', 'dkv', 3);
insert into course values('953', 'ale', 'IF', 3);
insert into course values('481', 'TBD', 'sipil', 4);
insert into course values('175', 'strukdat', 'industri', 3);
insert into course values('366', 'TBD', 'farmasi', 4);
insert into course values('535', 'strukdat', 'dkv', 3);
insert into course values('878', 'TBD', 'kimia', 4);
insert into course values('690', 'TBD', 'IF', 4);
insert into course values('402', 'strukdat', 'geomatika', 3);
insert into course values('870', 'TBD', 'industri', 3);
insert into course values('752', 'Basis data', 'dkv', 4);
insert into course values('121', 'vdi', 'sipil', 3);
insert into course values('109', 'vdi', 'geomatika', 4);
insert into course values('134', 'alpro', 'IF', 3);
insert into course values('294', 'vdi', 'dkv', 3);
insert into course values('206', 'SSD', 'geomatika', 3);
insert into course values('318', 'TBD', 'farmasi', 4);
insert into course values('939', 'ale', 'kimia', 3);
insert into course values('292', 'SSD', 'geomatika', 4);
insert into course values('557', 'TBD', 'mtk', 3);
insert into course values('289', 'ABD', 'sipil', 4);
insert into course values('522', 'TBD', 'farmasi', 4);
insert into course values('881', 'TBD', 'sipil', 4);
insert into course values('355', 'TBD', 'automasi', 3);
insert into course values('434', 'SSD', 'industri', 3);
insert into course values('724', 'Sains data', 'industri', 3);
insert into course values('673', 'alpro', 'mtk', 3);
insert into course values('140', 'alpro', 'dkv', 4);
insert into course values('422', 'ABD', 'IF', 3);
insert into course values('804', 'ale', 'sipil', 4);
insert into course values('395', 'strukdat', 'dkv', 3);
insert into course values('592', 'Sains data', 'geofisika', 4);
insert into course values('509', 'TBD', 'kimia', 4);
insert into course values('755', 'alpro', 'industri', 4);
insert into course values('386', 'vdi', 'geomatika', 4);
insert into course values('227', 'vdi', 'farmasi', 4);
insert into course values('992', 'Basis data', 'automasi', 3);
insert into course values('499', 'Sains data', 'industri', 4);
insert into course values('438', 'ABD', 'dkv', 4);
insert into course values('813', 'Sains data', 'mtk', 4);
insert into course values('244', 'strukdat', 'geomatika', 3);
insert into course values('785', 'TBD', 'farmasi', 3);
insert into course values('125', 'TBD', 'geofisika', 4);
insert into course values('932', 'strukdat', 'mtk', 4);
insert into course values('234', 'strukdat', 'kimia', 4);
insert into course values('572', 'alpro', 'dkv', 4);
insert into course values('102', 'ale', 'geomatika', 4);
insert into course values('388', 'ABD', 'sipil', 3);
insert into course values('578', 'TBD', 'industri', 4);
insert into course values('267', 'ABD', 'farmasi', 4);
insert into course values('445', 'alpro', 'dkv', 4);
insert into course values('844', 'TBD', 'sipil', 4);
insert into course values('720', 'Sains data', 'mtk', 4);
insert into course values('779', 'vdi', 'farmasi', 3);
insert into course values('553', 'ABD', 'mtk', 3);
insert into course values('630', 'Basis data', 'industri', 3);
insert into instructor values('24084', 'naufal', 'industri', 101998.00);
insert into instructor values('71978', 'yuda', 'automasi', 126136.77);
insert into instructor values('71956', 'eca', 'dkv', 63998.99);
insert into instructor values('11026', 'eca', 'mtk', 77956.23);
insert into instructor values('10012', 'yuda', 'geomatika', 40225.03);
insert into instructor values('81136', 'arta', 'kimia', 58358.48);
insert into instructor values('85082', 'eca', 'geofisika', 57664.59);
insert into instructor values('10302', 'arta', 'IF', 88696.95);
insert into instructor values('81285', 'arta', 'dkv', 128387.12);
insert into instructor values('73058', 'pia', 'automasi', 76290.16);
insert into instructor values('70304', 'rendi', 'geomatika', 68358.98);
insert into instructor values('77802', 'ocha', 'dkv', 59279.90);
insert into instructor values('79926', 'yuda', 'geofisika', 69382.26);
insert into instructor values('53231', 'arta', 'geofisika', 76232.40);
insert into instructor values('17341', 'arta', 'automasi', 116053.87);
insert into instructor values('86803', 'delfi', 'automasi', 71960.11);
insert into instructor values('53301', 'yuda', 'farmasi', 79584.08);
insert into instructor values('80388', 'pia', 'farmasi', 105045.78);
insert into instructor values('54984', 'ocha', 'industri', 113379.82);
insert into instructor values('24217', 'naufal', 'automasi', 79679.05);
insert into instructor values('15241', 'naufal', 'farmasi', 121489.57);
insert into instructor values('83889', 'rendi', 'sipil', 84670.34);
insert into instructor values('43127', 'kaisar', 'kimia', 70323.00);
insert into instructor values('66649', 'eca', 'automasi', 85884.90);
insert into instructor values('57081', 'fasya', 'sipil', 66500.02);
insert into instructor values('39620', 'arta', 'geomatika', 84844.49);
insert into instructor values('9440', 'kaisar', 'IF', 29250.27);
insert into instructor values('94130', 'rendi', 'farmasi', 125872.72);
insert into instructor values('19402', 'delfi', 'geofisika', 44475.47);
insert into instructor values('29324', 'fasya', 'kimia', 106913.99);
insert into instructor values('77243', 'pia', 'geomatika', 99403.36);
insert into instructor values('25443', 'rendi', 'mtk', 125035.00);
insert into instructor values('31971', 'ocha', 'industri', 61703.64);
insert into instructor values('35766', 'yuda', 'IF', 66621.67);
insert into instructor values('41661', 'naufal', 'sipil', 85002.49);
insert into instructor values('92170', 'fasya', 'geofisika', 34413.13);
insert into instructor values('98379', 'pia', 'IF', 93923.63);
insert into instructor values('98961', 'arta', 'industri', 88768.44);
insert into instructor values('53533', 'arta', 'farmasi', 126100.49);
insert into instructor values('80998', 'kaisar', 'mtk', 68940.64);
insert into instructor values('48905', 'fasya', 'geofisika', 86045.32);
insert into instructor values('52845', 'yuda', 'industri', 51636.37);
insert into instructor values('95505', 'rendi', 'industri', 96327.53);
insert into instructor values('13909', 'yuda', 'geofisika', 98768.70);
insert into instructor values('66', 'arta', 'geofisika', 115204.84);
insert into instructor values('29559', 'rendi', 'mtk', 44064.20);
insert into instructor values('44049', 'rendi', 'mtk', 126667.52);
insert into instructor values('72213', 'naufal', 'sipil', 69064.45);
insert into instructor values('6333', 'arta', 'automasi', 98796.93);
insert into instructor values('92574', 'fasya', 'farmasi', 123066.20);
insert into section values('621', '1', 'Fall', 2009, 'f', '190', 'H');
insert into section values('109', '1', 'Spring', 2003, 'c', '709', 'G');
insert into section values('244', '1', 'Fall', 2001, 'f', '989', 'F');
insert into section values('929', '1', 'Spring', 2009, 'c', '578', 'I');
insert into section values('438', '1', 'Fall', 2003, 'g', '417', 'O');
insert into section values('633', '1', 'Spring', 2003, 'g', '417', 'K');
insert into section values('245', '1', 'Fall', 2005, 'f', '989', 'C');
insert into section values('347', '1', 'Spring', 2006, 'i', '947', 'D');
insert into section values('351', '1', 'Spring', 2006, 'c', '578', 'N');
insert into section values('526', '1', 'Fall', 2010, 'a', '398', 'F');
insert into section values('592', '1', 'Fall', 2006, 'g', '117', 'K');
insert into section values('368', '1', 'Fall', 2006, 'i', '947', 'I');
insert into section values('234', '1', 'Fall', 2010, 'f', '190', 'O');
insert into section values('911', '1', 'Spring', 2002, 'f', '989', 'L');
insert into section values('785', '1', 'Fall', 2005, 'c', '578', 'J');
insert into section values('662', '1', 'Spring', 2001, 'f', '190', 'B');
insert into section values('367', '1', 'Fall', 2008, 'a', '398', 'I');
insert into section values('351', '2', 'Spring', 2004, 'f', '190', 'B');
insert into section values('724', '1', 'Spring', 2001, 'c', '789', 'J');
insert into section values('885', '1', 'Fall', 2004, 'g', '117', 'P');
insert into section values('849', '1', 'Spring', 2009, 'f', '989', 'A');
insert into section values('134', '1', 'Spring', 2004, 'i', '947', 'D');
insert into section values('832', '1', 'Spring', 2003, 'g', '117', 'K');
insert into section values('578', '1', 'Spring', 2009, 'c', '709', 'O');
insert into section values('244', '2', 'Fall', 2010, 'f', '190', 'K');
insert into section values('782', '1', 'Fall', 2007, 'g', '117', 'L');
insert into section values('657', '1', 'Fall', 2003, 'c', '789', 'K');
insert into section values('987', '1', 'Spring', 2002, 'g', '117', 'M');
insert into section values('197', '1', 'Fall', 2005, 'a', '398', 'A');
insert into section values('892', '1', 'Spring', 2010, 'f', '989', 'O');
insert into section values('699', '1', 'Spring', 2008, 'c', '709', 'A');
insert into section values('739', '1', 'Fall', 2001, 'i', '947', 'D');
insert into section values('596', '1', 'Spring', 2001, 'j', '469', 'G');
insert into section values('563', '1', 'Spring', 2007, 'f', '989', 'F');
insert into section values('316', '1', 'Fall', 2002, 'f', '190', 'G');
insert into section values('892', '2', 'Fall', 2003, 'i', '947', 'C');
insert into section values('289', '1', 'Fall', 2001, 'i', '947', 'J');
insert into section values('987', '2', 'Spring', 2004, 'i', '947', 'L');
insert into section values('623', '1', 'Spring', 2005, 'g', '117', 'C');
insert into section values('804', '1', 'Spring', 2010, 'c', '789', 'F');
insert into section values('794', '1', 'Spring', 2007, 'f', '989', 'G');
insert into section values('860', '1', 'Spring', 2003, 'i', '947', 'M');
insert into section values('880', '1', 'Spring', 2008, 'g', '117', 'F');
insert into section values('987', '3', 'Fall', 2009, 'c', '578', 'L');
insert into section values('105', '1', 'Spring', 2007, 'g', '117', 'E');
insert into section values('434', '1', 'Spring', 2007, 'c', '709', 'F');
insert into section values('499', '1', 'Spring', 2010, 'g', '417', 'E');
insert into section values('785', '2', 'Fall', 2004, 'c', '789', 'L');
insert into section values('739', '2', 'Fall', 2007, 'j', '469', 'E');
insert into section values('334', '1', 'Fall', 2006, 'c', '709', 'J');
insert into section values('633', '2', 'Fall', 2009, 'c', '789', 'K');
insert into section values('957', '1', 'Fall', 2003, 'g', '117', 'B');
insert into section values('546', '1', 'Fall', 2001, 'g', '117', 'K');
insert into section values('419', '1', 'Fall', 2009, 'g', '417', 'F');
insert into section values('476', '1', 'Spring', 2002, 'f', '190', 'H');
insert into section values('752', '1', 'Fall', 2001, 'f', '190', 'N');
insert into section values('923', '1', 'Fall', 2010, 'g', '417', 'D');
insert into section values('291', '1', 'Fall', 2004, 'g', '417', 'I');
insert into section values('623', '2', 'Fall', 2006, 'c', '709', 'H');
insert into section values('414', '1', 'Fall', 2009, 'i', '947', 'E');
insert into section values('564', '1', 'Fall', 2004, 'i', '947', 'F');
insert into section values('269', '1', 'Fall', 2006, 'i', '947', 'K');
insert into section values('953', '1', 'Spring', 2007, 'g', '417', 'D');
insert into section values('197', '2', 'Spring', 2004, 'f', '190', 'B');
insert into section values('572', '1', 'Spring', 2002, 'f', '190', 'M');
insert into section values('234', '2', 'Spring', 2004, 'a', '398', 'H');
insert into section values('740', '1', 'Spring', 2006, 'f', '989', 'N');
insert into section values('849', '2', 'Spring', 2010, 'g', '417', 'O');
insert into section values('470', '1', 'Spring', 2007, 'g', '417', 'B');
insert into section values('409', '1', 'Fall', 2009, 'j', '469', 'P');
insert into section values('249', '1', 'Fall', 2005, 'a', '398', 'E');
insert into section values('593', '1', 'Spring', 2004, 'i', '947', 'B');
insert into section values('832', '2', 'Spring', 2001, 'c', '578', 'P');
insert into section values('830', '1', 'Spring', 2009, 'g', '417', 'I');
insert into section values('847', '1', 'Spring', 2008, 'g', '117', 'L');
insert into section values('849', '3', 'Spring', 2007, 'c', '789', 'M');
insert into section values('733', '1', 'Fall', 2004, 'g', '117', 'J');
insert into section values('735', '1', 'Spring', 2010, 'g', '117', 'G');
insert into section values('292', '1', 'Spring', 2005, 'g', '417', 'O');
insert into section values('807', '1', 'Spring', 2002, 'f', '190', 'D');
insert into section values('433', '1', 'Fall', 2009, 'j', '469', 'E');
insert into section values('922', '1', 'Fall', 2001, 'i', '947', 'I');
insert into section values('564', '2', 'Fall', 2002, 'c', '789', 'L');
insert into section values('755', '1', 'Spring', 2002, 'a', '398', 'P');
insert into section values('885', '2', 'Fall', 2005, 'f', '989', 'O');
insert into section values('400', '1', 'Spring', 2002, 'a', '398', 'M');
insert into section values('674', '1', 'Spring', 2008, 'g', '117', 'K');
insert into section values('360', '1', 'Fall', 2009, 'f', '989', 'P');
insert into section values('739', '3', 'Fall', 2006, 'c', '578', 'K');
insert into section values('849', '4', 'Fall', 2002, 'f', '190', 'E');
insert into section values('617', '1', 'Fall', 2010, 'g', '417', 'C');
insert into section values('923', '2', 'Fall', 2005, 'c', '578', 'D');
insert into section values('951', '1', 'Fall', 2003, 'a', '398', 'N');
insert into section values('466', '1', 'Fall', 2002, 'g', '417', 'C');
insert into section values('915', '1', 'Spring', 2006, 'a', '398', 'M');
insert into section values('265', '1', 'Fall', 2006, 'c', '789', 'K');
insert into section values('352', '1', 'Fall', 2003, 'c', '578', 'F');
insert into section values('989', '1', 'Spring', 2005, 'c', '709', 'D');
insert into section values('109', '2', 'Fall', 2003, 'c', '709', 'A');
insert into section values('992', '1', 'Fall', 2010, 'f', '989', 'F');
insert into section values('281', '1', 'Spring', 2008, 'c', '578', 'M');
insert into section values('779', '1', 'Fall', 2005, 'j', '469', 'J');
insert into section values('254', '1', 'Fall', 2003, 'a', '398', 'K');
insert into section values('785', '3', 'Spring', 2003, 'g', '117', 'D');
insert into section values('371', '1', 'Spring', 2004, 'c', '578', 'H');
insert into section values('231', '1', 'Spring', 2003, 'g', '417', 'G');
insert into section values('395', '1', 'Fall', 2005, 'g', '417', 'N');
insert into section values('810', '1', 'Fall', 2009, 'c', '578', 'C');
insert into section values('522', '1', 'Fall', 2007, 'c', '578', 'G');
insert into section values('289', '2', 'Spring', 2004, 'c', '709', 'O');
insert into section values('777', '1', 'Fall', 2008, 'c', '709', 'O');
insert into section values('880', '2', 'Spring', 2010, 'i', '947', 'I');
insert into section values('249', '2', 'Fall', 2008, 'f', '190', 'E');
insert into section values('442', '1', 'Spring', 2009, 'c', '789', 'P');
insert into section values('227', '1', 'Spring', 2009, 'g', '417', 'F');
insert into section values('832', '3', 'Fall', 2005, 'i', '947', 'H');
insert into section values('733', '2', 'Spring', 2005, 'g', '417', 'M');
insert into section values('827', '1', 'Spring', 2010, 'j', '469', 'H');
insert into section values('961', '1', 'Fall', 2009, 'c', '578', 'N');
insert into section values('394', '1', 'Fall', 2008, 'g', '117', 'F');
insert into section values('423', '1', 'Spring', 2010, 'j', '469', 'I');
insert into section values('103', '1', 'Fall', 2005, 'c', '789', 'L');
insert into section values('779', '2', 'Fall', 2002, 'i', '947', 'I');
insert into section values('804', '2', 'Spring', 2003, 'g', '417', 'N');
insert into section values('662', '2', 'Fall', 2010, 'f', '190', 'C');
insert into section values('104', '1', 'Spring', 2010, 'j', '469', 'A');
insert into section values('144', '1', 'Spring', 2005, 'c', '709', 'H');
insert into section values('578', '2', 'Fall', 2002, 'f', '190', 'I');
insert into section values('402', '1', 'Fall', 2002, 'c', '789', 'J');
insert into section values('803', '1', 'Fall', 2004, 'a', '398', 'P');
insert into section values('413', '1', 'Fall', 2002, 'g', '417', 'A');
insert into section values('327', '1', 'Spring', 2004, 'c', '789', 'B');
insert into section values('503', '1', 'Spring', 2005, 'c', '709', 'K');
insert into section values('740', '2', 'Spring', 2006, 'c', '578', 'O');
insert into section values('739', '4', 'Fall', 2003, 'g', '117', 'L');
insert into section values('394', '2', 'Fall', 2001, 'c', '789', 'I');
insert into section values('285', '1', 'Fall', 2007, 'c', '709', 'P');
insert into section values('404', '1', 'Fall', 2005, 'i', '947', 'D');
insert into section values('803', '2', 'Spring', 2006, 'a', '398', 'L');
insert into section values('792', '1', 'Fall', 2001, 'i', '947', 'L');
insert into section values('223', '1', 'Fall', 2008, 'g', '117', 'N');
insert into section values('572', '2', 'Fall', 2001, 'g', '417', 'C');
insert into section values('623', '3', 'Spring', 2003, 'f', '989', 'N');
insert into section values('509', '1', 'Spring', 2009, 'i', '947', 'P');
insert into section values('138', '1', 'Fall', 2009, 'f', '989', 'L');
insert into section values('355', '1', 'Spring', 2001, 'g', '117', 'C');
insert into section values('928', '1', 'Fall', 2009, 'f', '190', 'P');
insert into section values('777', '2', 'Spring', 2007, 'c', '709', 'E');
insert into section values('125', '1', 'Spring', 2004, 'a', '398', 'G');
insert into section values('347', '2', 'Fall', 2008, 'c', '578', 'L');
insert into section values('352', '2', 'Spring', 2005, 'f', '190', 'B');
insert into section values('265', '2', 'Fall', 2001, 'j', '469', 'I');
insert into section values('367', '2', 'Spring', 2009, 'j', '469', 'B');
insert into section values('644', '1', 'Fall', 2007, 'c', '709', 'M');
insert into section values('870', '1', 'Spring', 2004, 'c', '789', 'D');
insert into section values('466', '2', 'Fall', 2005, 'j', '469', 'B');
insert into section values('366', '1', 'Spring', 2008, 'f', '190', 'G');
insert into section values('175', '1', 'Spring', 2007, 'j', '469', 'E');
insert into section values('133', '1', 'Fall', 2007, 'c', '578', 'C');
insert into section values('499', '2', 'Fall', 2002, 'g', '417', 'L');
insert into section values('522', '2', 'Fall', 2002, 'g', '417', 'B');
insert into section values('810', '2', 'Spring', 2010, 'g', '417', 'P');
insert into section values('197', '3', 'Spring', 2010, 'c', '789', 'G');
insert into section values('878', '1', 'Fall', 2004, 'c', '709', 'C');
insert into section values('616', '1', 'Spring', 2001, 'i', '947', 'J');
insert into section values('785', '4', 'Spring', 2005, 'i', '947', 'J');
insert into section values('869', '1', 'Spring', 2006, 'g', '417', 'D');
insert into section values('334', '2', 'Spring', 2007, 'a', '398', 'J');
insert into section values('932', '1', 'Spring', 2009, 'j', '469', 'I');
insert into section values('106', '1', 'Fall', 2005, 'i', '947', 'C');
insert into section values('409', '2', 'Spring', 2001, 'j', '469', 'G');
insert into section values('779', '3', 'Fall', 2009, 'g', '417', 'D');
insert into section values('526', '2', 'Spring', 2008, 'f', '989', 'I');
insert into section values('782', '2', 'Spring', 2009, 'a', '398', 'L');
insert into section values('558', '1', 'Spring', 2003, 'j', '469', 'A');
insert into section values('499', '3', 'Spring', 2010, 'c', '789', 'B');
insert into section values('438', '2', 'Spring', 2010, 'j', '469', 'K');
insert into section values('132', '1', 'Spring', 2001, 'c', '709', 'K');
insert into section values('517', '1', 'Fall', 2008, 'f', '989', 'K');
insert into section values('281', '2', 'Spring', 2006, 'c', '789', 'H');
insert into section values('475', '1', 'Spring', 2001, 'j', '469', 'O');
insert into section values('422', '1', 'Fall', 2009, 'i', '947', 'A');
insert into section values('621', '2', 'Fall', 2004, 'g', '417', 'I');
insert into section values('623', '4', 'Spring', 2010, 'f', '190', 'O');
insert into section values('195', '1', 'Spring', 2005, 'g', '417', 'J');
insert into section values('662', '3', 'Fall', 2008, 'i', '947', 'N');
insert into section values('792', '2', 'Spring', 2005, 'a', '398', 'N');
insert into section values('592', '2', 'Fall', 2003, 'f', '190', 'N');
insert into section values('616', '2', 'Fall', 2005, 'i', '947', 'G');
insert into section values('792', '3', 'Spring', 2007, 'i', '947', 'O');
insert into section values('992', '2', 'Fall', 2010, 'a', '398', 'G');
insert into section values('244', '3', 'Spring', 2004, 'c', '709', 'C');
insert into section values('386', '1', 'Fall', 2001, 'c', '789', 'H');
insert into section values('733', '3', 'Fall', 2009, 'c', '578', 'K');
insert into section values('368', '2', 'Fall', 2001, 'a', '398', 'A');
insert into section values('799', '1', 'Fall', 2006, 'f', '989', 'A');
insert into section values('832', '4', 'Spring', 2009, 'f', '989', 'N');
insert into section values('747', '1', 'Fall', 2003, 'c', '709', 'D');
insert into section values('794', '2', 'Spring', 2001, 'c', '789', 'K');
insert into section values('231', '2', 'Fall', 2002, 'g', '117', 'A');
insert into teaches values('53533', '779', '2', 'Fall', 2002);
insert into teaches values('29324', '334', '2', 'Spring', 2007);
insert into teaches values('92574', '227', '1', 'Spring', 2009);
insert into teaches values('92574', '522', '2', 'Fall', 2002);
insert into teaches values('39620', '747', '1', 'Fall', 2003);
insert into teaches values('92574', '785', '4', 'Spring', 2005);
insert into teaches values('98379', '249', '1', 'Fall', 2005);
insert into teaches values('44049', '352', '2', 'Spring', 2005);
insert into teaches values('29324', '423', '1', 'Spring', 2010);
insert into teaches values('98379', '987', '2', 'Spring', 2004);
insert into teaches values('95505', '175', '1', 'Spring', 2007);
insert into teaches values('95505', '755', '1', 'Spring', 2002);
insert into teaches values('92574', '223', '1', 'Fall', 2008);
insert into teaches values('66', '699', '1', 'Spring', 2008);
insert into teaches values('39620', '402', '1', 'Fall', 2002);
insert into teaches values('98379', '860', '1', 'Spring', 2003);
insert into teaches values('72213', '804', '1', 'Spring', 2010);
insert into teaches values('44049', '803', '2', 'Spring', 2006);
insert into teaches values('98379', '105', '1', 'Spring', 2007);
insert into teaches values('9440', '662', '2', 'Fall', 2010);
insert into teaches values('29324', '735', '1', 'Spring', 2010);
insert into teaches values('92574', '779', '1', 'Fall', 2005);
insert into teaches values('72213', '810', '2', 'Spring', 2010);
insert into teaches values('98379', '351', '2', 'Spring', 2004);
insert into teaches values('72213', '849', '3', 'Spring', 2007);
insert into teaches values('92574', '915', '1', 'Spring', 2006);
insert into teaches values('95505', '739', '3', 'Fall', 2006);
insert into teaches values('66', '265', '1', 'Fall', 2006);
insert into teaches values('95505', '847', '1', 'Spring', 2008);
insert into teaches values('72213', '849', '4', 'Fall', 2002);
insert into teaches values('72213', '442', '1', 'Spring', 2009);
insert into teaches values('52845', '578', '1', 'Spring', 2009);
insert into teaches values('66649', '992', '1', 'Fall', 2010);
insert into teaches values('39620', '832', '4', 'Spring', 2009);
insert into teaches values('35766', '662', '3', 'Fall', 2008);
insert into teaches values('29324', '558', '1', 'Spring', 2003);
insert into teaches values('77802', '281', '2', 'Spring', 2006);
insert into teaches values('52845', '880', '1', 'Spring', 2008);
insert into teaches values('72213', '794', '1', 'Spring', 2007);
insert into teaches values('95505', '870', '1', 'Spring', 2004);
insert into teaches values('6333', '355', '1', 'Spring', 2001);
insert into teaches values('66', '404', '1', 'Fall', 2005);
insert into teaches values('81285', '928', '1', 'Fall', 2009);
insert into teaches values('41661', '269', '1', 'Fall', 2006);
insert into teaches values('44049', '475', '1', 'Spring', 2001);
insert into teaches values('95505', '367', '1', 'Fall', 2008);
insert into teaches values('77802', '195', '1', 'Spring', 2005);
insert into teaches values('44049', '133', '1', 'Fall', 2007);
insert into teaches values('95505', '739', '4', 'Fall', 2003);
insert into teaches values('6333', '596', '1', 'Spring', 2001);
insert into teaches values('98379', '103', '1', 'Fall', 2005);
insert into teaches values('77243', '414', '1', 'Fall', 2009);
insert into teaches values('95505', '929', '1', 'Spring', 2009);
insert into teaches values('6333', '197', '2', 'Spring', 2004);
insert into teaches values('77802', '438', '1', 'Fall', 2003);
insert into teaches values('72213', '394', '2', 'Fall', 2001);
insert into teaches values('52845', '245', '1', 'Fall', 2005);
insert into teaches values('95505', '434', '1', 'Spring', 2007);
insert into teaches values('77243', '386', '1', 'Fall', 2001);
insert into teaches values('72213', '849', '2', 'Spring', 2010);
insert into teaches values('72213', '810', '1', 'Fall', 2009);
insert into teaches values('92574', '779', '3', 'Fall', 2009);
insert into teaches values('77243', '832', '3', 'Fall', 2005);
insert into teaches values('81285', '572', '2', 'Fall', 2001);
insert into teaches values('95505', '499', '1', 'Spring', 2010);
insert into teaches values('98379', '400', '1', 'Spring', 2002);
insert into teaches values('72213', '804', '2', 'Spring', 2003);
insert into teaches values('66', '265', '2', 'Fall', 2001);
insert into teaches values('98379', '231', '1', 'Spring', 2003);
insert into teaches values('77802', '869', '1', 'Spring', 2006);
insert into teaches values('72213', '892', '1', 'Spring', 2010);
insert into teaches values('41661', '792', '2', 'Spring', 2005);
insert into teaches values('66', '633', '1', 'Spring', 2003);
insert into teaches values('92574', '522', '1', 'Fall', 2007);
insert into teaches values('98379', '433', '1', 'Fall', 2009);
insert into teaches values('98379', '249', '2', 'Fall', 2008);
insert into teaches values('29324', '923', '2', 'Fall', 2005);
insert into teaches values('92574', '327', '1', 'Spring', 2004);
insert into teaches values('72213', '347', '1', 'Spring', 2006);
insert into teaches values('41661', '892', '2', 'Fall', 2003);
insert into teaches values('77802', '413', '1', 'Fall', 2002);
insert into teaches values('6333', '733', '1', 'Fall', 2004);
insert into teaches values('13909', '592', '1', 'Fall', 2006);
insert into teaches values('39620', '832', '2', 'Spring', 2001);
insert into teaches values('72213', '503', '1', 'Spring', 2005);
insert into teaches values('29324', '526', '1', 'Fall', 2010);
insert into teaches values('77243', '782', '1', 'Fall', 2007);
insert into teaches values('6333', '623', '2', 'Fall', 2006);
insert into teaches values('66', '360', '1', 'Fall', 2009);
insert into teaches values('92574', '785', '3', 'Spring', 2003);
insert into teaches values('6333', '992', '2', 'Fall', 2010);
insert into teaches values('29324', '509', '1', 'Spring', 2009);
insert into teaches values('66', '592', '2', 'Fall', 2003);
insert into teaches values('52845', '291', '1', 'Fall', 2004);
insert into teaches values('29324', '923', '1', 'Fall', 2010);
insert into teaches values('35766', '740', '2', 'Spring', 2006);
insert into teaches values('29324', '878', '1', 'Fall', 2004);
insert into teaches values('53533', '466', '1', 'Fall', 2002);
insert into teaches values('29324', '106', '1', 'Fall', 2005);
insert into teaches values('44049', '352', '1', 'Fall', 2003);
insert into student values('47747', 'delfi', 'sipil', 27);
insert into student values('3096', 'arta', 'geofisika', 76);
insert into student values('88315', 'rendi', 'IF', 27);
insert into student values('73860', 'pia', 'mtk', 65);
insert into student values('83418', 'naufal', 'dkv', 24);
insert into student values('92198', 'arta', 'geofisika', 24);
insert into student values('20674', 'rendi', 'automasi', 75);
insert into student values('8625', 'naufal', 'industri', 25);
insert into student values('4104', 'arta', 'dkv', 2);
insert into student values('96330', 'ocha', 'sipil', 85);
insert into student values('47057', 'rendi', 'industri', 78);
insert into student values('53352', 'delfi', 'industri', 94);
insert into student values('55702', 'fasya', 'mtk', 100);
insert into student values('85524', 'rendi', 'sipil', 79);
insert into student values('24096', 'yuda', 'geomatika', 58);
insert into student values('88874', 'naufal', 'mtk', 112);
insert into student values('71659', 'delfi', 'kimia', 111);
insert into student values('1718', 'pia', 'dkv', 7);
insert into student values('50823', 'fasya', 'automasi', 47);
insert into student values('24439', 'eca', 'dkv', 19);
insert into student values('69458', 'fasya', 'kimia', 31);
insert into student values('67295', 'fasya', 'geofisika', 60);
insert into student values('87390', 'naufal', 'geomatika', 78);
insert into student values('51569', 'kaisar', 'farmasi', 35);
insert into student values('95313', 'eca', 'IF', 79);
insert into student values('80801', 'yuda', 'geofisika', 41);
insert into student values('14943', 'yuda', 'geofisika', 121);
insert into student values('45047', 'ocha', 'mtk', 39);
insert into student values('98994', 'yuda', 'kimia', 23);
insert into student values('59179', 'yuda', 'dkv', 127);
insert into student values('19394', 'delfi', 'sipil', 89);
insert into student values('73162', 'eca', 'automasi', 60);
insert into student values('20477', 'eca', 'farmasi', 106);
insert into student values('62479', 'arta', 'sipil', 26);
insert into student values('1823', 'fasya', 'sipil', 114);
insert into student values('39530', 'fasya', 'mtk', 61);
insert into student values('90138', 'yuda', 'dkv', 128);
insert into student values('75164', 'kaisar', 'IF', 79);
insert into student values('70896', 'eca', 'geomatika', 53);
insert into student values('11385', 'naufal', 'automasi', 26);
insert into student values('26419', 'yuda', 'sipil', 72);
insert into student values('65188', 'rendi', 'dkv', 0);
insert into student values('12779', 'yuda', 'dkv', 128);
insert into student values('98485', 'yuda', 'geofisika', 24);
insert into student values('63151', 'kaisar', 'geomatika', 34);
insert into student values('55030', 'delfi', 'industri', 35);
insert into student values('17546', 'fasya', 'farmasi', 48);
insert into student values('46657', 'fasya', 'sipil', 82);
insert into student values('54327', 'fasya', 'kimia', 109);
insert into student values('56995', 'eca', 'automasi', 38);
insert into student values('64773', 'kaisar', 'industri', 46);
insert into student values('82748', 'rendi', 'dkv', 69);
insert into student values('50452', 'pia', 'geomatika', 95);
insert into student values('4764', 'rendi', 'IF', 18);
insert into student values('27510', 'naufal', 'geofisika', 13);
insert into student values('18727', 'naufal', 'mtk', 15);
insert into student values('73806', 'fasya', 'mtk', 127);
insert into student values('48274', 'fasya', 'mtk', 47);
insert into student values('84435', 'kaisar', 'farmasi', 20);
insert into student values('9891', 'eca', 'geomatika', 4);
insert into student values('60046', 'naufal', 'dkv', 91);
insert into student values('38580', 'yuda', 'automasi', 51);
insert into student values('6615', 'yuda', 'dkv', 10);
insert into student values('82127', 'naufal', 'dkv', 80);
insert into student values('42203', 'delfi', 'kimia', 52);
insert into student values('34867', 'ocha', 'geofisika', 0);
insert into student values('5209', 'delfi', 'kimia', 65);
insert into student values('48685', 'naufal', 'sipil', 46);
insert into student values('86335', 'ocha', 'IF', 120);
insert into student values('62463', 'rendi', 'IF', 83);
insert into student values('44593', 'ocha', 'sipil', 16);
insert into student values('40509', 'delfi', 'automasi', 49);
insert into student values('53314', 'ocha', 'kimia', 69);
insert into student values('6539', 'pia', 'dkv', 6);
insert into student values('49081', 'arta', 'sipil', 119);
insert into student values('77823', 'pia', 'kimia', 64);
insert into student values('62989', 'arta', 'IF', 129);
insert into student values('93924', 'arta', 'dkv', 36);
insert into student values('53289', 'naufal', 'kimia', 74);
insert into student values('48853', 'pia', 'farmasi', 29);
insert into student values('48104', 'fasya', 'sipil', 12);
insert into student values('95229', 'arta', 'mtk', 36);
insert into student values('91321', 'rendi', 'sipil', 120);
insert into student values('83421', 'delfi', 'geofisika', 106);
insert into student values('48731', 'yuda', 'mtk', 38);
insert into student values('86790', 'naufal', 'IF', 63);
insert into student values('42434', 'pia', 'geofisika', 117);
insert into student values('76314', 'ocha', 'farmasi', 11);
insert into student values('76432', 'eca', 'automasi', 51);
insert into student values('31983', 'eca', 'sipil', 17);
insert into student values('80860', 'naufal', 'kimia', 34);
insert into student values('8203', 'rendi', 'mtk', 87);
insert into student values('87886', 'yuda', 'geofisika', 33);
insert into student values('10440', 'eca', 'geofisika', 33);
insert into student values('54688', 'yuda', 'geomatika', 19);
insert into student values('75313', 'arta', 'geomatika', 16);
insert into student values('91870', 'rendi', 'geomatika', 26);
insert into student values('47459', 'eca', 'IF', 77);
insert into student values('7206', 'kaisar', 'sipil', 24);
insert into student values('4876', 'rendi', 'industri', 92);
insert into takes values('56995', '327', '1', 'Spring', 2004, 'C+');
insert into takes values('8203', '281', '2', 'Spring', 2006, 'B ');
insert into takes values('83421', '133', '1', 'Fall', 2007, 'A+');
insert into takes values('17546', '849', '3', 'Spring', 2007, 'B-');
insert into takes values('42434', '739', '2', 'Fall', 2007, 'A-');
insert into takes values('14943', '623', '4', 'Spring', 2010, 'C+');
insert into takes values('91870', '249', '1', 'Fall', 2005, 'C ');
insert into takes values('27510', '526', '1', 'Fall', 2010, 'A+');
insert into takes values('69458', '869', '1', 'Spring', 2006, 'C ');
insert into takes values('82127', '104', '1', 'Spring', 2010, 'C ');
insert into takes values('91870', '109', '2', 'Fall', 2003, 'C ');
insert into takes values('93924', '291', '1', 'Fall', 2004, 'B+');
insert into takes values('59179', '522', '1', 'Fall', 2007, 'C+');
insert into takes values('87886', '281', '1', 'Spring', 2008, 'B+');
insert into takes values('1718', '860', '1', 'Spring', 2003, 'C+');
insert into takes values('75313', '932', '1', 'Spring', 2009, 'C+');
insert into takes values('18727', '138', '1', 'Fall', 2009, 'C ');
insert into takes values('60046', '442', '1', 'Spring', 2009, 'A+');
insert into takes values('14943', '928', '1', 'Fall', 2009, 'C ');
insert into takes values('95229', '400', '1', 'Spring', 2002, 'C-');
insert into takes values('27510', '922', '1', 'Fall', 2001, 'C-');
insert into takes values('63151', '929', '1', 'Spring', 2009, 'A-');
insert into takes values('55030', '832', '3', 'Fall', 2005, 'C-');
insert into takes values('73806', '777', '1', 'Fall', 2008, 'C-');
insert into takes values('77823', '785', '4', 'Spring', 2005, 'A-');
insert into takes values('1718', '563', '1', 'Spring', 2007, 'C-');
insert into takes values('95229', '860', '1', 'Spring', 2003, 'B+');
insert into takes values('8625', '779', '3', 'Fall', 2009, 'B+');
insert into takes values('62463', '777', '2', 'Spring', 2007, 'A+');
insert into takes values('82127', '803', '2', 'Spring', 2006, 'A+');
insert into takes values('53314', '289', '2', 'Spring', 2004, 'A+');
insert into takes values('60046', '291', '1', 'Fall', 2004, 'C-');
insert into takes values('73860', '739', '2', 'Fall', 2007, 'C+');
insert into takes values('40509', '466', '2', 'Fall', 2005, 'C-');
insert into takes values('70896', '466', '1', 'Fall', 2002, 'C-');
insert into takes values('48685', '785', '2', 'Fall', 2004, 'B+');
insert into takes values('77823', '892', '1', 'Spring', 2010, 'B ');
insert into takes values('96330', '849', '1', 'Spring', 2009, 'A+');
insert into takes values('40509', '832', '1', 'Spring', 2003, 'A+');
insert into takes values('1718', '470', '1', 'Spring', 2007, 'B+');
insert into takes values('73860', '245', '1', 'Fall', 2005, 'B ');
insert into takes values('27510', '244', '1', 'Fall', 2001, 'B ');
insert into takes values('95313', '265', '1', 'Fall', 2006, 'A+');
insert into takes values('65188', '779', '1', 'Fall', 2005, 'A-');
insert into takes values('9891', '885', '2', 'Fall', 2005, 'B ');
insert into takes values('27510', '740', '2', 'Spring', 2006, 'C-');
insert into takes values('10440', '572', '1', 'Spring', 2002, 'A+');
insert into takes values('62463', '799', '1', 'Fall', 2006, 'C+');
insert into takes values('82748', '878', '1', 'Fall', 2004, 'A ');
insert into takes values('42434', '779', '2', 'Fall', 2002, 'B ');
insert into takes values('51569', '961', '1', 'Fall', 2009, 'B-');
insert into takes values('67295', '623', '2', 'Fall', 2006, 'B-');
insert into takes values('47459', '885', '1', 'Fall', 2004, 'C ');
insert into takes values('42434', '922', '1', 'Fall', 2001, 'A-');
insert into takes values('42434', '195', '1', 'Spring', 2005, 'B-');
insert into takes values('10440', '316', '1', 'Fall', 2002, 'B ');
insert into takes values('4104', '409', '2', 'Spring', 2001, 'B ');
insert into takes values('24439', '621', '1', 'Fall', 2009, 'A-');
insert into takes values('47747', '105', '1', 'Spring', 2007, 'B+');
insert into takes values('5209', '231', '1', 'Spring', 2003, 'C+');
insert into takes values('55030', '785', '2', 'Fall', 2004, 'B-');
insert into takes values('63151', '546', '1', 'Fall', 2001, 'C-');
insert into takes values('76314', '989', '1', 'Spring', 2005, 'B-');
insert into takes values('62463', '347', '2', 'Fall', 2008, 'B+');
insert into takes values('34867', '596', '1', 'Spring', 2001, 'C ');
insert into takes values('73806', '992', '2', 'Fall', 2010, 'C+');
insert into takes values('3096', '961', '1', 'Fall', 2009, 'A+');
insert into takes values('56995', '827', '1', 'Spring', 2010, 'B+');
insert into takes values('60046', '125', '1', 'Spring', 2004, 'A-');
insert into takes values('88315', '878', '1', 'Fall', 2004, 'A-');
insert into takes values('11385', '794', '1', 'Spring', 2007, 'C-');
insert into takes values('91870', '285', '1', 'Fall', 2007, 'B+');
insert into takes values('88315', '234', '2', 'Spring', 2004, 'C-');
insert into takes values('64773', '724', '1', 'Spring', 2001, 'C+');
insert into takes values('48104', '231', '2', 'Fall', 2002, 'B-');
insert into takes values('6615', '733', '1', 'Fall', 2004, 'A ');
insert into takes values('47459', '892', '1', 'Spring', 2010, 'B ');
insert into takes values('54688', '803', '1', 'Fall', 2004, 'A ');
insert into takes values('20674', '733', '3', 'Fall', 2009, 'A-');
insert into takes values('47747', '932', '1', 'Spring', 2009, 'C ');
insert into takes values('69458', '572', '1', 'Spring', 2002, 'C+');
insert into takes values('4764', '915', '1', 'Spring', 2006, 'C ');
insert into takes values('59179', '849', '1', 'Spring', 2009, 'A+');
insert into takes values('96330', '316', '1', 'Fall', 2002, 'B ');
insert into takes values('86335', '367', '1', 'Fall', 2008, 'A ');
insert into takes values('6539', '103', '1', 'Fall', 2005, 'C-');
insert into takes values('95313', '394', '1', 'Fall', 2008, 'A-');
insert into takes values('45047', '244', '2', 'Fall', 2010, 'C-');
insert into takes values('50823', '413', '1', 'Fall', 2002, 'C+');
insert into takes values('75164', '621', '1', 'Fall', 2009, 'C ');
insert into takes values('88315', '334', '1', 'Fall', 2006, 'C+');
insert into takes values('34867', '132', '1', 'Spring', 2001, 'B+');
insert into takes values('44593', '915', '1', 'Spring', 2006, 'B+');
insert into takes values('6615', '849', '4', 'Fall', 2002, 'A ');
insert into takes values('24096', '334', '2', 'Spring', 2007, 'C-');
insert into takes values('24096', '366', '1', 'Spring', 2008, 'C-');
insert into takes values('71659', '779', '3', 'Fall', 2009, 'B-');
insert into takes values('4764', '779', '3', 'Fall', 2009, 'B ');
insert into takes values('4764', '291', '1', 'Fall', 2004, 'A-');
insert into takes values('69458', '623', '1', 'Spring', 2005, 'C-');
insert into takes values('65188', '953', '1', 'Spring', 2007, 'C ');
insert into takes values('64773', '827', '1', 'Spring', 2010, 'C+');
insert into takes values('88874', '779', '1', 'Fall', 2005, 'C ');
insert into takes values('55702', '433', '1', 'Fall', 2009, 'B-');
insert into takes values('50823', '144', '1', 'Spring', 2005, 'A+');
insert into takes values('42434', '616', '1', 'Spring', 2001, 'A ');
insert into takes values('75164', '334', '1', 'Fall', 2006, 'C ');
insert into takes values('48731', '499', '1', 'Spring', 2010, 'A+');
insert into takes values('98485', '633', '2', 'Fall', 2009, 'B+');
insert into takes values('87390', '752', '1', 'Fall', 2001, 'A ');
insert into takes values('82127', '951', '1', 'Fall', 2003, 'C+');
insert into takes values('11385', '367', '1', 'Fall', 2008, 'A ');
insert into takes values('96330', '438', '2', 'Spring', 2010, 'C+');
insert into takes values('26419', '422', '1', 'Fall', 2009, 'C ');
insert into takes values('64773', '572', '2', 'Fall', 2001, 'C ');
insert into takes values('42434', '503', '1', 'Spring', 2005, 'C-');
insert into takes values('69458', '245', '1', 'Fall', 2005, 'A ');
insert into takes values('55702', '885', '2', 'Fall', 2005, 'B+');
insert into takes values('8203', '563', '1', 'Spring', 2007, 'A+');
insert into takes values('67295', '138', '1', 'Fall', 2009, 'B ');
insert into takes values('50452', '616', '1', 'Spring', 2001, 'A-');
insert into takes values('75313', '466', '2', 'Fall', 2005, 'B+');
insert into takes values('93924', '794', '1', 'Spring', 2007, 'B ');
insert into takes values('59179', '733', '2', 'Spring', 2005, 'B-');
insert into takes values('17546', '402', '1', 'Fall', 2002, 'C ');
insert into takes values('50452', '989', '1', 'Spring', 2005, 'C ');
insert into takes values('91321', '249', '2', 'Fall', 2008, 'A-');
insert into takes values('51569', '269', '1', 'Fall', 2006, 'A+');
insert into takes values('9891', '739', '2', 'Fall', 2007, 'B-');
insert into takes values('24439', '878', '1', 'Fall', 2004, 'B+');
insert into takes values('67295', '231', '2', 'Fall', 2002, 'A ');
insert into takes values('8203', '740', '1', 'Spring', 2006, 'A-');
insert into takes values('98485', '847', '1', 'Spring', 2008, 'B ');
insert into takes values('76432', '782', '1', 'Fall', 2007, 'A ');
insert into takes values('20477', '616', '1', 'Spring', 2001, 'A ');
insert into takes values('85524', '644', '1', 'Fall', 2007, 'C-');
insert into takes values('39530', '134', '1', 'Spring', 2004, 'C+');
insert into takes values('88874', '739', '3', 'Fall', 2006, 'A+');
insert into takes values('12779', '245', '1', 'Fall', 2005, 'A ');
insert into takes values('44593', '657', '1', 'Fall', 2003, 'C+');
insert into takes values('44593', '782', '1', 'Fall', 2007, 'C+');
insert into takes values('14943', '572', '1', 'Spring', 2002, 'B+');
insert into takes values('95229', '617', '1', 'Fall', 2010, 'C ');
insert into takes values('87390', '847', '1', 'Spring', 2008, 'B-');
insert into takes values('77823', '409', '2', 'Spring', 2001, 'B+');
insert into takes values('48104', '245', '1', 'Fall', 2005, 'C-');
insert into takes values('10440', '794', '1', 'Spring', 2007, 'B+');
insert into takes values('46657', '810', '2', 'Spring', 2010, 'A+');
insert into takes values('42203', '522', '2', 'Fall', 2002, 'C-');
insert into takes values('48853', '227', '1', 'Spring', 2009, 'B+');
insert into takes values('42434', '674', '1', 'Spring', 2008, 'B ');
insert into takes values('90138', '892', '2', 'Fall', 2003, 'A+');
insert into takes values('48853', '860', '1', 'Spring', 2003, 'A ');
insert into takes values('19394', '404', '1', 'Fall', 2005, 'C-');
insert into takes values('65188', '517', '1', 'Fall', 2008, 'C+');
insert into takes values('53289', '803', '1', 'Fall', 2004, 'C ');
insert into takes values('48104', '438', '1', 'Fall', 2003, 'C-');
insert into takes values('45047', '368', '1', 'Fall', 2006, 'A ');
insert into takes values('49081', '992', '1', 'Fall', 2010, 'B+');
insert into takes values('47747', '367', '2', 'Spring', 2009, 'B ');
insert into takes values('87886', '132', '1', 'Spring', 2001, 'A ');
insert into takes values('75313', '779', '3', 'Fall', 2009, 'B+');
insert into takes values('84435', '281', '1', 'Spring', 2008, 'A ');
insert into takes values('6615', '400', '1', 'Spring', 2002, 'B+');
insert into takes values('65188', '785', '1', 'Fall', 2005, 'C+');
insert into takes values('83421', '987', '1', 'Spring', 2002, 'C+');
insert into takes values('59179', '739', '2', 'Fall', 2007, 'B+');
insert into takes values('87886', '438', '1', 'Fall', 2003, 'B ');
insert into takes values('98994', '735', '1', 'Spring', 2010, 'A+');
insert into takes values('76432', '134', '1', 'Spring', 2004, 'C ');
insert into takes values('83418', '922', '1', 'Fall', 2001, 'A-');
insert into takes values('1823', '847', '1', 'Spring', 2008, 'C-');
insert into takes values('53352', '992', '1', 'Fall', 2010, 'A-');
insert into takes values('47747', '929', '1', 'Spring', 2009, 'B+');
insert into takes values('18727', '752', '1', 'Fall', 2001, 'B-');
insert into takes values('65188', '231', '2', 'Fall', 2002, 'C+');
insert into takes values('62463', '352', '2', 'Spring', 2005, 'A+');
insert into takes values('1718', '367', '1', 'Fall', 2008, 'C-');
insert into takes values('26419', '368', '1', 'Fall', 2006, 'A+');
insert into takes values('92198', '880', '2', 'Spring', 2010, 'B-');
insert into takes values('77823', '347', '2', 'Fall', 2008, 'C+');
insert into takes values('73860', '109', '1', 'Spring', 2003, 'A+');
insert into takes values('39530', '747', '1', 'Fall', 2003, 'B+');
insert into takes values('10440', '739', '3', 'Fall', 2006, 'B ');
insert into takes values('77823', '779', '2', 'Fall', 2002, 'B ');
insert into takes values('91870', '870', '1', 'Spring', 2004, 'C-');
insert into takes values('63151', '244', '3', 'Spring', 2004, 'C ');
insert into takes values('14943', '197', '2', 'Spring', 2004, 'B-');
insert into takes values('73806', '578', '1', 'Spring', 2009, 'A-');
insert into takes values('86790', '402', '1', 'Fall', 2002, 'A-');
insert into takes values('1823', '197', '3', 'Spring', 2010, 'A+');
insert into takes values('88315', '739', '3', 'Fall', 2006, 'C-');
insert into takes values('50823', '572', '1', 'Spring', 2002, 'A+');
insert into takes values('84435', '475', '1', 'Spring', 2001, 'B-');
insert into takes values('82127', '724', '1', 'Spring', 2001, 'A-');
insert into takes values('9891', '475', '1', 'Spring', 2001, 'A ');
insert into takes values('62989', '785', '4', 'Spring', 2005, 'A-');
insert into takes values('82127', '989', '1', 'Spring', 2005, 'A+');
insert into takes values('7206', '438', '2', 'Spring', 2010, 'B+');
insert into takes values('60046', '509', '1', 'Spring', 2009, 'A-');
insert into advisor values('47747', '24084');
insert into advisor values('3096', '44049');
insert into advisor values('88315', '66649');
insert into advisor values('73860', '39620');
insert into advisor values('83418', '81285');
insert into advisor values('92198', '31971');
insert into advisor values('20674', '79926');
insert into advisor values('8625', '44049');
insert into advisor values('4104', '71978');
insert into advisor values('96330', '29324');
insert into advisor values('47057', '77243');
insert into advisor values('53352', '79926');
insert into advisor values('55702', '15241');
insert into advisor values('85524', '85082');
insert into advisor values('24096', '41661');
insert into advisor values('88874', '10302');
insert into advisor values('71659', '54984');
insert into advisor values('1718', '81285');
insert into advisor values('50823', '11026');
insert into advisor values('24439', '31971');
insert into advisor values('69458', '95505');
insert into advisor values('67295', '71978');
insert into advisor values('87390', '81136');
insert into advisor values('51569', '52845');
insert into advisor values('95313', '53231');
insert into advisor values('80801', '95505');
insert into advisor values('14943', '15241');
insert into advisor values('45047', '9440');
insert into advisor values('98994', '43127');
insert into advisor values('59179', '29559');
insert into advisor values('19394', '19402');
insert into advisor values('73162', '48905');
insert into advisor values('20477', '54984');
insert into advisor values('62479', '41661');
insert into advisor values('1823', '52845');
insert into advisor values('39530', '98379');
insert into advisor values('90138', '72213');
insert into advisor values('75164', '95505');
insert into advisor values('70896', '92170');
insert into advisor values('11385', '31971');
insert into advisor values('26419', '19402');
insert into advisor values('65188', '81285');
insert into advisor values('12779', '71956');
insert into advisor values('98485', '9440');
insert into advisor values('63151', '85082');
insert into advisor values('55030', '29324');
insert into advisor values('17546', '53231');
insert into advisor values('46657', '48905');
insert into advisor values('54327', '94130');
insert into advisor values('56995', '79926');
insert into advisor values('64773', '83889');
insert into advisor values('82748', '53231');
insert into advisor values('50452', '9440');
insert into advisor values('4764', '9440');
insert into advisor values('27510', '73058');
insert into advisor values('18727', '94130');
insert into advisor values('73806', '81136');
insert into advisor values('48274', '79926');
insert into advisor values('84435', '53533');
insert into advisor values('9891', '95505');
insert into advisor values('60046', '25443');
insert into advisor values('38580', '70304');
insert into advisor values('6615', '6333');
insert into advisor values('82127', '53301');
insert into advisor values('42203', '31971');
insert into advisor values('34867', '81285');
insert into advisor values('5209', '53231');
insert into advisor values('48685', '10012');
insert into advisor values('86335', '10012');
insert into advisor values('62463', '86803');
insert into advisor values('44593', '66');
insert into advisor values('40509', '72213');
insert into advisor values('53314', '98379');
insert into advisor values('6539', '19402');
insert into advisor values('49081', '53301');
insert into advisor values('77823', '19402');
insert into advisor values('62989', '80388');
insert into advisor values('93924', '35766');
insert into advisor values('53289', '10012');
insert into advisor values('48853', '29324');
insert into advisor values('48104', '80998');
insert into advisor values('95229', '85082');
insert into advisor values('91321', '9440');
insert into advisor values('83421', '80388');
insert into advisor values('48731', '53533');
insert into advisor values('86790', '81136');
insert into advisor values('42434', '70304');
insert into advisor values('76314', '80388');
insert into advisor values('76432', '41661');
insert into advisor values('31983', '35766');
insert into advisor values('80860', '66649');
insert into advisor values('8203', '92170');
insert into advisor values('87886', '13909');
insert into advisor values('10440', '66649');
insert into advisor values('54688', '83889');
insert into advisor values('75313', '9440');
insert into advisor values('91870', '95505');
insert into advisor values('47459', '11026');
insert into advisor values('7206', '98961');
insert into advisor values('4876', '95505');
insert into prereq values('552', '557');
insert into prereq values('844', '309');
insert into prereq values('637', '254');
insert into prereq values('377', '827');
insert into prereq values('849', '394');
insert into prereq values('810', '109');
insert into prereq values('588', '740');
insert into prereq values('812', '659');
insert into prereq values('809', '552');
insert into prereq values('174', '395');
insert into prereq values('331', '849');
insert into prereq values('951', '140');
insert into prereq values('655', '544');
insert into prereq values('360', '992');
insert into prereq values('546', '309');
insert into prereq values('674', '564');
insert into prereq values('655', '253');
insert into prereq values('564', '809');
insert into prereq values('586', '702');
insert into prereq values('333', '593');
insert into prereq values('174', '503');
insert into prereq values('553', '394');
insert into prereq values('931', '617');
insert into prereq values('809', '777');
insert into prereq values('383', '735');
insert into prereq values('890', '916');
insert into prereq values('799', '522');
insert into prereq values('355', '281');
insert into prereq values('553', '623');
insert into prereq values('564', '915');
insert into prereq values('544', '254');
insert into prereq values('470', '674');
insert into prereq values('499', '827');
insert into prereq values('669', '553');
insert into prereq values('779', '132');
insert into prereq values('546', '616');
insert into prereq values('951', '197');
insert into prereq values('733', '665');
insert into prereq values('596', '409');
insert into prereq values('231', '957');
insert into prereq values('360', '292');
insert into prereq values('690', '195');
insert into prereq values('227', '794');
insert into prereq values('931', '769');
insert into prereq values('659', '414');
insert into prereq values('807', '939');
insert into prereq values('386', '720');
insert into prereq values('292', '206');
insert into prereq values('402', '961');
insert into prereq values('231', '915');
insert into prereq values('316', '612');
insert into prereq values('351', '333');
insert into prereq values('253', '267');
insert into prereq values('827', '617');
insert into prereq values('327', '456');
insert into prereq values('499', '422');
insert into prereq values('388', '915');
insert into prereq values('105', '483');
insert into prereq values('433', '794');
insert into prereq values('827', '419');
insert into prereq values('621', '665');
insert into prereq values('880', '371');
insert into prereq values('414', '804');
insert into prereq values('227', '331');
insert into prereq values('644', '377');
insert into prereq values('546', '360');
insert into prereq values('422', '351');
insert into prereq values('465', '289');
insert into prereq values('637', '812');
insert into prereq values('637', '347');
insert into prereq values('340', '832');
insert into prereq values('662', '503');
insert into prereq values('368', '659');
insert into prereq values('720', '386');
insert into prereq values('175', '445');
insert into prereq values('807', '371');
insert into prereq values('419', '351');
insert into prereq values('596', '633');
insert into prereq values('442', '616');
insert into prereq values('870', '810');
insert into prereq values('102', '572');
insert into prereq values('961', '146');
insert into prereq values('881', '383');
insert into prereq values('546', '572');
insert into prereq values('747', '673');
insert into prereq values('546', '593');
insert into prereq values('830', '466');
insert into prereq values('231', '503');
insert into prereq values('659', '413');
insert into prereq values('125', '134');
insert into prereq values('442', '196');
insert into prereq values('922', '777');
insert into prereq values('702', '509');
insert into prereq values('316', '503');
insert into prereq values('779', '475');
insert into prereq values('106', '827');
insert into prereq values('785', '849');
insert into prereq values('572', '623');
insert into prereq values('509', '553');
insert into prereq values('552', '388');
