insert into classroom values('j', 981, 96);
insert into classroom values('a', 208, 79);
insert into classroom values('c', 511, 15);
insert into classroom values('h', 621, 31);
insert into classroom values('g', 209, 15);
insert into classroom values('j', 583, 14);
insert into classroom values('j', 620, 130);
insert into classroom values('i', 587, 72);
insert into classroom values('a', 977, 84);
insert into classroom values('c', 425, 182);
insert into department values('aktuaria', 'f', 527348.65);
insert into department values('industri', 'h', 400661.54);
insert into department values('Sains Data', 'e', 431746.05);
insert into department values('geomatika', 'j', 847115.62);
insert into department values('rekayasa minyak dan gas', 'j', 626962.63);
insert into department values('Teknik lingkungan', 'b', 828424.58);
insert into department values('sipil', 'c', 782015.50);
insert into department values('informatika', 'i', 220791.77);
insert into department values('mesin', 'j', 785421.84);
insert into department values('elektro', 'a', 49774.24);
insert into course values('118', 'teknologi manejemen Data', 'aktuaria', 3);
insert into course values('803', 'teknologi manejemen Data', 'sipil', 3);
insert into course values('388', 'rekayasa gas', 'industri', 4);
insert into course values('908', 'geodasi spasial', 'Sains Data', 4);
insert into course values('167', 'geodasi spasial', 'aktuaria', 3);
insert into course values('584', 'pengelolaan sampah', 'Teknik lingkungan', 4);
insert into course values('443', 'pengelolaan sampah', 'informatika', 4);
insert into course values('186', 'rekayasa gas', 'mesin', 3);
insert into course values('963', 'visualisasi Data', 'mesin', 4);
insert into course values('355', 'visualisasi Data', 'Teknik lingkungan', 3);
insert into course values('587', 'rekayasa gas', 'sipil', 3);
insert into course values('797', 'manufaktur', 'mesin', 3);
insert into course values('649', 'pengelolaan sampah', 'elektro', 4);
insert into course values('461', 'teknologi manejemen Data', 'aktuaria', 3);
insert into course values('195', 'manufaktur', 'rekayasa minyak dan gas', 4);
insert into course values('858', 'manufaktur', 'geomatika', 4);
insert into course values('619', 'algoritma strategi', 'Sains Data', 4);
insert into course values('748', 'pengelolaan sampah', 'industri', 3);
insert into course values('504', 'teknologi manejemen Data', 'elektro', 4);
insert into course values('652', 'pengelolaan sampah', 'informatika', 4);
insert into course values('421', 'teknologi manejemen Data', 'Sains Data', 3);
insert into course values('243', 'pengelolaan sampah', 'sipil', 3);
insert into course values('970', 'visualisasi Data', 'mesin', 3);
insert into course values('609', 'rekayasa gas', 'rekayasa minyak dan gas', 3);
insert into course values('548', 'analisis deret waktu', 'elektro', 3);
insert into course values('657', 'algoritma strategi', 'Teknik lingkungan', 3);
insert into course values('131', 'visualisasi Data', 'industri', 4);
insert into course values('204', 'manufaktur', 'aktuaria', 4);
insert into course values('755', 'pengelolaan sampah', 'mesin', 3);
insert into course values('510', 'geodasi spasial', 'mesin', 4);
insert into course values('296', 'algoritma strategi', 'geomatika', 4);
insert into course values('583', 'analisis deret waktu', 'sipil', 3);
insert into course values('856', 'algoritma strategi', 'geomatika', 3);
insert into course values('681', 'manufaktur', 'industri', 3);
insert into course values('538', 'pengelolaan sampah', 'elektro', 3);
insert into course values('792', 'geodasi spasial', 'industri', 3);
insert into course values('817', 'manufaktur', 'rekayasa minyak dan gas', 4);
insert into course values('308', 'rekayasa gas', 'geomatika', 4);
insert into course values('811', 'teknologi manejemen Data', 'industri', 3);
insert into course values('157', 'rekayasa gas', 'aktuaria', 4);
insert into course values('781', 'rekayasa gas', 'geomatika', 3);
insert into course values('170', 'analisis deret waktu', 'Teknik lingkungan', 4);
insert into course values('104', 'rekayasa gas', 'elektro', 4);
insert into course values('523', 'basis konduksi', 'informatika', 4);
insert into course values('306', 'rekayasa gas', 'elektro', 4);
insert into course values('873', 'teknologi manejemen Data', 'geomatika', 4);
insert into course values('832', 'pengelolaan sampah', 'sipil', 3);
insert into course values('833', 'basis konduksi', 'informatika', 3);
insert into course values('522', 'visualisasi Data', 'mesin', 4);
insert into course values('968', 'pengelolaan sampah', 'industri', 3);
insert into course values('120', 'teknologi manejemen Data', 'sipil', 3);
insert into course values('616', 'visualisasi Data', 'Sains Data', 4);
insert into course values('603', 'pengelolaan sampah', 'Teknik lingkungan', 3);
insert into course values('260', 'algoritma strategi', 'informatika', 3);
insert into course values('155', 'manufaktur', 'sipil', 3);
insert into course values('229', 'geodasi spasial', 'aktuaria', 4);
insert into course values('673', 'teknologi manejemen Data', 'sipil', 3);
insert into course values('496', 'manufaktur', 'rekayasa minyak dan gas', 4);
insert into course values('489', 'geodasi spasial', 'Sains Data', 3);
insert into course values('752', 'algoritma strategi', 'rekayasa minyak dan gas', 4);
insert into course values('288', 'rekayasa gas', 'Teknik lingkungan', 4);
insert into course values('160', 'visualisasi Data', 'rekayasa minyak dan gas', 3);
insert into course values('972', 'manufaktur', 'Sains Data', 4);
insert into course values('153', 'geodasi spasial', 'industri', 3);
insert into course values('556', 'basis konduksi', 'sipil', 4);
insert into course values('948', 'teknologi manejemen Data', 'Teknik lingkungan', 4);
insert into course values('991', 'geodasi spasial', 'informatika', 4);
insert into course values('362', 'manufaktur', 'industri', 4);
insert into course values('740', 'basis konduksi', 'aktuaria', 3);
insert into course values('276', 'basis konduksi', 'mesin', 4);
insert into course values('844', 'visualisasi Data', 'industri', 3);
insert into course values('301', 'analisis deret waktu', 'geomatika', 3);
insert into course values('952', 'pengelolaan sampah', 'mesin', 3);
insert into course values('813', 'rekayasa gas', 'Teknik lingkungan', 3);
insert into course values('857', 'pengelolaan sampah', 'Sains Data', 4);
insert into course values('501', 'geodasi spasial', 'informatika', 4);
insert into course values('257', 'pengelolaan sampah', 'mesin', 3);
insert into course values('304', 'manufaktur', 'industri', 3);
insert into course values('221', 'geodasi spasial', 'Teknik lingkungan', 3);
insert into course values('981', 'pengelolaan sampah', 'aktuaria', 3);
insert into course values('854', 'analisis deret waktu', 'sipil', 4);
insert into course values('298', 'manufaktur', 'elektro', 4);
insert into course values('917', 'basis konduksi', 'Sains Data', 4);
insert into course values('973', 'visualisasi Data', 'rekayasa minyak dan gas', 3);
insert into course values('134', 'teknologi manejemen Data', 'industri', 4);
insert into course values('989', 'algoritma strategi', 'Teknik lingkungan', 3);
insert into course values('624', 'teknik air', 'elektro', 3);
insert into course values('794', 'manufaktur', 'rekayasa minyak dan gas', 4);
insert into course values('404', 'visualisasi Data', 'industri', 4);
insert into course values('962', 'geodasi spasial', 'rekayasa minyak dan gas', 3);
insert into course values('475', 'analisis deret waktu', 'industri', 4);
insert into course values('240', 'analisis deret waktu', 'industri', 4);
insert into course values('843', 'algoritma strategi', 'elektro', 3);
insert into course values('396', 'algoritma strategi', 'informatika', 3);
insert into course values('810', 'visualisasi Data', 'mesin', 3);
insert into course values('180', 'basis konduksi', 'mesin', 3);
insert into course values('252', 'visualisasi Data', 'informatika', 3);
insert into course values('447', 'basis konduksi', 'informatika', 3);
insert into course values('593', 'teknologi manejemen Data', 'Teknik lingkungan', 3);
insert into course values('247', 'rekayasa gas', 'rekayasa minyak dan gas', 4);
insert into course values('881', 'rekayasa gas', 'rekayasa minyak dan gas', 3);
insert into course values('158', 'manufaktur', 'aktuaria', 3);
insert into course values('193', 'teknik air', 'sipil', 4);
insert into course values('270', 'basis konduksi', 'industri', 4);
insert into course values('437', 'pengelolaan sampah', 'elektro', 4);
insert into course values('132', 'rekayasa gas', 'elektro', 4);
insert into course values('439', 'pengelolaan sampah', 'informatika', 3);
insert into course values('924', 'rekayasa gas', 'elektro', 3);
insert into course values('379', 'algoritma strategi', 'Sains Data', 4);
insert into course values('449', 'geodasi spasial', 'informatika', 3);
insert into course values('258', 'manufaktur', 'mesin', 4);
insert into course values('146', 'algoritma strategi', 'rekayasa minyak dan gas', 3);
insert into course values('540', 'geodasi spasial', 'sipil', 3);
insert into course values('739', 'manufaktur', 'sipil', 4);
insert into course values('456', 'algoritma strategi', 'informatika', 3);
insert into course values('210', 'teknik air', 'Sains Data', 3);
insert into course values('364', 'geodasi spasial', 'Teknik lingkungan', 4);
insert into course values('516', 'rekayasa gas', 'informatika', 4);
insert into course values('197', 'teknik air', 'sipil', 3);
insert into course values('415', 'analisis deret waktu', 'Sains Data', 3);
insert into course values('460', 'rekayasa gas', 'elektro', 4);
insert into course values('417', 'manufaktur', 'geomatika', 3);
insert into course values('767', 'rekayasa gas', 'geomatika', 3);
insert into course values('458', 'algoritma strategi', 'industri', 3);
insert into course values('408', 'rekayasa gas', 'informatika', 4);
insert into course values('982', 'analisis deret waktu', 'informatika', 4);
insert into course values('636', 'manufaktur', 'elektro', 4);
insert into course values('564', 'basis konduksi', 'Teknik lingkungan', 4);
insert into course values('608', 'visualisasi Data', 'informatika', 4);
insert into course values('268', 'teknik air', 'rekayasa minyak dan gas', 3);
insert into course values('387', 'rekayasa gas', 'Sains Data', 3);
insert into course values('459', 'geodasi spasial', 'Sains Data', 4);
insert into course values('346', 'visualisasi Data', 'rekayasa minyak dan gas', 3);
insert into course values('232', 'rekayasa gas', 'industri', 3);
insert into course values('885', 'visualisasi Data', 'informatika', 3);
insert into course values('360', 'manufaktur', 'Sains Data', 4);
insert into course values('953', 'manufaktur', 'elektro', 4);
insert into course values('359', 'manufaktur', 'Sains Data', 3);
insert into course values('928', 'algoritma strategi', 'rekayasa minyak dan gas', 3);
insert into course values('704', 'pengelolaan sampah', 'geomatika', 3);
insert into course values('368', 'analisis deret waktu', 'elektro', 3);
insert into course values('955', 'basis konduksi', 'industri', 4);
insert into course values('684', 'teknologi manejemen Data', 'industri', 4);
insert into course values('509', 'manufaktur', 'informatika', 3);
insert into course values('283', 'manufaktur', 'Sains Data', 4);
insert into course values('572', 'basis konduksi', 'informatika', 4);
insert into course values('780', 'geodasi spasial', 'Teknik lingkungan', 4);
insert into course values('264', 'manufaktur', 'elektro', 4);
insert into course values('956', 'teknologi manejemen Data', 'geomatika', 3);
insert into course values('959', 'visualisasi Data', 'rekayasa minyak dan gas', 3);
insert into course values('236', 'algoritma strategi', 'informatika', 4);
insert into course values('303', 'teknologi manejemen Data', 'industri', 3);
insert into course values('985', 'analisis deret waktu', 'informatika', 3);
insert into course values('680', 'algoritma strategi', 'aktuaria', 3);
insert into course values('334', 'pengelolaan sampah', 'geomatika', 4);
insert into course values('147', 'algoritma strategi', 'aktuaria', 3);
insert into course values('274', 'visualisasi Data', 'Sains Data', 3);
insert into course values('867', 'teknik air', 'sipil', 4);
insert into course values('422', 'analisis deret waktu', 'informatika', 4);
insert into course values('825', 'algoritma strategi', 'informatika', 4);
insert into course values('381', 'pengelolaan sampah', 'informatika', 3);
insert into course values('508', 'manufaktur', 'Sains Data', 3);
insert into course values('315', 'teknik air', 'informatika', 3);
insert into course values('341', 'pengelolaan sampah', 'geomatika', 4);
insert into course values('174', 'geodasi spasial', 'informatika', 4);
insert into course values('961', 'algoritma strategi', 'Sains Data', 4);
insert into course values('227', 'geodasi spasial', 'Sains Data', 3);
insert into course values('136', 'manufaktur', 'mesin', 4);
insert into course values('625', 'pengelolaan sampah', 'mesin', 4);
insert into course values('566', 'pengelolaan sampah', 'industri', 3);
insert into course values('710', 'algoritma strategi', 'informatika', 3);
insert into course values('272', 'pengelolaan sampah', 'elektro', 4);
insert into course values('588', 'rekayasa gas', 'Sains Data', 3);
insert into course values('380', 'teknologi manejemen Data', 'informatika', 3);
insert into course values('738', 'manufaktur', 'geomatika', 4);
insert into course values('521', 'algoritma strategi', 'aktuaria', 3);
insert into course values('758', 'geodasi spasial', 'Teknik lingkungan', 4);
insert into course values('224', 'algoritma strategi', 'Teknik lingkungan', 4);
insert into course values('214', 'teknik air', 'informatika', 3);
insert into course values('442', 'teknologi manejemen Data', 'rekayasa minyak dan gas', 4);
insert into course values('348', 'teknologi manejemen Data', 'informatika', 3);
insert into course values('211', 'basis konduksi', 'informatika', 3);
insert into course values('644', 'teknologi manejemen Data', 'sipil', 3);
insert into course values('325', 'teknik air', 'mesin', 3);
insert into course values('648', 'basis konduksi', 'elektro', 4);
insert into course values('891', 'geodasi spasial', 'industri', 3);
insert into course values('389', 'teknik air', 'aktuaria', 4);
insert into course values('423', 'analisis deret waktu', 'industri', 3);
insert into course values('467', 'teknik air', 'Teknik lingkungan', 4);
insert into course values('988', 'manufaktur', 'aktuaria', 4);
insert into course values('307', 'visualisasi Data', 'aktuaria', 3);
insert into course values('142', 'geodasi spasial', 'informatika', 3);
insert into course values('909', 'rekayasa gas', 'informatika', 3);
insert into course values('795', 'teknik air', 'industri', 3);
insert into course values('372', 'pengelolaan sampah', 'rekayasa minyak dan gas', 3);
insert into course values('309', 'geodasi spasial', 'elektro', 4);
insert into course values('907', 'teknik air', 'Teknik lingkungan', 4);
insert into course values('434', 'algoritma strategi', 'sipil', 3);
insert into course values('984', 'teknologi manejemen Data', 'informatika', 3);
insert into course values('336', 'rekayasa gas', 'Teknik lingkungan', 3);
insert into instructor values('83451', 'delfi', 'geomatika', 109390.68);
insert into instructor values('11190', 'ocha', 'mesin', 58303.65);
insert into instructor values('22763', 'rendi', 'aktuaria', 70149.64);
insert into instructor values('72784', 'ocha', 'aktuaria', 92643.21);
insert into instructor values('2375', 'johanes', 'informatika', 61328.35);
insert into instructor values('44937', 'arta', 'Teknik lingkungan', 63860.21);
insert into instructor values('76981', 'eca', 'aktuaria', 47168.33);
insert into instructor values('31477', 'ocha', 'mesin', 67062.31);
insert into instructor values('89353', 'delfi', 'geomatika', 109281.33);
insert into instructor values('81810', 'rendi', 'elektro', 109039.20);
insert into instructor values('94557', 'ocha', 'industri', 46468.19);
insert into instructor values('35657', 'yuda', 'sipil', 95770.76);
insert into instructor values('62391', 'erik', 'informatika', 93166.47);
insert into instructor values('39310', 'erik', 'mesin', 63748.54);
insert into instructor values('26056', 'yuda', 'Teknik lingkungan', 100084.64);
insert into instructor values('48605', 'yuda', 'Sains Data', 119811.06);
insert into instructor values('38922', 'kaisar', 'Teknik lingkungan', 88646.87);
insert into instructor values('20253', 'eca', 'aktuaria', 86322.03);
insert into instructor values('3391', 'delfi', 'Teknik lingkungan', 112064.16);
insert into instructor values('92606', 'johanes', 'Sains Data', 83774.64);
insert into instructor values('2294', 'fasya', 'geomatika', 30163.56);
insert into instructor values('70076', 'johanes', 'informatika', 121284.04);
insert into instructor values('871', 'delfi', 'rekayasa minyak dan gas', 32548.93);
insert into instructor values('57211', 'arta', 'aktuaria', 106933.82);
insert into instructor values('37139', 'johanes', 'rekayasa minyak dan gas', 125233.09);
insert into instructor values('3114', 'johanes', 'Teknik lingkungan', 34571.47);
insert into instructor values('28679', 'delfi', 'sipil', 29572.45);
insert into instructor values('67810', 'arta', 'sipil', 51401.45);
insert into instructor values('74487', 'erik', 'rekayasa minyak dan gas', 29151.63);
insert into instructor values('42150', 'delfi', 'geomatika', 61603.63);
insert into instructor values('58693', 'johanes', 'informatika', 40207.24);
insert into instructor values('3427', 'ocha', 'Teknik lingkungan', 75208.64);
insert into instructor values('49657', 'erik', 'Teknik lingkungan', 74246.11);
insert into instructor values('60687', 'eca', 'Teknik lingkungan', 68590.57);
insert into instructor values('22695', 'erik', 'sipil', 107704.73);
insert into instructor values('1514', 'erik', 'sipil', 83191.43);
insert into instructor values('68206', 'rendi', 'elektro', 72813.20);
insert into instructor values('34209', 'fasya', 'geomatika', 52470.66);
insert into instructor values('50517', 'fasya', 'sipil', 36268.32);
insert into instructor values('72936', 'rendi', 'aktuaria', 113576.87);
insert into instructor values('92078', 'yuda', 'rekayasa minyak dan gas', 37886.63);
insert into instructor values('44285', 'yuda', 'sipil', 29867.89);
insert into instructor values('42549', 'fasya', 'Teknik lingkungan', 120100.16);
insert into instructor values('92266', 'erik', 'elektro', 123159.20);
insert into instructor values('33999', 'delfi', 'sipil', 90973.43);
insert into instructor values('85473', 'johanes', 'mesin', 90459.57);
insert into instructor values('16813', 'johanes', 'elektro', 128362.12);
insert into instructor values('15839', 'yuda', 'elektro', 58956.77);
insert into instructor values('46792', 'delfi', 'Sains Data', 50899.93);
insert into instructor values('60715', 'yuda', 'sipil', 115145.07);
insert into section values('408', '1', 'Spring', 2009, 'a', '977', 'J');
insert into section values('907', '1', 'Spring', 2004, 'i', '587', 'D');
insert into section values('461', '1', 'Spring', 2004, 'a', '977', 'E');
insert into section values('948', '1', 'Fall', 2008, 'g', '209', 'D');
insert into section values('843', '1', 'Fall', 2008, 'c', '511', 'F');
insert into section values('566', '1', 'Spring', 2008, 'j', '583', 'D');
insert into section values('982', '1', 'Spring', 2003, 'j', '620', 'K');
insert into section values('963', '1', 'Spring', 2005, 'j', '981', 'F');
insert into section values('548', '1', 'Fall', 2004, 'a', '208', 'A');
insert into section values('988', '1', 'Fall', 2004, 'i', '587', 'O');
insert into section values('456', '1', 'Fall', 2007, 'a', '977', 'G');
insert into section values('657', '1', 'Spring', 2008, 'c', '511', 'D');
insert into section values('538', '1', 'Spring', 2009, 'j', '981', 'B');
insert into section values('240', '1', 'Spring', 2002, 'a', '977', 'M');
insert into section values('257', '1', 'Fall', 2002, 'c', '425', 'P');
insert into section values('673', '1', 'Fall', 2005, 'g', '209', 'O');
insert into section values('540', '1', 'Spring', 2003, 'i', '587', 'P');
insert into section values('348', '1', 'Fall', 2004, 'j', '620', 'N');
insert into section values('193', '1', 'Fall', 2010, 'g', '209', 'A');
insert into section values('523', '1', 'Spring', 2007, 'j', '620', 'M');
insert into section values('211', '1', 'Spring', 2001, 'j', '981', 'M');
insert into section values('521', '1', 'Fall', 2007, 'i', '587', 'N');
insert into section values('415', '1', 'Spring', 2009, 'a', '208', 'J');
insert into section values('952', '1', 'Fall', 2005, 'g', '209', 'H');
insert into section values('968', '1', 'Fall', 2009, 'a', '208', 'K');
insert into section values('680', '1', 'Spring', 2009, 'c', '511', 'D');
insert into section values('408', '2', 'Fall', 2004, 'h', '621', 'I');
insert into section values('224', '1', 'Spring', 2009, 'j', '981', 'B');
insert into section values('948', '2', 'Fall', 2010, 'i', '587', 'C');
insert into section values('360', '1', 'Fall', 2010, 'i', '587', 'A');
insert into section values('825', '1', 'Fall', 2009, 'j', '981', 'H');
insert into section values('873', '1', 'Spring', 2005, 'a', '977', 'A');
insert into section values('421', '1', 'Spring', 2008, 'j', '583', 'E');
insert into section values('521', '2', 'Fall', 2005, 'a', '208', 'A');
insert into section values('619', '1', 'Spring', 2008, 'j', '583', 'B');
insert into section values('891', '1', 'Fall', 2001, 'h', '621', 'N');
insert into section values('467', '1', 'Spring', 2004, 'c', '425', 'B');
insert into section values('195', '1', 'Spring', 2001, 'a', '208', 'K');
insert into section values('260', '1', 'Fall', 2009, 'i', '587', 'O');
insert into section values('134', '1', 'Spring', 2003, 'a', '977', 'A');
insert into section values('211', '2', 'Fall', 2006, 'j', '620', 'O');
insert into section values('247', '1', 'Spring', 2004, 'a', '977', 'E');
insert into section values('657', '2', 'Fall', 2007, 'a', '977', 'H');
insert into section values('648', '1', 'Spring', 2009, 'i', '587', 'L');
insert into section values('755', '1', 'Spring', 2003, 'c', '511', 'F');
insert into section values('496', '1', 'Spring', 2010, 'j', '583', 'C');
insert into section values('583', '1', 'Spring', 2002, 'j', '583', 'F');
insert into section values('449', '1', 'Fall', 2004, 'j', '620', 'D');
insert into section values('195', '2', 'Fall', 2002, 'i', '587', 'J');
insert into section values('587', '1', 'Fall', 2008, 'a', '977', 'C');
insert into section values('891', '2', 'Fall', 2010, 'a', '208', 'M');
insert into section values('496', '2', 'Fall', 2005, 'j', '981', 'E');
insert into section values('908', '1', 'Spring', 2004, 'j', '583', 'I');
insert into section values('833', '1', 'Spring', 2009, 'j', '620', 'G');
insert into section values('803', '1', 'Fall', 2004, 'a', '208', 'G');
insert into section values('204', '1', 'Fall', 2005, 'c', '511', 'A');
insert into section values('283', '1', 'Spring', 2005, 'g', '209', 'H');
insert into section values('873', '2', 'Fall', 2002, 'c', '511', 'K');
insert into section values('475', '1', 'Fall', 2010, 'h', '621', 'L');
insert into section values('989', '1', 'Fall', 2004, 'c', '425', 'L');
insert into section values('155', '1', 'Fall', 2009, 'j', '620', 'L');
insert into section values('504', '1', 'Fall', 2005, 'a', '208', 'O');
insert into section values('649', '1', 'Fall', 2009, 'j', '981', 'F');
insert into section values('283', '2', 'Spring', 2001, 'g', '209', 'E');
insert into section values('767', '1', 'Fall', 2010, 'j', '981', 'C');
insert into section values('832', '1', 'Fall', 2003, 'j', '981', 'H');
insert into section values('120', '1', 'Fall', 2007, 'c', '511', 'I');
insert into section values('387', '1', 'Spring', 2008, 'j', '583', 'B');
insert into section values('803', '2', 'Fall', 2001, 'a', '208', 'J');
insert into section values('160', '1', 'Fall', 2008, 'j', '981', 'C');
insert into section values('439', '1', 'Fall', 2008, 'c', '425', 'F');
insert into section values('752', '1', 'Spring', 2002, 'c', '425', 'G');
insert into section values('833', '2', 'Fall', 2003, 'j', '620', 'E');
insert into section values('962', '1', 'Fall', 2010, 'g', '209', 'I');
insert into section values('540', '2', 'Fall', 2010, 'j', '620', 'H');
insert into section values('885', '1', 'Spring', 2009, 'g', '209', 'O');
insert into section values('588', '1', 'Spring', 2003, 'c', '425', 'L');
insert into section values('624', '1', 'Fall', 2005, 'j', '620', 'N');
insert into section values('136', '1', 'Spring', 2007, 'g', '209', 'E');
insert into section values('274', '1', 'Fall', 2004, 'a', '208', 'L');
insert into section values('881', '1', 'Fall', 2010, 'a', '208', 'P');
insert into section values('873', '3', 'Spring', 2001, 'a', '977', 'H');
insert into section values('988', '2', 'Fall', 2004, 'a', '208', 'G');
insert into section values('704', '1', 'Fall', 2007, 'j', '981', 'E');
insert into section values('268', '1', 'Fall', 2010, 'i', '587', 'A');
insert into section values('240', '2', 'Spring', 2009, 'c', '425', 'J');
insert into section values('680', '2', 'Spring', 2009, 'j', '620', 'P');
insert into section values('616', '1', 'Fall', 2002, 'j', '583', 'F');
insert into section values('307', '1', 'Spring', 2010, 'j', '583', 'P');
insert into section values('309', '1', 'Fall', 2003, 'c', '511', 'M');
insert into section values('603', '1', 'Fall', 2009, 'g', '209', 'L');
insert into section values('456', '2', 'Spring', 2005, 'j', '583', 'J');
insert into section values('309', '2', 'Spring', 2008, 'j', '583', 'G');
insert into section values('972', '1', 'Fall', 2009, 'g', '209', 'P');
insert into section values('813', '1', 'Fall', 2005, 'c', '425', 'O');
insert into section values('624', '2', 'Fall', 2010, 'j', '620', 'A');
insert into section values('283', '3', 'Fall', 2003, 'j', '583', 'C');
insert into section values('459', '1', 'Spring', 2010, 'j', '981', 'I');
insert into section values('120', '2', 'Fall', 2008, 'i', '587', 'F');
insert into section values('268', '2', 'Spring', 2008, 'h', '621', 'D');
insert into section values('625', '1', 'Fall', 2001, 'j', '620', 'L');
insert into section values('917', '1', 'Fall', 2007, 'c', '511', 'H');
insert into section values('360', '2', 'Spring', 2005, 'c', '511', 'K');
insert into section values('475', '2', 'Spring', 2003, 'g', '209', 'M');
insert into section values('459', '2', 'Spring', 2001, 'j', '583', 'J');
insert into section values('288', '1', 'Spring', 2002, 'c', '511', 'G');
insert into section values('396', '1', 'Fall', 2006, 'c', '511', 'B');
insert into section values('521', '3', 'Spring', 2002, 'j', '583', 'D');
insert into section values('325', '1', 'Fall', 2007, 'g', '209', 'L');
insert into section values('510', '1', 'Spring', 2002, 'a', '208', 'O');
insert into section values('572', '1', 'Spring', 2003, 'h', '621', 'J');
insert into section values('142', '1', 'Spring', 2003, 'j', '620', 'G');
insert into section values('467', '2', 'Spring', 2003, 'h', '621', 'K');
insert into section values('475', '3', 'Spring', 2007, 'a', '208', 'J');
insert into section values('619', '2', 'Fall', 2009, 'h', '621', 'O');
insert into section values('346', '1', 'Spring', 2001, 'c', '511', 'C');
insert into section values('214', '1', 'Spring', 2010, 'h', '621', 'E');
insert into section values('193', '2', 'Fall', 2003, 'j', '620', 'H');
insert into section values('434', '1', 'Fall', 2002, 'a', '208', 'J');
insert into section values('307', '2', 'Spring', 2009, 'j', '620', 'C');
insert into section values('359', '1', 'Fall', 2007, 'a', '208', 'M');
insert into section values('794', '1', 'Spring', 2002, 'j', '583', 'F');
insert into section values('396', '2', 'Spring', 2005, 'g', '209', 'G');
insert into section values('616', '2', 'Fall', 2004, 'a', '977', 'C');
insert into section values('232', '1', 'Spring', 2007, 'i', '587', 'F');
insert into section values('624', '3', 'Fall', 2003, 'a', '208', 'E');
insert into section values('359', '2', 'Spring', 2009, 'g', '209', 'N');
insert into section values('257', '2', 'Fall', 2008, 'h', '621', 'I');
insert into section values('204', '2', 'Spring', 2010, 'h', '621', 'A');
insert into section values('274', '2', 'Fall', 2005, 'g', '209', 'K');
insert into section values('680', '3', 'Spring', 2003, 'h', '621', 'F');
insert into section values('387', '2', 'Spring', 2003, 'j', '583', 'H');
insert into section values('817', '1', 'Fall', 2007, 'h', '621', 'E');
insert into section values('739', '1', 'Fall', 2001, 'j', '583', 'F');
insert into section values('388', '1', 'Spring', 2007, 'i', '587', 'J');
insert into section values('972', '2', 'Spring', 2009, 'c', '425', 'I');
insert into section values('304', '1', 'Spring', 2002, 'j', '981', 'F');
insert into section values('336', '1', 'Fall', 2009, 'c', '425', 'D');
insert into section values('792', '1', 'Fall', 2010, 'j', '620', 'K');
insert into section values('443', '1', 'Fall', 2003, 'j', '981', 'L');
insert into section values('952', '2', 'Fall', 2006, 'i', '587', 'E');
insert into section values('881', '2', 'Fall', 2008, 'a', '208', 'F');
insert into section values('572', '2', 'Spring', 2001, 'c', '425', 'B');
insert into section values('588', '2', 'Fall', 2002, 'j', '583', 'E');
insert into section values('309', '3', 'Fall', 2001, 'a', '977', 'F');
insert into section values('134', '2', 'Spring', 2003, 'j', '620', 'B');
insert into section values('160', '2', 'Spring', 2009, 'i', '587', 'H');
insert into section values('962', '2', 'Spring', 2010, 'c', '511', 'H');
insert into section values('924', '1', 'Spring', 2009, 'a', '977', 'F');
insert into section values('989', '2', 'Fall', 2005, 'j', '981', 'C');
insert into section values('833', '3', 'Spring', 2001, 'c', '425', 'P');
insert into section values('794', '2', 'Fall', 2010, 'h', '621', 'F');
insert into section values('908', '2', 'Spring', 2002, 'a', '977', 'E');
insert into section values('422', '1', 'Fall', 2002, 'a', '208', 'K');
insert into section values('891', '3', 'Spring', 2007, 'i', '587', 'B');
insert into section values('308', '1', 'Spring', 2002, 'a', '977', 'B');
insert into section values('858', '1', 'Fall', 2007, 'a', '208', 'H');
insert into section values('758', '1', 'Fall', 2003, 'j', '620', 'N');
insert into section values('387', '3', 'Spring', 2002, 'g', '209', 'N');
insert into section values('907', '2', 'Fall', 2004, 'j', '981', 'P');
insert into section values('360', '3', 'Fall', 2003, 'a', '977', 'C');
insert into section values('989', '3', 'Fall', 2010, 'i', '587', 'N');
insert into section values('817', '2', 'Fall', 2009, 'c', '425', 'L');
insert into section values('548', '2', 'Fall', 2001, 'j', '583', 'N');
insert into section values('372', '1', 'Fall', 2004, 'j', '583', 'C');
insert into section values('644', '1', 'Fall', 2002, 'j', '620', 'L');
insert into section values('740', '1', 'Spring', 2004, 'a', '977', 'L');
insert into section values('680', '4', 'Fall', 2007, 'i', '587', 'I');
insert into section values('680', '5', 'Spring', 2006, 'a', '977', 'I');
insert into section values('984', '1', 'Spring', 2007, 'g', '209', 'E');
insert into section values('684', '1', 'Spring', 2010, 'g', '209', 'O');
insert into section values('157', '1', 'Spring', 2008, 'i', '587', 'N');
insert into section values('817', '3', 'Spring', 2006, 'a', '977', 'M');
insert into section values('211', '3', 'Spring', 2006, 'c', '511', 'H');
insert into section values('309', '4', 'Fall', 2001, 'g', '209', 'E');
insert into section values('211', '4', 'Spring', 2004, 'j', '583', 'B');
insert into section values('516', '1', 'Fall', 2010, 'j', '620', 'J');
insert into section values('283', '4', 'Spring', 2004, 'c', '425', 'D');
insert into section values('963', '2', 'Fall', 2007, 'c', '511', 'D');
insert into section values('959', '1', 'Spring', 2006, 'g', '209', 'N');
insert into section values('197', '1', 'Spring', 2001, 'c', '511', 'A');
insert into section values('408', '3', 'Fall', 2003, 'a', '208', 'B');
insert into section values('247', '2', 'Spring', 2001, 'a', '208', 'P');
insert into section values('120', '3', 'Fall', 2006, 'j', '981', 'P');
insert into section values('489', '1', 'Spring', 2008, 'c', '511', 'K');
insert into section values('456', '3', 'Fall', 2003, 'c', '425', 'J');
insert into section values('755', '2', 'Spring', 2002, 'i', '587', 'O');
insert into section values('147', '1', 'Spring', 2007, 'g', '209', 'G');
insert into section values('211', '5', 'Spring', 2003, 'i', '587', 'K');
insert into section values('236', '1', 'Spring', 2002, 'j', '583', 'C');
insert into section values('961', '1', 'Spring', 2003, 'a', '977', 'J');
insert into section values('257', '3', 'Spring', 2001, 'j', '620', 'H');
insert into section values('673', '2', 'Spring', 2006, 'j', '620', 'H');
insert into section values('460', '1', 'Spring', 2007, 'a', '208', 'B');
insert into section values('460', '2', 'Fall', 2010, 'a', '208', 'K');
insert into section values('301', '1', 'Spring', 2008, 'i', '587', 'F');
insert into section values('989', '4', 'Fall', 2005, 'c', '425', 'P');
insert into section values('274', '3', 'Spring', 2002, 'i', '587', 'H');
insert into section values('817', '4', 'Fall', 2006, 'j', '620', 'O');
insert into section values('417', '1', 'Spring', 2007, 'a', '208', 'D');
insert into teaches values('94557', '792', '1', 'Fall', 2010);
insert into teaches values('94557', '134', '1', 'Spring', 2003);
insert into teaches values('94557', '968', '1', 'Fall', 2009);
insert into teaches values('42549', '467', '1', 'Spring', 2004);
insert into teaches values('46792', '283', '4', 'Spring', 2004);
insert into teaches values('92606', '616', '1', 'Fall', 2002);
insert into teaches values('92078', '195', '2', 'Fall', 2002);
insert into teaches values('92078', '817', '1', 'Fall', 2007);
insert into teaches values('46792', '489', '1', 'Spring', 2008);
insert into teaches values('46792', '616', '2', 'Fall', 2004);
insert into teaches values('42549', '907', '2', 'Fall', 2004);
insert into teaches values('85473', '257', '1', 'Fall', 2002);
insert into teaches values('15839', '648', '1', 'Spring', 2009);
insert into teaches values('33999', '583', '1', 'Spring', 2002);
insert into teaches values('60715', '120', '1', 'Fall', 2007);
insert into teaches values('92078', '817', '3', 'Spring', 2006);
insert into teaches values('42549', '813', '1', 'Fall', 2005);
insert into teaches values('34209', '417', '1', 'Spring', 2007);
insert into teaches values('46792', '619', '1', 'Spring', 2008);
insert into teaches values('42549', '657', '2', 'Fall', 2007);
insert into teaches values('46792', '387', '3', 'Spring', 2002);
insert into teaches values('42549', '989', '3', 'Fall', 2010);
insert into teaches values('92078', '962', '2', 'Spring', 2010);
insert into teaches values('94557', '240', '2', 'Spring', 2009);
insert into teaches values('2375', '408', '1', 'Spring', 2009);
insert into teaches values('42549', '603', '1', 'Fall', 2009);
insert into teaches values('44285', '540', '1', 'Spring', 2003);
insert into teaches values('92078', '496', '1', 'Spring', 2010);
insert into teaches values('34209', '858', '1', 'Fall', 2007);
insert into teaches values('58693', '443', '1', 'Fall', 2003);
insert into teaches values('58693', '396', '2', 'Spring', 2005);
insert into teaches values('46792', '283', '3', 'Fall', 2003);
insert into teaches values('44285', '587', '1', 'Fall', 2008);
insert into teaches values('60715', '644', '1', 'Fall', 2002);
insert into teaches values('15839', '843', '1', 'Fall', 2008);
insert into teaches values('72936', '680', '4', 'Fall', 2007);
insert into teaches values('58693', '825', '1', 'Fall', 2009);
insert into teaches values('46792', '917', '1', 'Fall', 2007);
insert into teaches values('94557', '475', '2', 'Spring', 2003);
insert into teaches values('46792', '274', '3', 'Spring', 2002);
insert into teaches values('60715', '832', '1', 'Fall', 2003);
insert into teaches values('58693', '236', '1', 'Spring', 2002);
insert into teaches values('15839', '548', '2', 'Fall', 2001);
insert into teaches values('58693', '211', '4', 'Spring', 2004);
insert into teaches values('48605', '387', '1', 'Spring', 2008);
insert into teaches values('60715', '193', '1', 'Fall', 2010);
insert into teaches values('72936', '740', '1', 'Spring', 2004);
insert into teaches values('34209', '873', '1', 'Spring', 2005);
insert into teaches values('72936', '680', '3', 'Spring', 2003);
insert into teaches values('94557', '891', '2', 'Fall', 2010);
insert into teaches values('92078', '268', '1', 'Fall', 2010);
insert into teaches values('46792', '421', '1', 'Spring', 2008);
insert into teaches values('46792', '459', '2', 'Spring', 2001);
insert into teaches values('42549', '989', '1', 'Fall', 2004);
insert into teaches values('92266', '309', '3', 'Fall', 2001);
insert into teaches values('58693', '523', '1', 'Spring', 2007);
insert into teaches values('42549', '336', '1', 'Fall', 2009);
insert into teaches values('46792', '459', '1', 'Spring', 2010);
insert into teaches values('58693', '422', '1', 'Fall', 2002);
insert into teaches values('46792', '283', '2', 'Spring', 2001);
insert into teaches values('60715', '434', '1', 'Fall', 2002);
insert into teaches values('39310', '325', '1', 'Fall', 2007);
insert into teaches values('94557', '475', '1', 'Fall', 2010);
insert into teaches values('62391', '833', '2', 'Fall', 2003);
insert into teaches values('74487', '962', '1', 'Fall', 2010);
insert into teaches values('72936', '988', '1', 'Fall', 2004);
insert into teaches values('34209', '704', '1', 'Fall', 2007);
insert into teaches values('11190', '510', '1', 'Spring', 2002);
insert into teaches values('58693', '408', '3', 'Fall', 2003);
insert into teaches values('92606', '274', '1', 'Fall', 2004);
insert into teaches values('58693', '260', '1', 'Fall', 2009);
insert into teaches values('68206', '309', '1', 'Fall', 2003);
insert into teaches values('58693', '211', '2', 'Fall', 2006);
insert into teaches values('60687', '989', '4', 'Fall', 2005);
insert into teaches values('85473', '257', '3', 'Spring', 2001);
insert into teaches values('46792', '415', '1', 'Spring', 2009);
insert into teaches values('42549', '989', '2', 'Fall', 2005);
insert into teaches values('85473', '952', '1', 'Fall', 2005);
insert into teaches values('58693', '456', '3', 'Fall', 2003);
insert into teaches values('60715', '155', '1', 'Fall', 2009);
insert into teaches values('15839', '460', '1', 'Spring', 2007);
insert into teaches values('58693', '833', '3', 'Spring', 2001);
insert into teaches values('46792', '360', '1', 'Fall', 2010);
insert into teaches values('15839', '624', '3', 'Fall', 2003);
insert into teaches values('58693', '572', '1', 'Spring', 2003);
insert into teaches values('92078', '195', '1', 'Spring', 2001);
insert into teaches values('72936', '521', '2', 'Fall', 2005);
insert into teaches values('57211', '680', '1', 'Spring', 2009);
insert into teaches values('42549', '948', '1', 'Fall', 2008);
insert into teaches values('46792', '908', '1', 'Spring', 2004);
insert into teaches values('46792', '908', '2', 'Spring', 2002);
insert into teaches values('85473', '963', '1', 'Spring', 2005);
insert into teaches values('60715', '197', '1', 'Spring', 2001);
insert into teaches values('58693', '456', '1', 'Fall', 2007);
insert into teaches values('34209', '308', '1', 'Spring', 2002);
insert into teaches values('39310', '625', '1', 'Fall', 2001);
insert into teaches values('85473', '257', '2', 'Fall', 2008);
insert into teaches values('42549', '467', '2', 'Spring', 2003);
insert into teaches values('72936', '307', '1', 'Spring', 2010);
insert into teaches values('92078', '959', '1', 'Spring', 2006);
insert into student values('28637', 'yuda', 'rekayasa minyak dan gas', 120);
insert into student values('18251', 'eca', 'Sains Data', 114);
insert into student values('16586', 'erik', 'Teknik lingkungan', 117);
insert into student values('58150', 'ocha', 'Sains Data', 92);
insert into student values('53802', 'erik', 'elektro', 18);
insert into student values('24383', 'arta', 'mesin', 92);
insert into student values('45132', 'kaisar', 'elektro', 46);
insert into student values('33436', 'delfi', 'aktuaria', 5);
insert into student values('36797', 'delfi', 'sipil', 12);
insert into student values('86308', 'eca', 'mesin', 92);
insert into student values('75725', 'delfi', 'aktuaria', 122);
insert into student values('89056', 'fasya', 'Sains Data', 8);
insert into student values('86448', 'johanes', 'Sains Data', 110);
insert into student values('53726', 'yuda', 'informatika', 86);
insert into student values('75770', 'johanes', 'sipil', 112);
insert into student values('44169', 'johanes', 'geomatika', 16);
insert into student values('69538', 'eca', 'elektro', 51);
insert into student values('82802', 'delfi', 'aktuaria', 89);
insert into student values('37375', 'fasya', 'elektro', 73);
insert into student values('80714', 'arta', 'aktuaria', 115);
insert into student values('70893', 'ocha', 'Teknik lingkungan', 29);
insert into student values('33828', 'johanes', 'mesin', 27);
insert into student values('77513', 'eca', 'Sains Data', 101);
insert into student values('64567', 'yuda', 'aktuaria', 39);
insert into student values('30672', 'eca', 'industri', 37);
insert into student values('30170', 'rendi', 'elektro', 24);
insert into student values('43812', 'yuda', 'Sains Data', 95);
insert into student values('56646', 'eca', 'industri', 85);
insert into student values('93830', 'arta', 'industri', 9);
insert into student values('39095', 'ocha', 'elektro', 90);
insert into student values('62492', 'fasya', 'geomatika', 23);
insert into student values('35179', 'fasya', 'Teknik lingkungan', 48);
insert into student values('70796', 'johanes', 'rekayasa minyak dan gas', 58);
insert into student values('38080', 'johanes', 'Teknik lingkungan', 82);
insert into student values('80511', 'kaisar', 'rekayasa minyak dan gas', 116);
insert into student values('17498', 'eca', 'rekayasa minyak dan gas', 112);
insert into student values('69823', 'johanes', 'Teknik lingkungan', 22);
insert into student values('43226', 'arta', 'rekayasa minyak dan gas', 9);
insert into student values('62008', 'eca', 'sipil', 101);
insert into student values('56967', 'ocha', 'informatika', 60);
insert into student values('25498', 'arta', 'sipil', 22);
insert into student values('94505', 'fasya', 'rekayasa minyak dan gas', 39);
insert into student values('20372', 'erik', 'informatika', 128);
insert into student values('79816', 'delfi', 'Sains Data', 75);
insert into student values('76666', 'eca', 'geomatika', 28);
insert into student values('99953', 'johanes', 'elektro', 115);
insert into student values('31232', 'fasya', 'elektro', 26);
insert into student values('97553', 'delfi', 'industri', 43);
insert into student values('21693', 'yuda', 'aktuaria', 50);
insert into student values('22519', 'kaisar', 'elektro', 8);
insert into student values('6120', 'fasya', 'geomatika', 74);
insert into student values('34261', 'delfi', 'geomatika', 43);
insert into student values('35454', 'johanes', 'geomatika', 70);
insert into student values('67968', 'johanes', 'Sains Data', 48);
insert into student values('10169', 'rendi', 'Teknik lingkungan', 74);
insert into student values('7915', 'kaisar', 'informatika', 65);
insert into student values('46746', 'fasya', 'informatika', 88);
insert into student values('21391', 'ocha', 'geomatika', 50);
insert into student values('94463', 'delfi', 'elektro', 86);
insert into student values('70726', 'eca', 'Teknik lingkungan', 127);
insert into student values('69613', 'eca', 'rekayasa minyak dan gas', 1);
insert into student values('30666', 'rendi', 'Sains Data', 1);
insert into student values('53767', 'yuda', 'sipil', 13);
insert into student values('36667', 'yuda', 'aktuaria', 73);
insert into student values('32884', 'delfi', 'industri', 106);
insert into student values('55158', 'yuda', 'Sains Data', 36);
insert into student values('54780', 'delfi', 'geomatika', 76);
insert into student values('88285', 'eca', 'Sains Data', 14);
insert into student values('2987', 'kaisar', 'rekayasa minyak dan gas', 104);
insert into student values('25493', 'ocha', 'sipil', 43);
insert into student values('18285', 'delfi', 'Sains Data', 5);
insert into student values('23971', 'fasya', 'elektro', 20);
insert into student values('6287', 'arta', 'mesin', 37);
insert into student values('5358', 'ocha', 'informatika', 54);
insert into student values('13220', 'delfi', 'Sains Data', 80);
insert into student values('55712', 'johanes', 'Sains Data', 38);
insert into student values('40669', 'delfi', 'aktuaria', 53);
insert into student values('22820', 'ocha', 'rekayasa minyak dan gas', 28);
insert into student values('82223', 'johanes', 'rekayasa minyak dan gas', 66);
insert into student values('45865', 'ocha', 'Sains Data', 30);
insert into student values('84177', 'eca', 'industri', 55);
insert into student values('44221', 'ocha', 'informatika', 23);
insert into student values('2266', 'kaisar', 'Teknik lingkungan', 83);
insert into student values('89522', 'rendi', 'informatika', 106);
insert into student values('5223', 'arta', 'rekayasa minyak dan gas', 56);
insert into student values('27003', 'ocha', 'mesin', 24);
insert into student values('41746', 'erik', 'informatika', 91);
insert into student values('81615', 'ocha', 'industri', 120);
insert into student values('69275', 'ocha', 'elektro', 56);
insert into student values('84581', 'ocha', 'sipil', 8);
insert into student values('72067', 'kaisar', 'rekayasa minyak dan gas', 75);
insert into student values('68118', 'kaisar', 'aktuaria', 63);
insert into student values('39308', 'rendi', 'Sains Data', 63);
insert into student values('10622', 'rendi', 'aktuaria', 69);
insert into student values('40666', 'kaisar', 'industri', 3);
insert into student values('69851', 'ocha', 'elektro', 97);
insert into student values('26868', 'johanes', 'aktuaria', 8);
insert into student values('66604', 'fasya', 'aktuaria', 113);
insert into student values('21698', 'delfi', 'industri', 112);
insert into student values('45234', 'ocha', 'informatika', 93);
insert into takes values('69538', '907', '2', 'Fall', 2004, 'C-');
insert into takes values('22820', '268', '2', 'Spring', 2008, 'A+');
insert into takes values('2266', '616', '1', 'Fall', 2002, 'A ');
insert into takes values('70893', '907', '2', 'Fall', 2004, 'A-');
insert into takes values('72067', '460', '2', 'Fall', 2010, 'A-');
insert into takes values('70893', '211', '4', 'Spring', 2004, 'A+');
insert into takes values('2987', '572', '2', 'Spring', 2001, 'C+');
insert into takes values('30170', '240', '2', 'Spring', 2009, 'A ');
insert into takes values('70796', '157', '1', 'Spring', 2008, 'C+');
insert into takes values('69275', '625', '1', 'Fall', 2001, 'B ');
insert into takes values('77513', '540', '2', 'Fall', 2010, 'B-');
insert into takes values('21391', '211', '5', 'Spring', 2003, 'A+');
insert into takes values('22519', '817', '4', 'Fall', 2006, 'A ');
insert into takes values('45865', '755', '1', 'Spring', 2003, 'A-');
insert into takes values('53726', '817', '3', 'Spring', 2006, 'A+');
insert into takes values('41746', '475', '2', 'Spring', 2003, 'C-');
insert into takes values('69538', '197', '1', 'Spring', 2001, 'C-');
insert into takes values('26868', '891', '2', 'Fall', 2010, 'C+');
insert into takes values('69851', '588', '2', 'Fall', 2002, 'A+');
insert into takes values('35454', '873', '3', 'Spring', 2001, 'B ');
insert into takes values('40666', '467', '2', 'Spring', 2003, 'B-');
insert into takes values('23971', '120', '3', 'Fall', 2006, 'A-');
insert into takes values('97553', '510', '1', 'Spring', 2002, 'C ');
insert into takes values('34261', '197', '1', 'Spring', 2001, 'A+');
insert into takes values('88285', '649', '1', 'Fall', 2009, 'C-');
insert into takes values('36667', '813', '1', 'Fall', 2005, 'A-');
insert into takes values('84581', '817', '2', 'Fall', 2009, 'A ');
insert into takes values('30672', '962', '2', 'Spring', 2010, 'A-');
insert into takes values('36797', '572', '2', 'Spring', 2001, 'C-');
insert into takes values('45132', '891', '1', 'Fall', 2001, 'A+');
insert into takes values('27003', '907', '2', 'Fall', 2004, 'A-');
insert into takes values('68118', '359', '1', 'Fall', 2007, 'A+');
insert into takes values('6120', '325', '1', 'Fall', 2007, 'A+');
insert into takes values('80511', '360', '2', 'Spring', 2005, 'A-');
insert into takes values('55712', '120', '3', 'Fall', 2006, 'A-');
insert into takes values('53726', '504', '1', 'Fall', 2005, 'B ');
insert into takes values('28637', '792', '1', 'Fall', 2010, 'B ');
insert into takes values('58150', '155', '1', 'Fall', 2009, 'B-');
insert into takes values('30170', '843', '1', 'Fall', 2008, 'B+');
insert into takes values('75725', '247', '2', 'Spring', 2001, 'A-');
insert into takes values('46746', '952', '2', 'Fall', 2006, 'C-');
insert into takes values('38080', '982', '1', 'Spring', 2003, 'B ');
insert into takes values('41746', '460', '2', 'Fall', 2010, 'C ');
insert into takes values('77513', '197', '1', 'Spring', 2001, 'B+');
insert into takes values('54780', '193', '1', 'Fall', 2010, 'B ');
insert into takes values('21391', '963', '1', 'Spring', 2005, 'A-');
insert into takes values('44169', '619', '2', 'Fall', 2009, 'B ');
insert into takes values('45865', '160', '2', 'Spring', 2009, 'C+');
insert into takes values('62492', '540', '1', 'Spring', 2003, 'B+');
insert into takes values('40669', '274', '2', 'Fall', 2005, 'A ');
insert into takes values('30666', '572', '2', 'Spring', 2001, 'B+');
insert into takes values('22820', '461', '1', 'Spring', 2004, 'C-');
insert into takes values('86308', '968', '1', 'Fall', 2009, 'A ');
insert into takes values('18285', '616', '1', 'Fall', 2002, 'A+');
insert into takes values('69538', '387', '1', 'Spring', 2008, 'B-');
insert into takes values('84177', '908', '2', 'Spring', 2002, 'C ');
insert into takes values('55712', '240', '2', 'Spring', 2009, 'B+');
insert into takes values('70796', '456', '2', 'Spring', 2005, 'C-');
insert into takes values('94505', '989', '3', 'Fall', 2010, 'A ');
insert into takes values('30170', '813', '1', 'Fall', 2005, 'A+');
insert into takes values('55158', '962', '1', 'Fall', 2010, 'B-');
insert into takes values('25493', '408', '1', 'Spring', 2009, 'A-');
insert into takes values('76666', '755', '1', 'Spring', 2003, 'C ');
insert into takes values('93830', '360', '1', 'Fall', 2010, 'C-');
insert into takes values('6287', '417', '1', 'Spring', 2007, 'C ');
insert into takes values('64567', '456', '3', 'Fall', 2003, 'A-');
insert into takes values('5358', '572', '2', 'Spring', 2001, 'C-');
insert into takes values('75725', '521', '2', 'Fall', 2005, 'A-');
insert into takes values('45234', '461', '1', 'Spring', 2004, 'B ');
insert into takes values('43812', '257', '2', 'Fall', 2008, 'A-');
insert into takes values('2266', '459', '1', 'Spring', 2010, 'B ');
insert into takes values('69851', '917', '1', 'Fall', 2007, 'B+');
insert into takes values('76666', '963', '2', 'Fall', 2007, 'C-');
insert into takes values('45132', '387', '3', 'Spring', 2002, 'A+');
insert into takes values('54780', '489', '1', 'Spring', 2008, 'A ');
insert into takes values('21693', '274', '2', 'Fall', 2005, 'A-');
insert into takes values('89056', '408', '3', 'Fall', 2003, 'C ');
insert into takes values('33828', '417', '1', 'Spring', 2007, 'C+');
insert into takes values('58150', '136', '1', 'Spring', 2007, 'B ');
insert into takes values('66604', '792', '1', 'Fall', 2010, 'A+');
insert into takes values('2987', '456', '1', 'Fall', 2007, 'A-');
insert into takes values('5358', '434', '1', 'Fall', 2002, 'A+');
insert into takes values('36797', '211', '5', 'Spring', 2003, 'B ');
insert into takes values('80714', '680', '3', 'Spring', 2003, 'A+');
insert into takes values('69823', '257', '3', 'Spring', 2001, 'B ');
insert into takes values('33828', '510', '1', 'Spring', 2002, 'B-');
insert into takes values('75725', '583', '1', 'Spring', 2002, 'B-');
insert into takes values('62008', '268', '2', 'Spring', 2008, 'A ');
insert into takes values('35179', '157', '1', 'Spring', 2008, 'A+');
insert into takes values('33828', '649', '1', 'Fall', 2009, 'A ');
insert into takes values('54780', '907', '2', 'Fall', 2004, 'C ');
insert into takes values('79816', '673', '1', 'Fall', 2005, 'B ');
insert into takes values('79816', '346', '1', 'Spring', 2001, 'A ');
insert into takes values('30672', '952', '2', 'Fall', 2006, 'C+');
insert into takes values('34261', '120', '3', 'Fall', 2006, 'C+');
insert into takes values('72067', '873', '3', 'Spring', 2001, 'C ');
insert into takes values('62008', '336', '1', 'Fall', 2009, 'C+');
insert into takes values('2987', '461', '1', 'Spring', 2004, 'A+');
insert into takes values('69275', '346', '1', 'Spring', 2001, 'C-');
insert into takes values('21693', '325', '1', 'Fall', 2007, 'B+');
insert into takes values('79816', '588', '2', 'Fall', 2002, 'A ');
insert into takes values('5358', '283', '4', 'Spring', 2004, 'C+');
insert into takes values('25498', '924', '1', 'Spring', 2009, 'C ');
insert into takes values('99953', '160', '2', 'Spring', 2009, 'C ');
insert into takes values('39095', '408', '1', 'Spring', 2009, 'B-');
insert into takes values('70796', '948', '2', 'Fall', 2010, 'C-');
insert into takes values('79816', '510', '1', 'Spring', 2002, 'A ');
insert into takes values('37375', '359', '2', 'Spring', 2009, 'B-');
insert into takes values('30666', '813', '1', 'Fall', 2005, 'A-');
insert into takes values('93830', '588', '2', 'Fall', 2002, 'B-');
insert into takes values('94463', '204', '2', 'Spring', 2010, 'A+');
insert into takes values('44169', '657', '2', 'Fall', 2007, 'B+');
insert into takes values('64567', '224', '1', 'Spring', 2009, 'A+');
insert into takes values('79816', '224', '1', 'Spring', 2009, 'C+');
insert into takes values('81615', '988', '1', 'Fall', 2004, 'C-');
insert into takes values('25493', '680', '5', 'Spring', 2006, 'A+');
insert into takes values('40669', '704', '1', 'Fall', 2007, 'A ');
insert into takes values('24383', '988', '2', 'Fall', 2004, 'B+');
insert into takes values('32884', '274', '2', 'Fall', 2005, 'A-');
insert into takes values('69823', '704', '1', 'Fall', 2007, 'A+');
insert into takes values('84177', '421', '1', 'Spring', 2008, 'A+');
insert into takes values('64567', '767', '1', 'Fall', 2010, 'C-');
insert into takes values('64567', '387', '1', 'Spring', 2008, 'A+');
insert into takes values('21391', '359', '2', 'Spring', 2009, 'C+');
insert into takes values('21391', '467', '1', 'Spring', 2004, 'B ');
insert into takes values('40669', '588', '2', 'Fall', 2002, 'A-');
insert into takes values('2987', '962', '1', 'Fall', 2010, 'C ');
insert into takes values('30666', '211', '1', 'Spring', 2001, 'A ');
insert into takes values('24383', '309', '1', 'Fall', 2003, 'C ');
insert into takes values('16586', '587', '1', 'Fall', 2008, 'A-');
insert into takes values('70726', '415', '1', 'Spring', 2009, 'C+');
insert into takes values('17498', '504', '1', 'Fall', 2005, 'B-');
insert into takes values('56646', '885', '1', 'Spring', 2009, 'A ');
insert into takes values('43226', '984', '1', 'Spring', 2007, 'B-');
insert into takes values('41746', '521', '1', 'Fall', 2007, 'B+');
insert into takes values('76666', '434', '1', 'Fall', 2002, 'B ');
insert into takes values('40666', '325', '1', 'Fall', 2007, 'C+');
insert into takes values('45132', '134', '2', 'Spring', 2003, 'C+');
insert into takes values('76666', '673', '2', 'Spring', 2006, 'A+');
insert into takes values('82802', '988', '1', 'Fall', 2004, 'A-');
insert into takes values('64567', '740', '1', 'Spring', 2004, 'A ');
insert into takes values('39308', '274', '3', 'Spring', 2002, 'C+');
insert into takes values('45234', '984', '1', 'Spring', 2007, 'C ');
insert into takes values('72067', '417', '1', 'Spring', 2007, 'C ');
insert into takes values('20372', '443', '1', 'Fall', 2003, 'A ');
insert into takes values('38080', '240', '1', 'Spring', 2002, 'B+');
insert into takes values('82223', '197', '1', 'Spring', 2001, 'C-');
insert into takes values('28637', '858', '1', 'Fall', 2007, 'B-');
insert into takes values('84177', '257', '2', 'Fall', 2008, 'C ');
insert into takes values('10622', '817', '4', 'Fall', 2006, 'A-');
insert into takes values('41746', '907', '1', 'Spring', 2004, 'C ');
insert into takes values('44169', '989', '1', 'Fall', 2004, 'A-');
insert into takes values('80511', '657', '1', 'Spring', 2008, 'A ');
insert into takes values('39095', '467', '2', 'Spring', 2003, 'B-');
insert into takes values('46746', '408', '3', 'Fall', 2003, 'A ');
insert into takes values('46746', '496', '1', 'Spring', 2010, 'A+');
insert into takes values('89056', '496', '2', 'Fall', 2005, 'B-');
insert into takes values('24383', '309', '3', 'Fall', 2001, 'B-');
insert into takes values('93830', '962', '1', 'Fall', 2010, 'B-');
insert into takes values('76666', '504', '1', 'Fall', 2005, 'C ');
insert into takes values('18251', '304', '1', 'Spring', 2002, 'A-');
insert into takes values('33828', '211', '4', 'Spring', 2004, 'A ');
insert into takes values('79816', '989', '3', 'Fall', 2010, 'C+');
insert into takes values('10169', '739', '1', 'Fall', 2001, 'C+');
insert into takes values('30672', '833', '3', 'Spring', 2001, 'B-');
insert into takes values('43812', '309', '3', 'Fall', 2001, 'A ');
insert into takes values('82802', '193', '2', 'Fall', 2003, 'C ');
insert into takes values('36667', '274', '2', 'Fall', 2005, 'A-');
insert into takes values('69613', '961', '1', 'Spring', 2003, 'A+');
insert into takes values('53802', '236', '1', 'Spring', 2002, 'A-');
insert into takes values('82223', '120', '1', 'Fall', 2007, 'C-');
insert into takes values('40669', '891', '3', 'Spring', 2007, 'A+');
insert into takes values('75725', '309', '2', 'Spring', 2008, 'B-');
insert into takes values('5358', '873', '3', 'Spring', 2001, 'A-');
insert into takes values('25498', '988', '1', 'Fall', 2004, 'B-');
insert into takes values('24383', '346', '1', 'Spring', 2001, 'C ');
insert into takes values('54780', '336', '1', 'Fall', 2009, 'C-');
insert into takes values('84177', '360', '2', 'Spring', 2005, 'A+');
insert into takes values('10169', '624', '1', 'Fall', 2005, 'A ');
insert into takes values('33436', '211', '4', 'Spring', 2004, 'B+');
insert into takes values('94505', '873', '3', 'Spring', 2001, 'B+');
insert into takes values('20372', '417', '1', 'Spring', 2007, 'A ');
insert into takes values('27003', '988', '1', 'Fall', 2004, 'B ');
insert into takes values('21698', '388', '1', 'Spring', 2007, 'B-');
insert into takes values('77513', '224', '1', 'Spring', 2009, 'B-');
insert into takes values('70893', '396', '1', 'Fall', 2006, 'A-');
insert into takes values('39308', '521', '2', 'Fall', 2005, 'C+');
insert into takes values('6120', '193', '2', 'Fall', 2003, 'A-');
insert into takes values('25493', '832', '1', 'Fall', 2003, 'B ');
insert into takes values('20372', '516', '1', 'Fall', 2010, 'B ');
insert into takes values('69538', '283', '1', 'Spring', 2005, 'B+');
insert into takes values('46746', '195', '1', 'Spring', 2001, 'B+');
insert into takes values('33828', '907', '2', 'Fall', 2004, 'A+');
insert into takes values('10169', '619', '2', 'Fall', 2009, 'A ');
insert into takes values('25498', '540', '1', 'Spring', 2003, 'B+');
insert into takes values('68118', '160', '1', 'Fall', 2008, 'B+');
insert into takes values('80511', '833', '3', 'Spring', 2001, 'A ');
insert into takes values('64567', '439', '1', 'Fall', 2008, 'C ');
insert into takes values('10622', '616', '1', 'Fall', 2002, 'B+');
insert into takes values('46746', '989', '3', 'Fall', 2010, 'B ');
insert into advisor values('28637', '42549');
insert into advisor values('18251', '35657');
insert into advisor values('16586', '67810');
insert into advisor values('58150', '60687');
insert into advisor values('53802', '16813');
insert into advisor values('24383', '60715');
insert into advisor values('45132', '94557');
insert into advisor values('33436', '62391');
insert into advisor values('36797', '38922');
insert into advisor values('86308', '3114');
insert into advisor values('75725', '58693');
insert into advisor values('89056', '22695');
insert into advisor values('86448', '83451');
insert into advisor values('53726', '67810');
insert into advisor values('75770', '39310');
insert into advisor values('44169', '62391');
insert into advisor values('69538', '39310');
insert into advisor values('82802', '62391');
insert into advisor values('37375', '50517');
insert into advisor values('80714', '16813');
insert into advisor values('70893', '92266');
insert into advisor values('33828', '871');
insert into advisor values('77513', '72936');
insert into advisor values('64567', '34209');
insert into advisor values('30672', '3427');
insert into advisor values('30170', '2375');
insert into advisor values('43812', '1514');
insert into advisor values('56646', '2294');
insert into advisor values('93830', '15839');
insert into advisor values('39095', '92078');
insert into advisor values('62492', '16813');
insert into advisor values('35179', '94557');
insert into advisor values('70796', '67810');
insert into advisor values('38080', '15839');
insert into advisor values('80511', '31477');
insert into advisor values('17498', '62391');
insert into advisor values('69823', '42549');
insert into advisor values('43226', '3391');
insert into advisor values('62008', '26056');
insert into advisor values('56967', '31477');
insert into advisor values('25498', '58693');
insert into advisor values('94505', '57211');
insert into advisor values('20372', '48605');
insert into advisor values('79816', '67810');
insert into advisor values('76666', '3391');
insert into advisor values('99953', '11190');
insert into advisor values('31232', '39310');
insert into advisor values('97553', '85473');
insert into advisor values('21693', '81810');
insert into advisor values('22519', '74487');
insert into advisor values('6120', '72784');
insert into advisor values('34261', '22695');
insert into advisor values('35454', '22695');
insert into advisor values('67968', '3114');
insert into advisor values('10169', '46792');
insert into advisor values('7915', '42549');
insert into advisor values('46746', '50517');
insert into advisor values('21391', '3427');
insert into advisor values('94463', '42549');
insert into advisor values('70726', '42150');
insert into advisor values('69613', '94557');
insert into advisor values('30666', '2294');
insert into advisor values('53767', '16813');
insert into advisor values('36667', '92266');
insert into advisor values('32884', '44937');
insert into advisor values('55158', '34209');
insert into advisor values('54780', '34209');
insert into advisor values('88285', '42549');
insert into advisor values('2987', '60687');
insert into advisor values('25493', '11190');
insert into advisor values('18285', '22763');
insert into advisor values('23971', '2294');
insert into advisor values('6287', '70076');
insert into advisor values('5358', '2375');
insert into advisor values('13220', '49657');
insert into advisor values('55712', '22695');
insert into advisor values('40669', '1514');
insert into advisor values('22820', '38922');
insert into advisor values('82223', '58693');
insert into advisor values('45865', '74487');
insert into advisor values('84177', '68206');
insert into advisor values('44221', '39310');
insert into advisor values('2266', '44937');
insert into advisor values('89522', '39310');
insert into advisor values('5223', '38922');
insert into advisor values('27003', '871');
insert into advisor values('41746', '39310');
insert into advisor values('81615', '42549');
insert into advisor values('69275', '49657');
insert into advisor values('84581', '2294');
insert into advisor values('72067', '60715');
insert into advisor values('68118', '68206');
insert into advisor values('39308', '57211');
insert into advisor values('10622', '22695');
insert into advisor values('40666', '28679');
insert into advisor values('69851', '3427');
insert into advisor values('26868', '26056');
insert into advisor values('66604', '22763');
insert into advisor values('21698', '3427');
insert into advisor values('45234', '16813');
insert into prereq values('740', '917');
insert into prereq values('652', '758');
insert into prereq values('195', '197');
insert into prereq values('434', '963');
insert into prereq values('232', '174');
insert into prereq values('236', '811');
insert into prereq values('404', '180');
insert into prereq values('348', '856');
insert into prereq values('447', '362');
insert into prereq values('924', '447');
insert into prereq values('657', '270');
insert into prereq values('334', '496');
insert into prereq values('380', '132');
insert into prereq values('982', '443');
insert into prereq values('982', '522');
insert into prereq values('924', '303');
insert into prereq values('461', '489');
insert into prereq values('325', '739');
insert into prereq values('982', '372');
insert into prereq values('364', '909');
insert into prereq values('240', '232');
insert into prereq values('224', '907');
insert into prereq values('283', '504');
insert into prereq values('274', '955');
insert into prereq values('619', '309');
insert into prereq values('924', '134');
insert into prereq values('423', '516');
insert into prereq values('211', '794');
insert into prereq values('657', '252');
insert into prereq values('583', '680');
insert into prereq values('475', '210');
insert into prereq values('792', '740');
insert into prereq values('538', '609');
insert into prereq values('147', '210');
insert into prereq values('956', '970');
insert into prereq values('272', '795');
insert into prereq values('443', '556');
insert into prereq values('346', '522');
insert into prereq values('857', '780');
insert into prereq values('961', '583');
insert into prereq values('956', '616');
insert into prereq values('174', '309');
insert into prereq values('609', '134');
insert into prereq values('704', '283');
insert into prereq values('247', '348');
insert into prereq values('867', '306');
insert into prereq values('803', '449');
insert into prereq values('157', '985');
insert into prereq values('583', '336');
insert into prereq values('247', '364');
insert into prereq values('832', '984');
insert into prereq values('648', '624');
insert into prereq values('404', '504');
insert into prereq values('832', '229');
insert into prereq values('608', '240');
insert into prereq values('304', '475');
insert into prereq values('104', '136');
insert into prereq values('211', '803');
insert into prereq values('566', '104');
insert into prereq values('270', '684');
insert into prereq values('583', '748');
insert into prereq values('204', '740');
insert into prereq values('301', '501');
insert into prereq values('247', '301');
insert into prereq values('221', '649');
insert into prereq values('260', '443');
insert into prereq values('985', '583');
insert into prereq values('636', '204');
insert into prereq values('229', '157');
insert into prereq values('748', '955');
insert into prereq values('360', '780');
insert into prereq values('684', '752');
insert into prereq values('740', '372');
insert into prereq values('619', '956');
insert into prereq values('232', '504');
insert into prereq values('325', '229');
insert into prereq values('857', '388');
insert into prereq values('274', '174');
insert into prereq values('825', '146');
insert into prereq values('924', '307');
insert into prereq values('308', '120');
insert into prereq values('120', '810');
insert into prereq values('810', '264');
insert into prereq values('548', '160');
insert into prereq values('136', '991');
insert into prereq values('891', '955');
insert into prereq values('767', '447');
insert into prereq values('155', '396');
insert into prereq values('522', '132');
insert into prereq values('572', '229');
insert into prereq values('422', '856');
insert into prereq values('885', '153');
insert into prereq values('303', '288');
insert into prereq values('755', '587');
insert into prereq values('303', '858');
insert into prereq values('442', '657');
insert into prereq values('153', '157');
insert into prereq values('673', '758');
insert into prereq values('364', '619');
insert into prereq values('274', '301');
