insert into classroom values('g', 404, 10);
insert into classroom values('d', 570, 10);
insert into classroom values('j', 301, 22);
insert into classroom values('a', 6, 12);
insert into classroom values('e', 122, 16);
insert into classroom values('e', 26, 32);
insert into classroom values('j', 160, 21);
insert into classroom values('j', 327, 23);
insert into classroom values('f', 565, 10);
insert into classroom values('g', 696, 86);
insert into department values('industri', 'g', 417699.46);
insert into department values('Teknik lingkungan', 'c', 382710.25);
insert into department values('Sains Data', 'd', 627739.34);
insert into department values('aktuaria', 'f', 977751.59);
insert into department values('geomatika', 'a', 274523.52);
insert into department values('sipil', 'g', 943642.51);
insert into department values('elektro', 'i', 725057.00);
insert into department values('rekayasa minyak dan gas', 'j', 113073.41);
insert into department values('mesin', 'h', 445360.63);
insert into department values('informatika', 'j', 765392.97);
insert into course values('474', 'visualisasi Data', 'aktuaria', 3);
insert into course values('865', 'pengelolaan sampah', 'informatika', 3);
insert into course values('645', 'algoritma strategi', 'elektro', 4);
insert into course values('480', 'visualisasi Data', 'informatika', 4);
insert into course values('507', 'visualisasi Data', 'Teknik lingkungan', 3);
insert into course values('481', 'visualisasi Data', 'Teknik lingkungan', 3);
insert into course values('790', 'geodasi spasial', 'industri', 3);
insert into course values('323', 'algoritma strategi', 'geomatika', 3);
insert into course values('929', 'basis konduksi', 'aktuaria', 3);
insert into course values('835', 'teknologi manejemen Data', 'industri', 4);
insert into course values('107', 'basis konduksi', 'aktuaria', 4);
insert into course values('525', 'teknik air', 'rekayasa minyak dan gas', 3);
insert into course values('744', 'algoritma strategi', 'elektro', 3);
insert into course values('499', 'pengelolaan sampah', 'rekayasa minyak dan gas', 3);
insert into course values('176', 'algoritma strategi', 'Sains Data', 3);
insert into course values('161', 'teknologi manejemen Data', 'informatika', 4);
insert into course values('145', 'rekayasa gas', 'elektro', 4);
insert into course values('656', 'geodasi spasial', 'geomatika', 3);
insert into course values('684', 'pengelolaan sampah', 'geomatika', 4);
insert into course values('132', 'rekayasa gas', 'sipil', 3);
insert into course values('738', 'geodasi spasial', 'elektro', 4);
insert into course values('459', 'pengelolaan sampah', 'mesin', 3);
insert into course values('333', 'manufaktur', 'aktuaria', 4);
insert into course values('793', 'teknik air', 'sipil', 4);
insert into course values('118', 'rekayasa gas', 'informatika', 4);
insert into course values('773', 'visualisasi Data', 'industri', 3);
insert into course values('875', 'analisis deret waktu', 'aktuaria', 4);
insert into course values('670', 'teknik air', 'elektro', 4);
insert into course values('705', 'geodasi spasial', 'industri', 3);
insert into course values('200', 'basis konduksi', 'informatika', 3);
insert into course values('185', 'manufaktur', 'industri', 3);
insert into course values('531', 'teknologi manejemen Data', 'mesin', 4);
insert into course values('440', 'visualisasi Data', 'elektro', 3);
insert into course values('600', 'teknik air', 'Sains Data', 4);
insert into course values('468', 'pengelolaan sampah', 'Sains Data', 4);
insert into course values('262', 'pengelolaan sampah', 'mesin', 4);
insert into course values('555', 'pengelolaan sampah', 'geomatika', 3);
insert into course values('546', 'pengelolaan sampah', 'Teknik lingkungan', 4);
insert into course values('685', 'teknologi manejemen Data', 'aktuaria', 4);
insert into course values('955', 'manufaktur', 'Teknik lingkungan', 4);
insert into course values('119', 'analisis deret waktu', 'aktuaria', 4);
insert into course values('502', 'basis konduksi', 'mesin', 4);
insert into course values('563', 'pengelolaan sampah', 'informatika', 4);
insert into course values('673', 'teknologi manejemen Data', 'rekayasa minyak dan gas', 4);
insert into course values('330', 'analisis deret waktu', 'Teknik lingkungan', 4);
insert into course values('288', 'analisis deret waktu', 'Sains Data', 3);
insert into course values('534', 'manufaktur', 'elektro', 4);
insert into course values('816', 'visualisasi Data', 'rekayasa minyak dan gas', 3);
insert into course values('770', 'visualisasi Data', 'geomatika', 3);
insert into course values('650', 'manufaktur', 'Teknik lingkungan', 4);
insert into course values('731', 'rekayasa gas', 'geomatika', 3);
insert into course values('355', 'teknik air', 'geomatika', 4);
insert into course values('214', 'algoritma strategi', 'Sains Data', 3);
insert into course values('895', 'rekayasa gas', 'aktuaria', 3);
insert into course values('584', 'teknologi manejemen Data', 'geomatika', 4);
insert into course values('388', 'algoritma strategi', 'Teknik lingkungan', 4);
insert into course values('568', 'basis konduksi', 'rekayasa minyak dan gas', 3);
insert into course values('125', 'teknologi manejemen Data', 'Sains Data', 3);
insert into course values('292', 'algoritma strategi', 'Teknik lingkungan', 3);
insert into course values('855', 'visualisasi Data', 'informatika', 4);
insert into course values('659', 'basis konduksi', 'Sains Data', 4);
insert into course values('458', 'teknologi manejemen Data', 'sipil', 3);
insert into course values('212', 'pengelolaan sampah', 'geomatika', 4);
insert into course values('402', 'geodasi spasial', 'Teknik lingkungan', 4);
insert into course values('942', 'analisis deret waktu', 'informatika', 3);
insert into course values('881', 'basis konduksi', 'elektro', 4);
insert into course values('857', 'manufaktur', 'rekayasa minyak dan gas', 4);
insert into course values('258', 'rekayasa gas', 'mesin', 4);
insert into course values('763', 'rekayasa gas', 'Teknik lingkungan', 4);
insert into course values('781', 'pengelolaan sampah', 'elektro', 3);
insert into course values('425', 'geodasi spasial', 'industri', 4);
insert into course values('712', 'teknologi manejemen Data', 'rekayasa minyak dan gas', 3);
insert into course values('916', 'basis konduksi', 'Teknik lingkungan', 4);
insert into course values('249', 'algoritma strategi', 'aktuaria', 3);
insert into course values('695', 'basis konduksi', 'rekayasa minyak dan gas', 4);
insert into course values('187', 'basis konduksi', 'sipil', 4);
insert into course values('223', 'teknik air', 'aktuaria', 4);
insert into course values('121', 'analisis deret waktu', 'rekayasa minyak dan gas', 3);
insert into course values('280', 'basis konduksi', 'mesin', 3);
insert into course values('671', 'teknologi manejemen Data', 'aktuaria', 3);
insert into course values('887', 'analisis deret waktu', 'mesin', 3);
insert into course values('824', 'rekayasa gas', 'Teknik lingkungan', 4);
insert into course values('574', 'visualisasi Data', 'industri', 3);
insert into course values('703', 'teknologi manejemen Data', 'elektro', 3);
insert into course values('424', 'analisis deret waktu', 'aktuaria', 3);
insert into course values('646', 'manufaktur', 'industri', 4);
insert into course values('389', 'teknologi manejemen Data', 'geomatika', 4);
insert into course values('747', 'teknologi manejemen Data', 'elektro', 4);
insert into course values('911', 'basis konduksi', 'geomatika', 4);
insert into course values('815', 'manufaktur', 'rekayasa minyak dan gas', 4);
insert into course values('949', 'basis konduksi', 'informatika', 4);
insert into course values('169', 'teknik air', 'geomatika', 4);
insert into course values('373', 'geodasi spasial', 'mesin', 3);
insert into course values('201', 'analisis deret waktu', 'rekayasa minyak dan gas', 4);
insert into course values('932', 'pengelolaan sampah', 'industri', 4);
insert into course values('235', 'basis konduksi', 'Sains Data', 4);
insert into course values('640', 'geodasi spasial', 'elektro', 3);
insert into course values('576', 'basis konduksi', 'industri', 4);
insert into course values('174', 'visualisasi Data', 'rekayasa minyak dan gas', 3);
insert into course values('224', 'visualisasi Data', 'Teknik lingkungan', 4);
insert into course values('199', 'pengelolaan sampah', 'rekayasa minyak dan gas', 3);
insert into course values('361', 'visualisasi Data', 'aktuaria', 3);
insert into course values('726', 'geodasi spasial', 'elektro', 4);
insert into course values('162', 'visualisasi Data', 'rekayasa minyak dan gas', 4);
insert into course values('467', 'geodasi spasial', 'geomatika', 4);
insert into course values('826', 'basis konduksi', 'geomatika', 4);
insert into course values('581', 'pengelolaan sampah', 'geomatika', 3);
insert into course values('450', 'manufaktur', 'mesin', 3);
insert into course values('653', 'geodasi spasial', 'sipil', 4);
insert into course values('679', 'algoritma strategi', 'elektro', 3);
insert into course values('243', 'geodasi spasial', 'aktuaria', 4);
insert into course values('604', 'manufaktur', 'industri', 4);
insert into course values('769', 'manufaktur', 'rekayasa minyak dan gas', 4);
insert into course values('972', 'manufaktur', 'informatika', 3);
insert into course values('758', 'visualisasi Data', 'aktuaria', 3);
insert into course values('797', 'analisis deret waktu', 'Sains Data', 3);
insert into course values('433', 'basis konduksi', 'Sains Data', 3);
insert into course values('369', 'teknik air', 'informatika', 3);
insert into course values('775', 'analisis deret waktu', 'geomatika', 4);
insert into course values('847', 'basis konduksi', 'elektro', 3);
insert into course values('348', 'basis konduksi', 'mesin', 4);
insert into course values('947', 'teknologi manejemen Data', 'aktuaria', 3);
insert into course values('554', 'teknik air', 'sipil', 3);
insert into course values('940', 'geodasi spasial', 'Teknik lingkungan', 4);
insert into course values('912', 'pengelolaan sampah', 'aktuaria', 4);
insert into course values('624', 'teknik air', 'informatika', 4);
insert into course values('715', 'pengelolaan sampah', 'geomatika', 3);
insert into course values('652', 'rekayasa gas', 'industri', 3);
insert into course values('429', 'visualisasi Data', 'Teknik lingkungan', 4);
insert into course values('315', 'analisis deret waktu', 'Sains Data', 4);
insert into course values('385', 'algoritma strategi', 'rekayasa minyak dan gas', 3);
insert into course values('625', 'geodasi spasial', 'mesin', 3);
insert into course values('561', 'geodasi spasial', 'industri', 4);
insert into course values('753', 'pengelolaan sampah', 'informatika', 4);
insert into course values('508', 'manufaktur', 'informatika', 4);
insert into course values('331', 'teknologi manejemen Data', 'mesin', 4);
insert into course values('446', 'analisis deret waktu', 'geomatika', 3);
insert into course values('822', 'teknologi manejemen Data', 'sipil', 4);
insert into course values('817', 'visualisasi Data', 'informatika', 4);
insert into course values('676', 'analisis deret waktu', 'Sains Data', 3);
insert into course values('290', 'analisis deret waktu', 'elektro', 3);
insert into course values('339', 'analisis deret waktu', 'Teknik lingkungan', 3);
insert into course values('117', 'teknologi manejemen Data', 'sipil', 3);
insert into course values('252', 'teknologi manejemen Data', 'Sains Data', 3);
insert into course values('503', 'teknik air', 'aktuaria', 3);
insert into course values('271', 'algoritma strategi', 'geomatika', 3);
insert into course values('579', 'rekayasa gas', 'aktuaria', 3);
insert into course values('946', 'geodasi spasial', 'aktuaria', 4);
insert into course values('105', 'teknologi manejemen Data', 'geomatika', 3);
insert into course values('852', 'teknologi manejemen Data', 'aktuaria', 3);
insert into course values('820', 'geodasi spasial', 'mesin', 4);
insert into course values('352', 'teknik air', 'informatika', 4);
insert into course values('464', 'basis konduksi', 'mesin', 3);
insert into course values('203', 'teknik air', 'informatika', 3);
insert into course values('722', 'teknik air', 'Sains Data', 4);
insert into course values('774', 'manufaktur', 'industri', 4);
insert into course values('876', 'geodasi spasial', 'informatika', 3);
insert into course values('140', 'basis konduksi', 'aktuaria', 4);
insert into course values('663', 'analisis deret waktu', 'Teknik lingkungan', 3);
insert into course values('784', 'manufaktur', 'aktuaria', 4);
insert into course values('565', 'geodasi spasial', 'aktuaria', 3);
insert into course values('102', 'teknik air', 'Sains Data', 3);
insert into course values('597', 'visualisasi Data', 'Sains Data', 3);
insert into course values('906', 'geodasi spasial', 'Sains Data', 3);
insert into course values('537', 'visualisasi Data', 'mesin', 3);
insert into course values('667', 'basis konduksi', 'elektro', 4);
insert into course values('566', 'teknik air', 'Sains Data', 3);
insert into course values('674', 'geodasi spasial', 'industri', 3);
insert into course values('341', 'algoritma strategi', 'elektro', 4);
insert into course values('813', 'algoritma strategi', 'aktuaria', 4);
insert into course values('220', 'pengelolaan sampah', 'Sains Data', 3);
insert into course values('310', 'teknik air', 'Teknik lingkungan', 3);
insert into course values('237', 'geodasi spasial', 'informatika', 3);
insert into course values('266', 'analisis deret waktu', 'rekayasa minyak dan gas', 4);
insert into course values('177', 'visualisasi Data', 'mesin', 3);
insert into course values('831', 'teknologi manejemen Data', 'aktuaria', 3);
insert into course values('631', 'basis konduksi', 'Teknik lingkungan', 3);
insert into course values('941', 'geodasi spasial', 'aktuaria', 4);
insert into course values('716', 'algoritma strategi', 'elektro', 3);
insert into course values('648', 'rekayasa gas', 'rekayasa minyak dan gas', 4);
insert into course values('431', 'teknik air', 'aktuaria', 4);
insert into course values('165', 'visualisasi Data', 'Sains Data', 3);
insert into course values('644', 'rekayasa gas', 'Teknik lingkungan', 4);
insert into course values('843', 'rekayasa gas', 'industri', 4);
insert into course values('734', 'teknologi manejemen Data', 'Teknik lingkungan', 3);
insert into course values('951', 'manufaktur', 'elektro', 4);
insert into course values('260', 'teknik air', 'sipil', 3);
insert into course values('527', 'teknologi manejemen Data', 'rekayasa minyak dan gas', 3);
insert into course values('453', 'visualisasi Data', 'Teknik lingkungan', 4);
insert into course values('595', 'visualisasi Data', 'rekayasa minyak dan gas', 3);
insert into course values('518', 'manufaktur', 'Sains Data', 4);
insert into course values('897', 'algoritma strategi', 'Teknik lingkungan', 4);
insert into course values('304', 'visualisasi Data', 'rekayasa minyak dan gas', 4);
insert into course values('934', 'rekayasa gas', 'geomatika', 4);
insert into course values('305', 'teknologi manejemen Data', 'elektro', 4);
insert into course values('832', 'pengelolaan sampah', 'geomatika', 4);
insert into course values('975', 'geodasi spasial', 'informatika', 4);
insert into course values('463', 'rekayasa gas', 'mesin', 3);
insert into course values('240', 'teknik air', 'informatika', 4);
insert into course values('123', 'visualisasi Data', 'Sains Data', 4);
insert into instructor values('75166', 'johanes', 'Teknik lingkungan', 114347.16);
insert into instructor values('8344', 'delfi', 'geomatika', 55274.34);
insert into instructor values('58730', 'yuda', 'aktuaria', 49040.19);
insert into instructor values('29906', 'arta', 'mesin', 90500.46);
insert into instructor values('95660', 'fasya', 'Sains Data', 106072.32);
insert into instructor values('39332', 'arta', 'elektro', 64262.43);
insert into instructor values('75781', 'johanes', 'aktuaria', 84777.15);
insert into instructor values('8688', 'delfi', 'mesin', 40302.42);
insert into instructor values('94952', 'yuda', 'informatika', 52900.95);
insert into instructor values('44746', 'delfi', 'geomatika', 80265.60);
insert into instructor values('92443', 'arta', 'sipil', 112371.80);
insert into instructor values('26169', 'fasya', 'rekayasa minyak dan gas', 123283.25);
insert into instructor values('14579', 'eca', 'aktuaria', 58191.34);
insert into instructor values('92917', 'delfi', 'Sains Data', 64728.66);
insert into instructor values('56219', 'erik', 'geomatika', 78022.95);
insert into instructor values('91238', 'fasya', 'mesin', 38994.94);
insert into instructor values('68333', 'rendi', 'industri', 108507.23);
insert into instructor values('69483', 'fasya', 'sipil', 49913.54);
insert into instructor values('91990', 'delfi', 'industri', 98417.70);
insert into instructor values('68176', 'fasya', 'rekayasa minyak dan gas', 46826.69);
insert into instructor values('41046', 'yuda', 'industri', 128476.70);
insert into instructor values('67478', 'fasya', 'rekayasa minyak dan gas', 114346.89);
insert into instructor values('31101', 'kaisar', 'rekayasa minyak dan gas', 102983.43);
insert into instructor values('68878', 'yuda', 'rekayasa minyak dan gas', 29480.37);
insert into instructor values('59087', 'rendi', 'mesin', 59363.17);
insert into instructor values('78206', 'kaisar', 'aktuaria', 41061.85);
insert into instructor values('98113', 'delfi', 'elektro', 38328.65);
insert into instructor values('20570', 'arta', 'aktuaria', 43341.78);
insert into instructor values('35097', 'eca', 'Teknik lingkungan', 119551.77);
insert into instructor values('30219', 'erik', 'Sains Data', 48087.08);
insert into instructor values('71185', 'arta', 'geomatika', 55575.61);
insert into instructor values('9995', 'arta', 'sipil', 107700.85);
insert into instructor values('96243', 'delfi', 'informatika', 30154.03);
insert into instructor values('70695', 'rendi', 'sipil', 105636.23);
insert into instructor values('19326', 'arta', 'elektro', 126287.89);
insert into instructor values('68443', 'delfi', 'Sains Data', 109773.70);
insert into instructor values('3871', 'rendi', 'mesin', 113934.15);
insert into instructor values('82105', 'fasya', 'mesin', 79451.11);
insert into instructor values('50392', 'johanes', 'rekayasa minyak dan gas', 57696.10);
insert into instructor values('25954', 'eca', 'aktuaria', 127479.99);
insert into instructor values('17533', 'delfi', 'elektro', 100759.89);
insert into instructor values('25034', 'erik', 'elektro', 64751.33);
insert into instructor values('16785', 'fasya', 'aktuaria', 102924.79);
insert into instructor values('57240', 'erik', 'industri', 96928.40);
insert into instructor values('53101', 'johanes', 'mesin', 97781.32);
insert into instructor values('83363', 'delfi', 'aktuaria', 100243.97);
insert into instructor values('23737', 'eca', 'elektro', 86923.76);
insert into instructor values('36661', 'rendi', 'rekayasa minyak dan gas', 76563.53);
insert into instructor values('46128', 'fasya', 'informatika', 107540.38);
insert into instructor values('15563', 'kaisar', 'Sains Data', 76646.00);
insert into section values('446', '1', 'Spring', 2006, 'g', '404', 'D');
insert into section values('355', '1', 'Fall', 2008, 'j', '327', 'I');
insert into section values('674', '1', 'Spring', 2005, 'j', '327', 'L');
insert into section values('203', '1', 'Spring', 2002, 'd', '570', 'J');
insert into section values('695', '1', 'Fall', 2007, 'e', '122', 'G');
insert into section values('644', '1', 'Fall', 2006, 'j', '301', 'F');
insert into section values('912', '1', 'Spring', 2008, 'g', '696', 'G');
insert into section values('790', '1', 'Spring', 2010, 'f', '565', 'C');
insert into section values('972', '1', 'Fall', 2002, 'f', '565', 'M');
insert into section values('117', '1', 'Fall', 2008, 'j', '301', 'H');
insert into section values('684', '1', 'Spring', 2002, 'e', '122', 'N');
insert into section values('260', '1', 'Fall', 2004, 'g', '696', 'N');
insert into section values('315', '1', 'Fall', 2010, 'g', '696', 'N');
insert into section values('266', '1', 'Spring', 2006, 'f', '565', 'F');
insert into section values('663', '1', 'Spring', 2007, 'g', '696', 'H');
insert into section values('201', '1', 'Fall', 2009, 'g', '404', 'E');
insert into section values('118', '1', 'Fall', 2009, 'g', '404', 'K');
insert into section values('815', '1', 'Fall', 2001, 'a', '6', 'M');
insert into section values('822', '1', 'Spring', 2009, 'g', '696', 'M');
insert into section values('652', '1', 'Spring', 2003, 'a', '6', 'A');
insert into section values('468', '1', 'Fall', 2001, 'g', '696', 'H');
insert into section values('424', '1', 'Fall', 2002, 'd', '570', 'G');
insert into section values('895', '1', 'Fall', 2006, 'j', '160', 'G');
insert into section values('650', '1', 'Spring', 2009, 'd', '570', 'O');
insert into section values('824', '1', 'Spring', 2004, 'd', '570', 'P');
insert into section values('176', '1', 'Fall', 2005, 'a', '6', 'F');
insert into section values('793', '1', 'Spring', 2004, 'j', '327', 'B');
insert into section values('145', '1', 'Fall', 2003, 'd', '570', 'N');
insert into section values('315', '2', 'Spring', 2005, 'g', '404', 'A');
insert into section values('817', '1', 'Fall', 2008, 'g', '696', 'B');
insert into section values('876', '1', 'Spring', 2008, 'g', '404', 'N');
insert into section values('793', '2', 'Fall', 2001, 'j', '160', 'P');
insert into section values('531', '1', 'Spring', 2001, 'a', '6', 'J');
insert into section values('214', '1', 'Spring', 2009, 'j', '327', 'P');
insert into section values('671', '1', 'Fall', 2004, 'd', '570', 'O');
insert into section values('323', '1', 'Fall', 2005, 'e', '122', 'H');
insert into section values('597', '1', 'Spring', 2001, 'd', '570', 'O');
insert into section values('797', '1', 'Spring', 2006, 'e', '122', 'N');
insert into section values('331', '1', 'Spring', 2010, 'e', '122', 'I');
insert into section values('280', '1', 'Spring', 2009, 'j', '327', 'M');
insert into section values('949', '1', 'Spring', 2009, 'a', '6', 'P');
insert into section values('341', '1', 'Fall', 2005, 'a', '6', 'P');
insert into section values('781', '1', 'Spring', 2003, 'f', '565', 'E');
insert into section values('758', '1', 'Fall', 2010, 'd', '570', 'O');
insert into section values('775', '1', 'Spring', 2004, 'j', '327', 'O');
insert into section values('169', '1', 'Fall', 2001, 'e', '26', 'P');
insert into section values('561', '1', 'Spring', 2005, 'j', '160', 'A');
insert into section values('145', '2', 'Fall', 2009, 'j', '301', 'D');
insert into section values('310', '1', 'Spring', 2008, 'g', '404', 'J');
insert into section values('534', '1', 'Fall', 2006, 'g', '696', 'H');
insert into section values('260', '2', 'Spring', 2009, 'g', '696', 'L');
insert into section values('237', '1', 'Spring', 2007, 'g', '696', 'A');
insert into section values('474', '1', 'Spring', 2010, 'd', '570', 'O');
insert into section values('972', '2', 'Spring', 2004, 'a', '6', 'N');
insert into section values('525', '1', 'Spring', 2007, 'j', '160', 'O');
insert into section values('671', '2', 'Fall', 2004, 'j', '301', 'B');
insert into section values('288', '1', 'Fall', 2009, 'f', '565', 'O');
insert into section values('947', '1', 'Spring', 2010, 'j', '160', 'H');
insert into section values('185', '1', 'Spring', 2004, 'j', '160', 'K');
insert into section values('440', '1', 'Spring', 2004, 'e', '26', 'I');
insert into section values('826', '1', 'Fall', 2007, 'e', '122', 'H');
insert into section values('200', '1', 'Spring', 2007, 'j', '327', 'B');
insert into section values('503', '1', 'Spring', 2002, 'g', '404', 'P');
insert into section values('467', '1', 'Spring', 2004, 'a', '6', 'G');
insert into section values('527', '1', 'Spring', 2001, 'e', '122', 'P');
insert into section values('775', '2', 'Fall', 2002, 'f', '565', 'G');
insert into section values('781', '2', 'Fall', 2009, 'e', '122', 'G');
insert into section values('663', '2', 'Spring', 2010, 'g', '696', 'J');
insert into section values('731', '1', 'Fall', 2005, 'd', '570', 'N');
insert into section values('579', '1', 'Fall', 2004, 'f', '565', 'N');
insert into section values('165', '1', 'Fall', 2002, 'a', '6', 'H');
insert into section values('169', '2', 'Fall', 2005, 'g', '696', 'H');
insert into section values('715', '1', 'Spring', 2002, 'g', '696', 'I');
insert into section values('481', '1', 'Fall', 2010, 'e', '122', 'E');
insert into section values('433', '1', 'Spring', 2007, 'e', '26', 'B');
insert into section values('355', '2', 'Spring', 2003, 'g', '404', 'L');
insert into section values('911', '1', 'Fall', 2006, 'j', '160', 'K');
insert into section values('290', '1', 'Fall', 2003, 'j', '301', 'J');
insert into section values('949', '2', 'Spring', 2002, 'f', '565', 'N');
insert into section values('304', '1', 'Fall', 2006, 'g', '696', 'O');
insert into section values('389', '1', 'Fall', 2002, 'g', '404', 'F');
insert into section values('712', '1', 'Spring', 2004, 'j', '327', 'B');
insert into section values('468', '2', 'Fall', 2001, 'e', '122', 'P');
insert into section values('339', '1', 'Fall', 2005, 'j', '301', 'D');
insert into section values('402', '1', 'Spring', 2010, 'j', '301', 'L');
insert into section values('305', '1', 'Spring', 2002, 'a', '6', 'D');
insert into section values('816', '1', 'Fall', 2007, 'g', '404', 'G');
insert into section values('330', '1', 'Spring', 2006, 'a', '6', 'I');
insert into section values('200', '2', 'Fall', 2001, 'a', '6', 'B');
insert into section values('119', '1', 'Fall', 2006, 'f', '565', 'D');
insert into section values('722', '1', 'Fall', 2003, 'f', '565', 'K');
insert into section values('537', '1', 'Fall', 2002, 'f', '565', 'E');
insert into section values('203', '2', 'Spring', 2008, 'a', '6', 'C');
insert into section values('895', '2', 'Spring', 2010, 'g', '404', 'A');
insert into section values('352', '1', 'Spring', 2006, 'j', '160', 'L');
insert into section values('972', '3', 'Spring', 2003, 'e', '26', 'O');
insert into section values('102', '1', 'Spring', 2008, 'j', '160', 'N');
insert into section values('644', '2', 'Spring', 2003, 'a', '6', 'K');
insert into section values('546', '1', 'Fall', 2003, 'e', '26', 'M');
insert into section values('656', '1', 'Fall', 2009, 'g', '696', 'B');
insert into section values('176', '2', 'Spring', 2002, 'f', '565', 'F');
insert into section values('831', '1', 'Fall', 2004, 'g', '404', 'C');
insert into section values('433', '2', 'Spring', 2005, 'g', '696', 'K');
insert into section values('773', '1', 'Fall', 2006, 'g', '404', 'H');
insert into section values('249', '1', 'Fall', 2007, 'g', '404', 'F');
insert into section values('467', '2', 'Fall', 2002, 'a', '6', 'M');
insert into section values('650', '2', 'Spring', 2005, 'a', '6', 'F');
insert into section values('597', '2', 'Fall', 2008, 'j', '160', 'E');
insert into section values('310', '2', 'Fall', 2010, 'g', '696', 'H');
insert into section values('290', '2', 'Fall', 2008, 'g', '404', 'I');
insert into section values('831', '2', 'Spring', 2004, 'g', '696', 'F');
insert into section values('673', '1', 'Fall', 2003, 'g', '404', 'K');
insert into section values('424', '2', 'Fall', 2001, 'a', '6', 'F');
insert into section values('712', '2', 'Fall', 2002, 'a', '6', 'I');
insert into section values('243', '1', 'Spring', 2001, 'j', '160', 'H');
insert into section values('561', '2', 'Fall', 2003, 'e', '26', 'I');
insert into section values('214', '2', 'Spring', 2004, 'g', '696', 'P');
insert into section values('774', '1', 'Spring', 2008, 'g', '404', 'N');
insert into section values('932', '1', 'Fall', 2010, 'a', '6', 'N');
insert into section values('705', '1', 'Fall', 2002, 'g', '404', 'A');
insert into section values('816', '2', 'Spring', 2002, 'f', '565', 'D');
insert into section values('145', '3', 'Spring', 2010, 'j', '327', 'D');
insert into section values('185', '2', 'Fall', 2002, 'e', '122', 'K');
insert into section values('323', '2', 'Fall', 2004, 'j', '327', 'D');
insert into section values('653', '1', 'Fall', 2002, 'f', '565', 'K');
insert into section values('726', '1', 'Fall', 2006, 'f', '565', 'D');
insert into section values('200', '3', 'Spring', 2002, 'g', '404', 'C');
insert into section values('897', '1', 'Spring', 2001, 'j', '160', 'L');
insert into section values('679', '1', 'Spring', 2008, 'j', '327', 'M');
insert into section values('531', '2', 'Spring', 2007, 'j', '327', 'B');
insert into section values('579', '2', 'Fall', 2005, 'j', '160', 'K');
insert into section values('463', '1', 'Fall', 2003, 'a', '6', 'A');
insert into section values('835', '1', 'Fall', 2005, 'e', '26', 'L');
insert into section values('458', '1', 'Spring', 2002, 'j', '160', 'C');
insert into section values('161', '1', 'Spring', 2004, 'f', '565', 'B');
insert into section values('653', '2', 'Spring', 2007, 'j', '160', 'F');
insert into section values('715', '2', 'Fall', 2008, 'f', '565', 'D');
insert into section values('481', '2', 'Fall', 2004, 'j', '301', 'F');
insert into section values('881', '1', 'Fall', 2008, 'e', '122', 'M');
insert into section values('648', '1', 'Fall', 2007, 'j', '301', 'A');
insert into section values('527', '2', 'Fall', 2001, 'j', '301', 'G');
insert into section values('897', '2', 'Spring', 2003, 'e', '122', 'H');
insert into section values('738', '1', 'Spring', 2006, 'g', '696', 'A');
insert into section values('121', '1', 'Spring', 2002, 'j', '327', 'H');
insert into section values('468', '3', 'Fall', 2005, 'a', '6', 'H');
insert into section values('906', '1', 'Spring', 2003, 'g', '404', 'L');
insert into section values('581', '1', 'Spring', 2008, 'e', '26', 'P');
insert into section values('177', '1', 'Fall', 2009, 'g', '404', 'O');
insert into section values('912', '2', 'Fall', 2009, 'g', '696', 'A');
insert into section values('568', '1', 'Spring', 2004, 'd', '570', 'H');
insert into section values('310', '3', 'Fall', 2002, 'f', '565', 'F');
insert into section values('703', '1', 'Fall', 2005, 'd', '570', 'I');
insert into section values('373', '1', 'Fall', 2008, 'e', '26', 'P');
insert into section values('433', '3', 'Spring', 2001, 'g', '404', 'L');
insert into section values('252', '1', 'Fall', 2005, 'j', '160', 'L');
insert into section values('117', '2', 'Spring', 2005, 'a', '6', 'I');
insert into section values('240', '1', 'Spring', 2008, 'e', '26', 'E');
insert into section values('940', '1', 'Fall', 2007, 'j', '327', 'C');
insert into section values('726', '2', 'Fall', 2001, 'd', '570', 'K');
insert into section values('499', '1', 'Spring', 2008, 'j', '160', 'I');
insert into section values('174', '1', 'Spring', 2006, 'a', '6', 'I');
insert into section values('117', '3', 'Spring', 2004, 'j', '160', 'M');
insert into section values('600', '1', 'Fall', 2001, 'a', '6', 'P');
insert into section values('820', '1', 'Spring', 2003, 'e', '26', 'K');
insert into section values('656', '2', 'Fall', 2006, 'f', '565', 'J');
insert into section values('875', '1', 'Spring', 2002, 'g', '696', 'L');
insert into section values('625', '1', 'Spring', 2008, 'e', '26', 'J');
insert into section values('947', '2', 'Spring', 2009, 'j', '327', 'H');
insert into section values('824', '2', 'Fall', 2002, 'a', '6', 'P');
insert into section values('813', '1', 'Fall', 2002, 'g', '404', 'N');
insert into section values('474', '2', 'Spring', 2005, 'd', '570', 'M');
insert into section values('600', '2', 'Spring', 2009, 'j', '301', 'L');
insert into section values('763', '1', 'Fall', 2001, 'g', '404', 'I');
insert into section values('348', '1', 'Fall', 2004, 'j', '160', 'C');
insert into section values('715', '3', 'Fall', 2002, 'j', '160', 'L');
insert into section values('565', '1', 'Spring', 2007, 'e', '26', 'L');
insert into section values('855', '1', 'Spring', 2005, 'f', '565', 'L');
insert into section values('663', '3', 'Fall', 2003, 'd', '570', 'C');
insert into section values('563', '1', 'Spring', 2005, 'a', '6', 'G');
insert into section values('117', '4', 'Spring', 2009, 'e', '26', 'K');
insert into section values('125', '1', 'Fall', 2003, 'e', '26', 'F');
insert into section values('667', '1', 'Fall', 2010, 'e', '26', 'F');
insert into section values('758', '2', 'Spring', 2002, 'a', '6', 'P');
insert into section values('389', '2', 'Spring', 2001, 'e', '122', 'P');
insert into section values('648', '2', 'Fall', 2002, 'f', '565', 'G');
insert into section values('119', '2', 'Spring', 2001, 'g', '404', 'D');
insert into section values('503', '2', 'Fall', 2007, 'j', '160', 'A');
insert into section values('458', '2', 'Fall', 2010, 'g', '696', 'L');
insert into section values('703', '2', 'Fall', 2002, 'j', '301', 'B');
insert into section values('645', '1', 'Spring', 2001, 'f', '565', 'F');
insert into section values('331', '2', 'Spring', 2003, 'j', '160', 'G');
insert into section values('652', '2', 'Spring', 2002, 'a', '6', 'K');
insert into section values('463', '2', 'Fall', 2004, 'f', '565', 'B');
insert into section values('518', '1', 'Fall', 2003, 'd', '570', 'L');
insert into section values('793', '3', 'Fall', 2004, 'd', '570', 'N');
insert into section values('747', '1', 'Spring', 2003, 'j', '301', 'P');
insert into section values('650', '3', 'Fall', 2007, 'j', '327', 'L');
insert into section values('631', '1', 'Spring', 2009, 'j', '160', 'L');
insert into section values('695', '2', 'Fall', 2005, 'e', '26', 'H');
insert into section values('731', '2', 'Spring', 2008, 'f', '565', 'E');
insert into section values('161', '2', 'Fall', 2007, 'g', '696', 'O');
insert into section values('674', '2', 'Spring', 2009, 'j', '301', 'G');
insert into section values('554', '1', 'Fall', 2009, 'f', '565', 'O');
insert into section values('815', '2', 'Fall', 2001, 'd', '570', 'G');
insert into section values('305', '2', 'Fall', 2002, 'e', '122', 'P');
insert into section values('595', '1', 'Fall', 2009, 'e', '122', 'G');
insert into section values('731', '3', 'Fall', 2010, 'j', '160', 'N');
insert into section values('857', '1', 'Fall', 2005, 'e', '122', 'O');
insert into section values('912', '3', 'Spring', 2001, 'j', '301', 'K');
insert into section values('912', '4', 'Fall', 2008, 'g', '404', 'L');
insert into section values('875', '2', 'Fall', 2006, 'g', '696', 'G');
insert into section values('271', '1', 'Spring', 2001, 'a', '6', 'C');
insert into section values('474', '3', 'Spring', 2009, 'e', '122', 'E');
insert into section values('518', '2', 'Spring', 2007, 'g', '404', 'P');
insert into section values('252', '2', 'Fall', 2006, 'e', '26', 'M');
insert into section values('331', '3', 'Spring', 2004, 'd', '570', 'G');
insert into section values('425', '1', 'Fall', 2006, 'g', '696', 'A');
insert into section values('650', '4', 'Spring', 2008, 'd', '570', 'K');
insert into section values('897', '3', 'Spring', 2006, 'e', '122', 'I');
insert into section values('123', '1', 'Spring', 2010, 'j', '301', 'N');
insert into section values('816', '3', 'Fall', 2002, 'j', '301', 'O');
insert into section values('679', '2', 'Fall', 2008, 'f', '565', 'P');
insert into section values('855', '2', 'Fall', 2010, 'e', '26', 'N');
insert into section values('249', '2', 'Spring', 2005, 'j', '301', 'B');
insert into section values('822', '2', 'Fall', 2006, 'j', '301', 'O');
insert into section values('659', '1', 'Fall', 2009, 'g', '696', 'E');
insert into section values('595', '2', 'Fall', 2010, 'a', '6', 'B');
insert into section values('369', '1', 'Spring', 2007, 'j', '160', 'C');
insert into section values('753', '1', 'Fall', 2009, 'a', '6', 'N');
insert into section values('561', '3', 'Spring', 2004, 'd', '570', 'B');
insert into section values('468', '4', 'Spring', 2002, 'g', '404', 'P');
insert into section values('595', '3', 'Fall', 2007, 'e', '122', 'L');
insert into section values('433', '4', 'Spring', 2009, 'j', '301', 'H');
insert into section values('876', '2', 'Spring', 2005, 'j', '160', 'I');
insert into section values('949', '3', 'Spring', 2006, 'a', '6', 'B');
insert into section values('235', '1', 'Fall', 2009, 'g', '696', 'L');
insert into section values('951', '1', 'Fall', 2005, 'd', '570', 'N');
insert into section values('118', '2', 'Spring', 2006, 'j', '327', 'I');
insert into section values('876', '3', 'Spring', 2006, 'e', '26', 'H');
insert into section values('595', '4', 'Fall', 2007, 'g', '404', 'E');
insert into section values('734', '1', 'Fall', 2009, 'j', '327', 'G');
insert into section values('574', '1', 'Fall', 2003, 'j', '301', 'F');
insert into section values('546', '2', 'Spring', 2006, 'd', '570', 'H');
insert into section values('946', '1', 'Fall', 2001, 'j', '327', 'K');
insert into section values('389', '3', 'Fall', 2010, 'g', '404', 'K');
insert into section values('847', '1', 'Fall', 2004, 'e', '122', 'O');
insert into section values('671', '3', 'Spring', 2008, 'j', '327', 'A');
insert into section values('912', '5', 'Fall', 2007, 'j', '301', 'O');
insert into section values('102', '2', 'Spring', 2008, 'a', '6', 'L');
insert into section values('468', '5', 'Fall', 2001, 'g', '404', 'G');
insert into section values('185', '3', 'Fall', 2001, 'e', '122', 'F');
insert into section values('650', '5', 'Fall', 2008, 'd', '570', 'B');
insert into section values('177', '2', 'Spring', 2010, 'a', '6', 'C');
insert into section values('125', '2', 'Fall', 2006, 'e', '26', 'H');
insert into section values('212', '1', 'Spring', 2010, 'e', '26', 'G');
insert into section values('604', '1', 'Fall', 2009, 'a', '6', 'F');
insert into section values('220', '1', 'Spring', 2007, 'g', '696', 'P');
insert into section values('527', '3', 'Fall', 2003, 'j', '160', 'K');
insert into section values('857', '2', 'Spring', 2003, 'j', '301', 'P');
insert into section values('214', '3', 'Fall', 2010, 'j', '301', 'G');
insert into section values('881', '2', 'Fall', 2009, 'a', '6', 'K');
insert into section values('722', '2', 'Fall', 2009, 'e', '122', 'H');
insert into section values('331', '4', 'Spring', 2001, 'j', '327', 'I');
insert into section values('595', '5', 'Fall', 2009, 'j', '327', 'L');
insert into section values('673', '2', 'Spring', 2003, 'a', '6', 'P');
insert into section values('832', '1', 'Spring', 2003, 'g', '696', 'M');
insert into section values('165', '2', 'Fall', 2005, 'j', '327', 'P');
insert into section values('820', '2', 'Spring', 2003, 'e', '26', 'J');
insert into section values('753', '2', 'Spring', 2009, 'f', '565', 'K');
insert into section values('663', '4', 'Fall', 2007, 'd', '570', 'K');
insert into section values('584', '1', 'Fall', 2010, 'g', '696', 'I');
insert into section values('793', '4', 'Spring', 2009, 'e', '122', 'P');
insert into section values('537', '2', 'Spring', 2008, 'j', '160', 'B');
insert into section values('797', '2', 'Spring', 2002, 'a', '6', 'E');
insert into section values('929', '1', 'Fall', 2005, 'e', '122', 'H');
insert into section values('747', '2', 'Spring', 2004, 'j', '327', 'E');
insert into section values('463', '3', 'Fall', 2008, 'j', '160', 'N');
insert into section values('450', '1', 'Spring', 2001, 'e', '122', 'D');
insert into section values('895', '3', 'Spring', 2002, 'j', '327', 'H');
insert into section values('929', '2', 'Spring', 2005, 'a', '6', 'G');
insert into section values('941', '1', 'Spring', 2004, 'f', '565', 'L');
insert into section values('942', '1', 'Spring', 2009, 'd', '570', 'G');
insert into section values('174', '2', 'Spring', 2009, 'j', '327', 'O');
insert into section values('712', '3', 'Fall', 2009, 'a', '6', 'P');
insert into section values('200', '4', 'Spring', 2004, 'g', '696', 'O');
insert into section values('132', '1', 'Spring', 2010, 'j', '327', 'G');
insert into section values('624', '1', 'Spring', 2009, 'a', '6', 'I');
insert into section values('389', '4', 'Spring', 2002, 'a', '6', 'L');
insert into section values('361', '1', 'Fall', 2005, 'j', '160', 'C');
insert into section values('331', '5', 'Fall', 2010, 'f', '565', 'A');
insert into section values('467', '3', 'Fall', 2001, 'f', '565', 'D');
insert into section values('747', '3', 'Fall', 2006, 'e', '122', 'J');
insert into section values('826', '2', 'Fall', 2004, 'a', '6', 'P');
insert into section values('685', '1', 'Spring', 2009, 'e', '122', 'H');
insert into section values('648', '3', 'Fall', 2008, 'e', '26', 'N');
insert into section values('726', '3', 'Fall', 2006, 'f', '565', 'N');
insert into section values('822', '3', 'Fall', 2008, 'g', '404', 'K');
insert into section values('631', '2', 'Spring', 2007, 'g', '404', 'P');
insert into section values('712', '4', 'Fall', 2010, 'j', '160', 'B');
insert into section values('940', '2', 'Spring', 2009, 'j', '327', 'P');
insert into section values('855', '3', 'Spring', 2003, 'j', '327', 'F');
insert into section values('703', '3', 'Fall', 2003, 'a', '6', 'H');
insert into section values('685', '2', 'Spring', 2010, 'a', '6', 'H');
insert into section values('670', '1', 'Fall', 2004, 'j', '160', 'A');
insert into section values('555', '1', 'Spring', 2004, 'e', '26', 'F');
insert into section values('537', '3', 'Spring', 2009, 'j', '301', 'A');
insert into section values('793', '5', 'Spring', 2009, 'f', '565', 'C');
insert into section values('684', '2', 'Fall', 2005, 'a', '6', 'J');
insert into section values('525', '2', 'Fall', 2002, 'd', '570', 'O');
insert into section values('887', '1', 'Spring', 2007, 'e', '122', 'A');
insert into section values('753', '3', 'Fall', 2006, 'e', '122', 'L');
insert into section values('784', '1', 'Fall', 2006, 'j', '301', 'F');
insert into section values('203', '3', 'Fall', 2009, 'j', '160', 'J');
insert into section values('212', '2', 'Spring', 2005, 'j', '160', 'E');
insert into section values('402', '2', 'Spring', 2006, 'a', '6', 'P');
insert into section values('290', '3', 'Spring', 2010, 'j', '327', 'H');
insert into section values('790', '2', 'Fall', 2004, 'g', '696', 'K');
insert into section values('667', '2', 'Fall', 2005, 'j', '327', 'A');
insert into section values('906', '2', 'Spring', 2006, 'd', '570', 'E');
insert into section values('118', '3', 'Spring', 2007, 'j', '327', 'G');
insert into section values('243', '2', 'Fall', 2004, 'a', '6', 'J');
insert into section values('624', '2', 'Spring', 2005, 'j', '160', 'I');
insert into section values('121', '2', 'Fall', 2004, 'g', '404', 'O');
insert into section values('450', '2', 'Spring', 2005, 'g', '696', 'C');
insert into section values('972', '4', 'Spring', 2003, 'e', '26', 'I');
insert into section values('223', '1', 'Fall', 2010, 'd', '570', 'N');
insert into section values('453', '1', 'Spring', 2005, 'j', '160', 'E');
insert into section values('975', '1', 'Spring', 2004, 'j', '160', 'I');
insert into section values('203', '4', 'Fall', 2009, 'e', '26', 'N');
insert into section values('429', '1', 'Fall', 2002, 'g', '696', 'H');
insert into section values('537', '4', 'Spring', 2001, 'a', '6', 'N');
insert into section values('220', '2', 'Fall', 2008, 'j', '327', 'M');
insert into section values('140', '1', 'Fall', 2008, 'd', '570', 'E');
insert into section values('132', '2', 'Fall', 2008, 'j', '327', 'F');
insert into section values('784', '2', 'Spring', 2005, 'e', '26', 'P');
insert into section values('499', '2', 'Fall', 2006, 'd', '570', 'L');
insert into section values('355', '3', 'Spring', 2007, 'j', '301', 'F');
insert into section values('304', '2', 'Spring', 2001, 'f', '565', 'I');
insert into section values('499', '3', 'Fall', 2007, 'd', '570', 'H');
insert into section values('734', '2', 'Fall', 2001, 'f', '565', 'J');
insert into section values('260', '3', 'Fall', 2007, 'e', '122', 'L');
insert into section values('348', '2', 'Spring', 2010, 'g', '404', 'L');
insert into section values('673', '3', 'Spring', 2004, 'j', '327', 'D');
insert into section values('212', '3', 'Fall', 2006, 'g', '404', 'M');
insert into section values('280', '2', 'Spring', 2004, 'j', '327', 'A');
insert into section values('249', '3', 'Fall', 2002, 'e', '122', 'F');
insert into section values('972', '5', 'Spring', 2005, 'g', '696', 'D');
insert into section values('200', '5', 'Spring', 2003, 'f', '565', 'P');
insert into section values('176', '3', 'Spring', 2004, 'g', '404', 'L');
insert into section values('561', '4', 'Spring', 2003, 'g', '404', 'M');
insert into section values('373', '2', 'Spring', 2005, 'e', '122', 'J');
insert into section values('832', '2', 'Spring', 2009, 'e', '26', 'M');
insert into section values('464', '1', 'Fall', 2006, 'j', '301', 'C');
insert into section values('119', '3', 'Spring', 2009, 'j', '327', 'H');
insert into section values('258', '1', 'Spring', 2003, 'a', '6', 'J');
insert into section values('450', '3', 'Spring', 2002, 'e', '122', 'H');
insert into section values('288', '2', 'Spring', 2006, 'j', '160', 'B');
insert into section values('304', '3', 'Fall', 2001, 'e', '26', 'L');
insert into section values('459', '1', 'Spring', 2004, 'd', '570', 'N');
insert into section values('373', '3', 'Spring', 2006, 'j', '327', 'L');
insert into section values('467', '4', 'Fall', 2001, 'd', '570', 'F');
insert into section values('425', '2', 'Fall', 2010, 'j', '160', 'K');
insert into section values('118', '4', 'Fall', 2010, 'g', '404', 'G');
insert into section values('243', '3', 'Fall', 2006, 'e', '122', 'I');
insert into section values('929', '3', 'Spring', 2002, 'j', '160', 'K');
insert into section values('107', '1', 'Fall', 2001, 'e', '26', 'E');
insert into section values('895', '4', 'Fall', 2005, 'a', '6', 'M');
insert into section values('468', '6', 'Fall', 2003, 'g', '404', 'A');
insert into section values('481', '3', 'Spring', 2008, 'j', '327', 'O');
insert into section values('262', '1', 'Fall', 2010, 'g', '696', 'P');
insert into section values('119', '4', 'Fall', 2008, 'e', '122', 'N');
insert into section values('561', '5', 'Fall', 2009, 'g', '404', 'N');
insert into section values('341', '2', 'Spring', 2008, 'j', '301', 'I');
insert into section values('951', '2', 'Fall', 2009, 'd', '570', 'B');
insert into section values('705', '2', 'Fall', 2002, 'j', '160', 'L');
insert into section values('831', '3', 'Fall', 2010, 'a', '6', 'L');
insert into section values('453', '2', 'Spring', 2007, 'e', '26', 'J');
insert into section values('450', '4', 'Spring', 2004, 'e', '122', 'B');
insert into section values('169', '3', 'Spring', 2008, 'e', '26', 'F');
insert into section values('389', '5', 'Spring', 2001, 'a', '6', 'N');
insert into section values('865', '1', 'Spring', 2002, 'j', '160', 'E');
insert into section values('330', '2', 'Spring', 2006, 'j', '160', 'E');
insert into section values('912', '6', 'Fall', 2008, 'e', '26', 'L');
insert into section values('174', '3', 'Fall', 2005, 'j', '160', 'I');
insert into section values('911', '2', 'Spring', 2006, 'g', '696', 'I');
insert into section values('459', '2', 'Fall', 2007, 'g', '696', 'B');
insert into section values('685', '3', 'Fall', 2002, 'a', '6', 'I');
insert into section values('561', '6', 'Fall', 2010, 'f', '565', 'M');
insert into section values('934', '1', 'Spring', 2001, 'e', '122', 'N');
insert into section values('644', '3', 'Spring', 2008, 'e', '26', 'O');
insert into section values('574', '2', 'Fall', 2002, 'g', '696', 'O');
insert into section values('929', '4', 'Spring', 2003, 'j', '301', 'F');
insert into section values('773', '2', 'Spring', 2009, 'j', '301', 'A');
insert into section values('177', '3', 'Spring', 2010, 'j', '301', 'J');
insert into section values('333', '1', 'Spring', 2001, 'e', '26', 'J');
insert into section values('199', '1', 'Spring', 2007, 'g', '404', 'J');
insert into section values('119', '5', 'Fall', 2005, 'e', '122', 'H');
insert into section values('199', '2', 'Spring', 2008, 'j', '160', 'K');
insert into section values('895', '5', 'Fall', 2006, 'e', '122', 'O');
insert into section values('738', '2', 'Fall', 2001, 'a', '6', 'A');
insert into teaches values('50392', '499', '1', 'Spring', 2008);
insert into teaches values('71185', '832', '2', 'Spring', 2009);
insert into teaches values('57240', '652', '1', 'Spring', 2003);
insert into teaches values('70695', '260', '1', 'Fall', 2004);
insert into teaches values('23737', '645', '1', 'Spring', 2001);
insert into teaches values('35097', '644', '1', 'Fall', 2006);
insert into teaches values('68443', '315', '1', 'Fall', 2010);
insert into teaches values('83363', '929', '1', 'Fall', 2005);
insert into teaches values('25954', '831', '2', 'Spring', 2004);
insert into teaches values('71185', '581', '1', 'Spring', 2008);
insert into teaches values('46128', '817', '1', 'Fall', 2008);
insert into teaches values('36661', '857', '2', 'Spring', 2003);
insert into teaches values('57240', '674', '1', 'Spring', 2005);
insert into teaches values('46128', '975', '1', 'Spring', 2004);
insert into teaches values('70695', '132', '1', 'Spring', 2010);
insert into teaches values('71185', '584', '1', 'Fall', 2010);
insert into teaches values('82105', '537', '1', 'Fall', 2002);
insert into teaches values('83363', '784', '2', 'Spring', 2005);
insert into teaches values('71185', '826', '2', 'Fall', 2004);
insert into teaches values('83363', '579', '2', 'Fall', 2005);
insert into teaches values('83363', '758', '2', 'Spring', 2002);
insert into teaches values('46128', '972', '4', 'Spring', 2003);
insert into teaches values('46128', '200', '3', 'Spring', 2002);
insert into teaches values('57240', '574', '2', 'Fall', 2002);
insert into teaches values('94952', '753', '1', 'Fall', 2009);
insert into teaches values('36661', '568', '1', 'Spring', 2004);
insert into teaches values('36661', '673', '1', 'Fall', 2003);
insert into teaches values('35097', '824', '1', 'Spring', 2004);
insert into teaches values('16785', '685', '1', 'Spring', 2009);
insert into teaches values('15563', '797', '2', 'Spring', 2002);
insert into teaches values('68443', '722', '2', 'Fall', 2009);
insert into teaches values('36661', '499', '3', 'Fall', 2007);
insert into teaches values('83363', '912', '4', 'Fall', 2008);
insert into teaches values('15563', '433', '4', 'Spring', 2009);
insert into teaches values('53101', '331', '5', 'Fall', 2010);
insert into teaches values('23737', '703', '2', 'Fall', 2002);
insert into teaches values('83363', '249', '2', 'Spring', 2005);
insert into teaches values('96243', '972', '1', 'Fall', 2002);
insert into teaches values('91990', '185', '1', 'Spring', 2004);
insert into teaches values('83363', '929', '3', 'Spring', 2002);
insert into teaches values('36661', '816', '1', 'Fall', 2007);
insert into teaches values('25034', '747', '3', 'Fall', 2006);
insert into teaches values('35097', '897', '1', 'Spring', 2001);
insert into teaches values('83363', '895', '4', 'Fall', 2005);
insert into teaches values('71185', '911', '2', 'Spring', 2006);
insert into teaches values('16785', '685', '3', 'Fall', 2002);
insert into teaches values('57240', '425', '1', 'Fall', 2006);
insert into teaches values('35097', '429', '1', 'Fall', 2002);
insert into teaches values('41046', '705', '2', 'Fall', 2002);
insert into teaches values('70695', '653', '1', 'Fall', 2002);
insert into teaches values('71185', '389', '4', 'Spring', 2002);
insert into teaches values('70695', '260', '2', 'Spring', 2009);
insert into teaches values('71185', '169', '3', 'Spring', 2008);
insert into teaches values('53101', '177', '3', 'Spring', 2010);
insert into teaches values('68878', '712', '2', 'Fall', 2002);
insert into teaches values('15563', '906', '1', 'Spring', 2003);
insert into teaches values('53101', '463', '3', 'Fall', 2008);
insert into teaches values('70695', '117', '2', 'Spring', 2005);
insert into teaches values('9995', '793', '3', 'Fall', 2004);
insert into teaches values('83363', '875', '1', 'Spring', 2002);
insert into teaches values('56219', '684', '1', 'Spring', 2002);
insert into teaches values('96243', '237', '1', 'Spring', 2007);
insert into teaches values('56219', '656', '1', 'Fall', 2009);
insert into teaches values('57240', '674', '2', 'Spring', 2009);
insert into teaches values('15563', '433', '3', 'Spring', 2001);
insert into teaches values('36661', '266', '1', 'Spring', 2006);
insert into teaches values('71185', '389', '3', 'Fall', 2010);
insert into teaches values('83363', '895', '3', 'Spring', 2002);
insert into teaches values('36661', '174', '3', 'Fall', 2005);
insert into teaches values('70695', '117', '1', 'Fall', 2008);
insert into teaches values('71185', '355', '2', 'Spring', 2003);
insert into teaches values('23737', '667', '2', 'Fall', 2005);
insert into teaches values('15563', '906', '2', 'Spring', 2006);
insert into teaches values('15563', '597', '2', 'Fall', 2008);
insert into teaches values('36661', '673', '3', 'Spring', 2004);
insert into teaches values('57240', '773', '2', 'Spring', 2009);
insert into teaches values('35097', '330', '2', 'Spring', 2006);
insert into teaches values('83363', '474', '2', 'Spring', 2005);
insert into teaches values('23737', '881', '1', 'Fall', 2008);
insert into teaches values('94952', '118', '2', 'Spring', 2006);
insert into teaches values('82105', '820', '2', 'Spring', 2003);
insert into teaches values('15563', '123', '1', 'Spring', 2010);
insert into teaches values('46128', '118', '4', 'Fall', 2010);
insert into teaches values('23737', '290', '1', 'Fall', 2003);
insert into teaches values('57240', '932', '1', 'Fall', 2010);
insert into teaches values('25034', '951', '2', 'Fall', 2009);
insert into teaches values('35097', '824', '2', 'Fall', 2002);
insert into teaches values('46128', '624', '1', 'Spring', 2009);
insert into teaches values('36661', '595', '3', 'Fall', 2007);
insert into teaches values('46128', '972', '2', 'Spring', 2004);
insert into teaches values('71185', '389', '5', 'Spring', 2001);
insert into teaches values('46128', '200', '2', 'Fall', 2001);
insert into teaches values('46128', '876', '3', 'Spring', 2006);
insert into teaches values('53101', '450', '1', 'Spring', 2001);
insert into teaches values('50392', '201', '1', 'Fall', 2009);
insert into teaches values('75166', '734', '1', 'Fall', 2009);
insert into teaches values('35097', '481', '1', 'Fall', 2010);
insert into teaches values('23737', '747', '2', 'Spring', 2004);
insert into teaches values('23737', '738', '2', 'Fall', 2001);
insert into teaches values('83363', '685', '2', 'Spring', 2010);
insert into teaches values('70695', '793', '4', 'Spring', 2009);
insert into teaches values('36661', '648', '1', 'Fall', 2007);
insert into teaches values('35097', '310', '3', 'Fall', 2002);
insert into teaches values('71185', '169', '2', 'Fall', 2005);
insert into teaches values('83363', '140', '1', 'Fall', 2008);
insert into teaches values('57240', '790', '1', 'Spring', 2010);
insert into teaches values('23737', '440', '1', 'Spring', 2004);
insert into teaches values('53101', '331', '1', 'Spring', 2010);
insert into teaches values('57240', '561', '5', 'Fall', 2009);
insert into teaches values('56219', '555', '1', 'Spring', 2004);
insert into teaches values('36661', '695', '1', 'Fall', 2007);
insert into teaches values('15563', '176', '1', 'Fall', 2005);
insert into teaches values('35097', '339', '1', 'Fall', 2005);
insert into teaches values('35097', '546', '2', 'Spring', 2006);
insert into teaches values('35097', '453', '1', 'Spring', 2005);
insert into teaches values('57240', '835', '1', 'Fall', 2005);
insert into teaches values('57240', '561', '6', 'Fall', 2010);
insert into teaches values('35097', '453', '2', 'Spring', 2007);
insert into teaches values('57240', '574', '1', 'Fall', 2003);
insert into teaches values('46128', '949', '3', 'Spring', 2006);
insert into teaches values('71185', '323', '1', 'Fall', 2005);
insert into teaches values('53101', '459', '1', 'Spring', 2004);
insert into teaches values('68443', '102', '1', 'Spring', 2008);
insert into teaches values('57240', '561', '2', 'Fall', 2003);
insert into teaches values('23737', '781', '1', 'Spring', 2003);
insert into teaches values('53101', '280', '1', 'Spring', 2009);
insert into teaches values('35097', '481', '2', 'Fall', 2004);
insert into teaches values('30219', '518', '2', 'Spring', 2007);
insert into teaches values('41046', '773', '1', 'Fall', 2006);
insert into teaches values('56219', '832', '1', 'Spring', 2003);
insert into teaches values('35097', '663', '4', 'Fall', 2007);
insert into teaches values('46128', '203', '3', 'Fall', 2009);
insert into teaches values('46128', '855', '3', 'Spring', 2003);
insert into teaches values('35097', '734', '2', 'Fall', 2001);
insert into teaches values('53101', '373', '1', 'Fall', 2008);
insert into teaches values('36661', '857', '1', 'Fall', 2005);
insert into teaches values('46128', '240', '1', 'Spring', 2008);
insert into teaches values('83363', '946', '1', 'Fall', 2001);
insert into teaches values('15563', '125', '1', 'Fall', 2003);
insert into teaches values('71185', '731', '3', 'Fall', 2010);
insert into teaches values('71185', '715', '1', 'Spring', 2002);
insert into teaches values('23737', '738', '1', 'Spring', 2006);
insert into teaches values('35097', '763', '1', 'Fall', 2001);
insert into teaches values('46128', '624', '2', 'Spring', 2005);
insert into teaches values('15563', '288', '1', 'Fall', 2009);
insert into teaches values('35097', '546', '1', 'Fall', 2003);
insert into teaches values('83363', '243', '3', 'Fall', 2006);
insert into teaches values('50392', '673', '2', 'Spring', 2003);
insert into teaches values('46128', '352', '1', 'Spring', 2006);
insert into teaches values('53101', '450', '4', 'Spring', 2004);
insert into teaches values('44746', '684', '2', 'Fall', 2005);
insert into teaches values('36661', '525', '2', 'Fall', 2002);
insert into teaches values('41046', '561', '1', 'Spring', 2005);
insert into teaches values('83363', '579', '1', 'Fall', 2004);
insert into teaches values('35097', '650', '4', 'Spring', 2008);
insert into teaches values('35097', '631', '2', 'Spring', 2007);
insert into teaches values('23737', '679', '2', 'Fall', 2008);
insert into teaches values('46128', '200', '5', 'Spring', 2003);
insert into teaches values('83363', '333', '1', 'Spring', 2001);
insert into teaches values('56219', '212', '3', 'Fall', 2006);
insert into teaches values('70695', '132', '2', 'Fall', 2008);
insert into teaches values('83363', '947', '2', 'Spring', 2009);
insert into teaches values('53101', '450', '3', 'Spring', 2002);
insert into teaches values('46128', '203', '4', 'Fall', 2009);
insert into teaches values('71185', '467', '1', 'Spring', 2004);
insert into teaches values('36661', '816', '3', 'Fall', 2002);
insert into teaches values('83363', '424', '1', 'Fall', 2002);
insert into teaches values('9995', '260', '3', 'Fall', 2007);
insert into teaches values('36661', '595', '5', 'Fall', 2009);
insert into teaches values('36661', '199', '1', 'Spring', 2007);
insert into teaches values('56219', '355', '3', 'Spring', 2007);
insert into teaches values('35097', '481', '3', 'Spring', 2008);
insert into teaches values('82105', '331', '3', 'Spring', 2004);
insert into teaches values('94952', '203', '1', 'Spring', 2002);
insert into teaches values('36661', '595', '4', 'Fall', 2007);
insert into teaches values('83363', '895', '2', 'Spring', 2010);
insert into teaches values('15563', '176', '3', 'Spring', 2004);
insert into teaches values('96243', '876', '1', 'Spring', 2008);
insert into teaches values('35097', '644', '3', 'Spring', 2008);
insert into teaches values('15563', '235', '1', 'Fall', 2009);
insert into teaches values('53101', '463', '1', 'Fall', 2003);
insert into teaches values('83363', '831', '3', 'Fall', 2010);
insert into teaches values('15563', '468', '1', 'Fall', 2001);
insert into teaches values('16785', '912', '2', 'Fall', 2009);
insert into teaches values('46128', '972', '5', 'Spring', 2005);
insert into teaches values('53101', '625', '1', 'Spring', 2008);
insert into teaches values('16785', '813', '1', 'Fall', 2002);
insert into teaches values('83363', '941', '1', 'Spring', 2004);
insert into teaches values('25034', '145', '3', 'Spring', 2010);
insert into teaches values('53101', '177', '1', 'Fall', 2009);
insert into teaches values('36661', '527', '3', 'Fall', 2003);
insert into teaches values('83363', '875', '2', 'Fall', 2006);
insert into teaches values('23737', '290', '3', 'Spring', 2010);
insert into teaches values('25034', '881', '2', 'Fall', 2009);
insert into teaches values('35097', '650', '3', 'Fall', 2007);
insert into teaches values('16785', '929', '2', 'Spring', 2005);
insert into teaches values('23737', '145', '2', 'Fall', 2009);
insert into teaches values('46128', '200', '4', 'Spring', 2004);
insert into teaches values('15563', '288', '2', 'Spring', 2006);
insert into teaches values('41046', '561', '3', 'Spring', 2004);
insert into student values('77761', 'rendi', 'mesin', 124);
insert into student values('33260', 'delfi', 'Sains Data', 94);
insert into student values('64440', 'johanes', 'geomatika', 90);
insert into student values('21554', 'kaisar', 'aktuaria', 98);
insert into student values('9273', 'johanes', 'informatika', 88);
insert into student values('52428', 'ocha', 'mesin', 42);
insert into student values('47790', 'kaisar', 'informatika', 56);
insert into student values('95610', 'johanes', 'rekayasa minyak dan gas', 106);
insert into student values('24764', 'erik', 'industri', 56);
insert into student values('97779', 'johanes', 'aktuaria', 16);
insert into student values('27714', 'rendi', 'sipil', 107);
insert into student values('13165', 'arta', 'mesin', 82);
insert into student values('64630', 'eca', 'sipil', 128);
insert into student values('53556', 'kaisar', 'Teknik lingkungan', 95);
insert into student values('53324', 'fasya', 'geomatika', 66);
insert into student values('87951', 'eca', 'Sains Data', 112);
insert into student values('65168', 'arta', 'informatika', 2);
insert into student values('79264', 'rendi', 'Sains Data', 29);
insert into student values('6792', 'rendi', 'Sains Data', 2);
insert into student values('20002', 'erik', 'sipil', 12);
insert into student values('67829', 'fasya', 'geomatika', 24);
insert into student values('5515', 'johanes', 'aktuaria', 34);
insert into student values('33712', 'delfi', 'informatika', 97);
insert into student values('61001', 'arta', 'geomatika', 77);
insert into student values('8303', 'rendi', 'Sains Data', 6);
insert into student values('58503', 'arta', 'rekayasa minyak dan gas', 109);
insert into student values('43743', 'eca', 'aktuaria', 53);
insert into student values('40806', 'delfi', 'Sains Data', 122);
insert into student values('70984', 'eca', 'aktuaria', 84);
insert into student values('25030', 'arta', 'geomatika', 22);
insert into student values('80174', 'johanes', 'geomatika', 84);
insert into student values('50012', 'delfi', 'mesin', 48);
insert into student values('55821', 'eca', 'Sains Data', 55);
insert into student values('52219', 'erik', 'Teknik lingkungan', 17);
insert into student values('77690', 'eca', 'industri', 38);
insert into student values('27949', 'yuda', 'geomatika', 15);
insert into student values('64774', 'johanes', 'mesin', 29);
insert into student values('4825', 'rendi', 'sipil', 11);
insert into student values('48795', 'ocha', 'mesin', 4);
insert into student values('61980', 'kaisar', 'industri', 16);
insert into student values('96734', 'ocha', 'Sains Data', 29);
insert into student values('30577', 'fasya', 'geomatika', 19);
insert into student values('25421', 'kaisar', 'Teknik lingkungan', 78);
insert into student values('11', 'kaisar', 'geomatika', 91);
insert into student values('83585', 'yuda', 'informatika', 6);
insert into student values('80056', 'yuda', 'elektro', 124);
insert into student values('5291', 'johanes', 'Teknik lingkungan', 13);
insert into student values('44029', 'johanes', 'industri', 21);
insert into student values('30775', 'rendi', 'Sains Data', 97);
insert into student values('77118', 'rendi', 'elektro', 122);
insert into student values('2189', 'fasya', 'industri', 79);
insert into student values('21236', 'arta', 'rekayasa minyak dan gas', 73);
insert into student values('6125', 'johanes', 'sipil', 124);
insert into student values('57142', 'fasya', 'Teknik lingkungan', 47);
insert into student values('78992', 'fasya', 'Sains Data', 43);
insert into student values('85811', 'fasya', 'aktuaria', 108);
insert into student values('76364', 'erik', 'rekayasa minyak dan gas', 80);
insert into student values('47412', 'yuda', 'geomatika', 79);
insert into student values('35214', 'yuda', 'sipil', 9);
insert into student values('42524', 'rendi', 'rekayasa minyak dan gas', 23);
insert into student values('15326', 'eca', 'aktuaria', 31);
insert into student values('79529', 'kaisar', 'informatika', 67);
insert into student values('576', 'fasya', 'geomatika', 81);
insert into student values('72594', 'eca', 'informatika', 64);
insert into student values('39599', 'kaisar', 'Teknik lingkungan', 27);
insert into student values('968', 'rendi', 'mesin', 122);
insert into student values('68322', 'arta', 'elektro', 79);
insert into student values('7415', 'delfi', 'mesin', 2);
insert into student values('2761', 'erik', 'elektro', 0);
insert into student values('19364', 'arta', 'industri', 77);
insert into student values('96175', 'fasya', 'Sains Data', 48);
insert into student values('90606', 'johanes', 'elektro', 69);
insert into student values('33271', 'delfi', 'Teknik lingkungan', 5);
insert into student values('31854', 'ocha', 'geomatika', 120);
insert into student values('75648', 'rendi', 'aktuaria', 57);
insert into student values('17720', 'delfi', 'geomatika', 8);
insert into student values('81410', 'erik', 'sipil', 90);
insert into student values('40698', 'fasya', 'industri', 83);
insert into student values('16176', 'kaisar', 'sipil', 82);
insert into student values('97530', 'arta', 'aktuaria', 72);
insert into student values('26069', 'rendi', 'industri', 82);
insert into student values('23514', 'arta', 'Sains Data', 124);
insert into student values('29977', 'fasya', 'Sains Data', 52);
insert into student values('86165', 'yuda', 'Sains Data', 10);
insert into student values('28476', 'fasya', 'geomatika', 52);
insert into student values('23200', 'eca', 'mesin', 5);
insert into student values('22295', 'yuda', 'sipil', 53);
insert into student values('79852', 'erik', 'geomatika', 89);
insert into student values('90879', 'ocha', 'Sains Data', 36);
insert into student values('51360', 'ocha', 'elektro', 104);
insert into student values('18531', 'yuda', 'rekayasa minyak dan gas', 39);
insert into student values('59360', 'arta', 'elektro', 105);
insert into student values('51019', 'erik', 'Sains Data', 40);
insert into student values('39147', 'erik', 'geomatika', 41);
insert into student values('5561', 'delfi', 'Teknik lingkungan', 6);
insert into student values('91702', 'kaisar', 'Teknik lingkungan', 126);
insert into student values('79497', 'yuda', 'industri', 48);
insert into student values('11444', 'kaisar', 'Teknik lingkungan', 42);
insert into student values('93266', 'johanes', 'elektro', 81);
insert into student values('47919', 'arta', 'industri', 125);
insert into takes values('50012', '857', '2', 'Spring', 2003, 'B+');
insert into takes values('40698', '531', '1', 'Spring', 2001, 'B+');
insert into takes values('33260', '323', '1', 'Fall', 2005, 'B+');
insert into takes values('47412', '912', '4', 'Fall', 2008, 'C+');
insert into takes values('29977', '118', '2', 'Spring', 2006, 'C-');
insert into takes values('19364', '774', '1', 'Spring', 2008, 'C+');
insert into takes values('51019', '433', '4', 'Spring', 2009, 'B-');
insert into takes values('30775', '774', '1', 'Spring', 2008, 'A-');
insert into takes values('19364', '503', '1', 'Spring', 2002, 'A ');
insert into takes values('97530', '290', '3', 'Spring', 2010, 'B ');
insert into takes values('79852', '290', '3', 'Spring', 2010, 'B ');
insert into takes values('18531', '331', '4', 'Spring', 2001, 'C ');
insert into takes values('27714', '784', '2', 'Spring', 2005, 'C-');
insert into takes values('23200', '561', '6', 'Fall', 2010, 'C ');
insert into takes values('28476', '644', '3', 'Spring', 2008, 'C-');
insert into takes values('6125', '260', '3', 'Fall', 2007, 'C ');
insert into takes values('80056', '650', '3', 'Fall', 2007, 'C ');
insert into takes values('31854', '169', '1', 'Fall', 2001, 'C-');
insert into takes values('65168', '784', '2', 'Spring', 2005, 'A+');
insert into takes values('42524', '518', '1', 'Fall', 2003, 'A-');
insert into takes values('31854', '402', '2', 'Spring', 2006, 'C ');
insert into takes values('93266', '117', '1', 'Fall', 2008, 'C+');
insert into takes values('97530', '121', '1', 'Spring', 2002, 'B ');
insert into takes values('44029', '940', '1', 'Fall', 2007, 'C+');
insert into takes values('53324', '831', '3', 'Fall', 2010, 'B+');
insert into takes values('27949', '648', '2', 'Fall', 2002, 'C-');
insert into takes values('95610', '499', '2', 'Fall', 2006, 'C ');
insert into takes values('40698', '595', '5', 'Fall', 2009, 'A+');
insert into takes values('24764', '631', '1', 'Spring', 2009, 'A+');
insert into takes values('22295', '402', '2', 'Spring', 2006, 'C+');
insert into takes values('59360', '249', '1', 'Fall', 2007, 'A-');
insert into takes values('51360', '121', '2', 'Fall', 2004, 'A-');
insert into takes values('8303', '600', '2', 'Spring', 2009, 'A+');
insert into takes values('4825', '331', '5', 'Fall', 2010, 'B ');
insert into takes values('57142', '781', '2', 'Fall', 2009, 'C ');
insert into takes values('96734', '703', '2', 'Fall', 2002, 'C-');
insert into takes values('17720', '450', '3', 'Spring', 2002, 'C ');
insert into takes values('50012', '290', '3', 'Spring', 2010, 'B-');
insert into takes values('65168', '468', '4', 'Spring', 2002, 'C ');
insert into takes values('96175', '671', '2', 'Fall', 2004, 'C-');
insert into takes values('15326', '831', '1', 'Fall', 2004, 'B-');
insert into takes values('47919', '815', '2', 'Fall', 2001, 'B ');
insert into takes values('11444', '310', '2', 'Fall', 2010, 'C+');
insert into takes values('21236', '695', '1', 'Fall', 2007, 'B-');
insert into takes values('968', '481', '1', 'Fall', 2010, 'C-');
insert into takes values('25421', '118', '1', 'Fall', 2009, 'B+');
insert into takes values('64630', '132', '1', 'Spring', 2010, 'B ');
insert into takes values('33712', '793', '5', 'Spring', 2009, 'B-');
insert into takes values('97779', '972', '1', 'Fall', 2002, 'A ');
insert into takes values('24764', '176', '3', 'Spring', 2004, 'C-');
insert into takes values('6125', '734', '1', 'Fall', 2009, 'C+');
insert into takes values('15326', '546', '1', 'Fall', 2003, 'B-');
insert into takes values('80174', '712', '4', 'Fall', 2010, 'C ');
insert into takes values('44029', '895', '2', 'Spring', 2010, 'C-');
insert into takes values('77690', '499', '1', 'Spring', 2008, 'C-');
insert into takes values('25030', '458', '1', 'Spring', 2002, 'C-');
insert into takes values('21554', '648', '2', 'Fall', 2002, 'C ');
insert into takes values('80174', '453', '1', 'Spring', 2005, 'C+');
insert into takes values('11444', '563', '1', 'Spring', 2005, 'A-');
insert into takes values('96175', '855', '3', 'Spring', 2003, 'C-');
insert into takes values('42524', '597', '2', 'Fall', 2008, 'A ');
insert into takes values('18531', '932', '1', 'Fall', 2010, 'A ');
insert into takes values('86165', '499', '3', 'Fall', 2007, 'C+');
insert into takes values('75648', '252', '2', 'Fall', 2006, 'C+');
insert into takes values('44029', '252', '1', 'Fall', 2005, 'C-');
insert into takes values('95610', '831', '2', 'Spring', 2004, 'C+');
insert into takes values('64630', '731', '2', 'Spring', 2008, 'B+');
insert into takes values('79497', '525', '2', 'Fall', 2002, 'C+');
insert into takes values('11', '624', '1', 'Spring', 2009, 'B-');
insert into takes values('79852', '855', '2', 'Fall', 2010, 'B-');
insert into takes values('57142', '177', '3', 'Spring', 2010, 'A ');
insert into takes values('97530', '525', '1', 'Spring', 2007, 'B+');
insert into takes values('33271', '906', '1', 'Spring', 2003, 'A ');
insert into takes values('97779', '280', '2', 'Spring', 2004, 'B+');
insert into takes values('35214', '531', '2', 'Spring', 2007, 'A ');
insert into takes values('33271', '895', '5', 'Fall', 2006, 'C-');
insert into takes values('18531', '176', '1', 'Fall', 2005, 'C-');
insert into takes values('75648', '972', '5', 'Spring', 2005, 'B-');
insert into takes values('33271', '824', '2', 'Fall', 2002, 'C ');
insert into takes values('576', '775', '1', 'Spring', 2004, 'B-');
insert into takes values('87951', '119', '3', 'Spring', 2009, 'C+');
insert into takes values('96175', '653', '2', 'Spring', 2007, 'C+');
insert into takes values('75648', '389', '2', 'Spring', 2001, 'B+');
insert into takes values('76364', '537', '2', 'Spring', 2008, 'C+');
insert into takes values('19364', '310', '1', 'Spring', 2008, 'B-');
insert into takes values('11', '855', '2', 'Fall', 2010, 'B-');
insert into takes values('27949', '463', '3', 'Fall', 2008, 'A ');
insert into takes values('15326', '440', '1', 'Spring', 2004, 'B+');
insert into takes values('79852', '503', '1', 'Spring', 2002, 'B ');
insert into takes values('27949', '555', '1', 'Spring', 2004, 'C+');
insert into takes values('67829', '185', '1', 'Spring', 2004, 'B+');
insert into takes values('52219', '790', '2', 'Fall', 2004, 'C+');
insert into takes values('42524', '458', '1', 'Spring', 2002, 'A-');
insert into takes values('33260', '726', '2', 'Fall', 2001, 'C ');
insert into takes values('27714', '102', '1', 'Spring', 2008, 'A-');
insert into takes values('16176', '816', '1', 'Fall', 2007, 'A+');
insert into takes values('57142', '266', '1', 'Spring', 2006, 'A ');
insert into takes values('28476', '389', '2', 'Spring', 2001, 'A ');
insert into takes values('53556', '249', '2', 'Spring', 2005, 'C ');
insert into takes values('96734', '816', '2', 'Spring', 2002, 'C-');
insert into takes values('5515', '584', '1', 'Fall', 2010, 'A+');
insert into takes values('53324', '132', '2', 'Fall', 2008, 'A+');
insert into takes values('5561', '118', '1', 'Fall', 2009, 'A-');
insert into takes values('6792', '579', '2', 'Fall', 2005, 'B ');
insert into takes values('90606', '912', '4', 'Fall', 2008, 'A+');
insert into takes values('52428', '464', '1', 'Fall', 2006, 'B ');
insert into takes values('40698', '323', '2', 'Fall', 2004, 'B ');
insert into takes values('85811', '310', '3', 'Fall', 2002, 'B ');
insert into takes values('25421', '738', '1', 'Spring', 2006, 'C+');
insert into takes values('90879', '624', '2', 'Spring', 2005, 'C+');
insert into takes values('77690', '467', '2', 'Fall', 2002, 'A ');
insert into takes values('79264', '450', '2', 'Spring', 2005, 'B+');
insert into takes values('2761', '584', '1', 'Fall', 2010, 'C ');
insert into takes values('80174', '738', '2', 'Fall', 2001, 'B-');
insert into takes values('21236', '531', '2', 'Spring', 2007, 'C+');
insert into takes values('17720', '185', '2', 'Fall', 2002, 'B+');
insert into takes values('97530', '467', '2', 'Fall', 2002, 'B+');
insert into takes values('31854', '305', '2', 'Fall', 2002, 'B-');
insert into takes values('68322', '624', '1', 'Spring', 2009, 'A-');
insert into takes values('85811', '826', '1', 'Fall', 2007, 'C+');
insert into takes values('39147', '468', '5', 'Fall', 2001, 'B-');
insert into takes values('50012', '784', '1', 'Fall', 2006, 'A ');
insert into takes values('7415', '673', '3', 'Spring', 2004, 'C ');
insert into takes values('8303', '185', '3', 'Fall', 2001, 'C-');
insert into takes values('59360', '402', '1', 'Spring', 2010, 'C ');
insert into takes values('21554', '561', '5', 'Fall', 2009, 'C-');
insert into takes values('61980', '177', '1', 'Fall', 2009, 'A-');
insert into takes values('24764', '214', '3', 'Fall', 2010, 'C-');
insert into takes values('77118', '972', '4', 'Spring', 2003, 'B+');
insert into takes values('44029', '584', '1', 'Fall', 2010, 'B ');
insert into takes values('31854', '125', '2', 'Fall', 2006, 'C-');
insert into takes values('97779', '425', '1', 'Fall', 2006, 'C+');
insert into takes values('6792', '595', '2', 'Fall', 2010, 'B-');
insert into takes values('97530', '433', '3', 'Spring', 2001, 'C-');
insert into takes values('77761', '200', '4', 'Spring', 2004, 'A+');
insert into takes values('61980', '537', '4', 'Spring', 2001, 'C-');
insert into takes values('52428', '644', '1', 'Fall', 2006, 'C-');
insert into takes values('28476', '433', '2', 'Spring', 2005, 'B+');
insert into takes values('77690', '252', '1', 'Fall', 2005, 'B+');
insert into takes values('30775', '468', '5', 'Fall', 2001, 'B+');
insert into takes values('11444', '331', '3', 'Spring', 2004, 'B ');
insert into takes values('968', '525', '2', 'Fall', 2002, 'A ');
insert into takes values('47790', '831', '2', 'Spring', 2004, 'C-');
insert into takes values('48795', '252', '2', 'Fall', 2006, 'C-');
insert into takes values('61980', '855', '1', 'Spring', 2005, 'C+');
insert into takes values('79529', '117', '4', 'Spring', 2009, 'A-');
insert into takes values('6792', '537', '3', 'Spring', 2009, 'A ');
insert into takes values('2761', '644', '2', 'Spring', 2003, 'B+');
insert into takes values('72594', '102', '2', 'Spring', 2008, 'C ');
insert into takes values('23514', '895', '3', 'Spring', 2002, 'C+');
insert into takes values('24764', '826', '1', 'Fall', 2007, 'B-');
insert into takes values('81410', '940', '2', 'Spring', 2009, 'B ');
insert into takes values('64440', '330', '1', 'Spring', 2006, 'C+');
insert into takes values('47412', '440', '1', 'Spring', 2004, 'B ');
insert into takes values('26069', '703', '1', 'Fall', 2005, 'C-');
insert into takes values('28476', '214', '2', 'Spring', 2004, 'C ');
insert into takes values('15326', '373', '3', 'Spring', 2006, 'C ');
insert into takes values('61001', '597', '1', 'Spring', 2001, 'B ');
insert into takes values('7415', '333', '1', 'Spring', 2001, 'C ');
insert into takes values('33271', '240', '1', 'Spring', 2008, 'C-');
insert into takes values('17720', '310', '1', 'Spring', 2008, 'A ');
insert into takes values('52428', '463', '2', 'Fall', 2004, 'B+');
insert into takes values('39599', '331', '2', 'Spring', 2003, 'A ');
insert into takes values('53324', '579', '1', 'Fall', 2004, 'B+');
insert into takes values('40698', '897', '3', 'Spring', 2006, 'C-');
insert into takes values('87951', '304', '2', 'Spring', 2001, 'B-');
insert into takes values('75648', '203', '2', 'Spring', 2008, 'B ');
insert into takes values('59360', '793', '4', 'Spring', 2009, 'B+');
insert into takes values('4825', '895', '4', 'Fall', 2005, 'A-');
insert into takes values('33712', '595', '5', 'Fall', 2009, 'B+');
insert into takes values('64440', '200', '1', 'Spring', 2007, 'B-');
insert into takes values('83585', '425', '2', 'Fall', 2010, 'A+');
insert into takes values('16176', '458', '1', 'Spring', 2002, 'C+');
insert into takes values('90879', '339', '1', 'Fall', 2005, 'A+');
insert into takes values('97779', '331', '3', 'Spring', 2004, 'B+');
insert into takes values('53324', '758', '2', 'Spring', 2002, 'B+');
insert into takes values('4825', '758', '2', 'Spring', 2002, 'B+');
insert into takes values('22295', '260', '3', 'Fall', 2007, 'B+');
insert into takes values('30775', '644', '1', 'Fall', 2006, 'A+');
insert into takes values('91702', '474', '3', 'Spring', 2009, 'A+');
insert into takes values('52219', '252', '1', 'Fall', 2005, 'C-');
insert into takes values('15326', '775', '1', 'Spring', 2004, 'A+');
insert into takes values('58503', '895', '5', 'Fall', 2006, 'A-');
insert into takes values('97530', '433', '2', 'Spring', 2005, 'C ');
insert into takes values('576', '199', '1', 'Spring', 2007, 'A-');
insert into takes values('53324', '712', '3', 'Fall', 2009, 'C+');
insert into takes values('50012', '315', '1', 'Fall', 2010, 'B ');
insert into takes values('21236', '252', '1', 'Fall', 2005, 'A ');
insert into takes values('23200', '673', '1', 'Fall', 2003, 'A+');
insert into takes values('31854', '912', '4', 'Fall', 2008, 'A+');
insert into takes values('25030', '671', '3', 'Spring', 2008, 'A ');
insert into takes values('97530', '468', '2', 'Fall', 2001, 'C-');
insert into takes values('65168', '644', '2', 'Spring', 2003, 'C+');
insert into takes values('80174', '855', '1', 'Spring', 2005, 'B+');
insert into takes values('58503', '685', '1', 'Spring', 2009, 'B ');
insert into takes values('33271', '467', '1', 'Spring', 2004, 'C ');
insert into takes values('47919', '947', '2', 'Spring', 2009, 'A-');
insert into takes values('25030', '895', '1', 'Fall', 2006, 'A ');
insert into takes values('58503', '574', '1', 'Fall', 2003, 'B-');
insert into takes values('53324', '911', '2', 'Spring', 2006, 'A ');
insert into takes values('24764', '177', '2', 'Spring', 2010, 'C+');
insert into takes values('58503', '574', '2', 'Fall', 2002, 'C-');
insert into takes values('31854', '125', '1', 'Fall', 2003, 'A ');
insert into takes values('33712', '932', '1', 'Fall', 2010, 'A-');
insert into takes values('5515', '280', '1', 'Spring', 2009, 'B ');
insert into takes values('78992', '201', '1', 'Fall', 2009, 'B ');
insert into takes values('5561', '348', '2', 'Spring', 2010, 'B+');
insert into takes values('64774', '595', '2', 'Fall', 2010, 'A+');
insert into takes values('52219', '527', '3', 'Fall', 2003, 'B ');
insert into takes values('5515', '595', '2', 'Fall', 2010, 'C-');
insert into takes values('65168', '266', '1', 'Spring', 2006, 'C ');
insert into takes values('23200', '912', '2', 'Fall', 2009, 'A-');
insert into takes values('68322', '119', '4', 'Fall', 2008, 'B+');
insert into takes values('39147', '201', '1', 'Fall', 2009, 'C-');
insert into takes values('33271', '972', '2', 'Spring', 2004, 'C-');
insert into takes values('79264', '169', '1', 'Fall', 2001, 'C+');
insert into takes values('64630', '595', '2', 'Fall', 2010, 'A+');
insert into takes values('97779', '816', '2', 'Spring', 2002, 'B-');
insert into takes values('30577', '458', '1', 'Spring', 2002, 'A+');
insert into takes values('11444', '200', '1', 'Spring', 2007, 'C ');
insert into takes values('21236', '315', '1', 'Fall', 2010, 'B+');
insert into takes values('25421', '315', '1', 'Fall', 2010, 'A-');
insert into takes values('23514', '932', '1', 'Fall', 2010, 'B ');
insert into takes values('19364', '951', '2', 'Fall', 2009, 'A-');
insert into takes values('55821', '310', '3', 'Fall', 2002, 'B+');
insert into takes values('19364', '712', '3', 'Fall', 2009, 'A ');
insert into takes values('90879', '793', '2', 'Fall', 2001, 'A+');
insert into takes values('53324', '847', '1', 'Fall', 2004, 'A-');
insert into takes values('7415', '145', '3', 'Spring', 2010, 'C-');
insert into takes values('93266', '831', '3', 'Fall', 2010, 'C+');
insert into takes values('9273', '185', '2', 'Fall', 2002, 'C-');
insert into takes values('11', '895', '2', 'Spring', 2010, 'B ');
insert into takes values('79529', '831', '2', 'Spring', 2004, 'C-');
insert into takes values('96734', '117', '3', 'Spring', 2004, 'C ');
insert into takes values('6792', '220', '1', 'Spring', 2007, 'B ');
insert into takes values('91702', '670', '1', 'Fall', 2004, 'B+');
insert into takes values('47919', '290', '2', 'Fall', 2008, 'A-');
insert into takes values('27714', '373', '3', 'Spring', 2006, 'C-');
insert into takes values('27714', '731', '2', 'Spring', 2008, 'B+');
insert into takes values('25030', '820', '2', 'Spring', 2003, 'C-');
insert into takes values('26069', '734', '1', 'Fall', 2009, 'C-');
insert into takes values('61001', '140', '1', 'Fall', 2008, 'A ');
insert into takes values('16176', '650', '2', 'Spring', 2005, 'B ');
insert into takes values('6792', '355', '3', 'Spring', 2007, 'C+');
insert into takes values('80174', '667', '2', 'Fall', 2005, 'A+');
insert into takes values('47412', '738', '2', 'Fall', 2001, 'B+');
insert into takes values('40698', '574', '1', 'Fall', 2003, 'C-');
insert into takes values('40698', '355', '1', 'Fall', 2008, 'C+');
insert into takes values('77761', '499', '2', 'Fall', 2006, 'A+');
insert into takes values('21236', '355', '1', 'Fall', 2008, 'A ');
insert into takes values('57142', '214', '3', 'Fall', 2010, 'B-');
insert into takes values('5515', '865', '1', 'Spring', 2002, 'B ');
insert into takes values('83585', '929', '3', 'Spring', 2002, 'B-');
insert into takes values('5291', '822', '1', 'Spring', 2009, 'B-');
insert into takes values('97779', '402', '2', 'Spring', 2006, 'C+');
insert into takes values('33271', '463', '3', 'Fall', 2008, 'B-');
insert into takes values('75648', '673', '1', 'Fall', 2003, 'B-');
insert into takes values('75648', '450', '3', 'Spring', 2002, 'A-');
insert into takes values('2189', '499', '1', 'Spring', 2008, 'A ');
insert into takes values('5515', '703', '1', 'Fall', 2005, 'C-');
insert into takes values('53324', '857', '1', 'Fall', 2005, 'C ');
insert into takes values('57142', '561', '3', 'Spring', 2004, 'C-');
insert into takes values('9273', '425', '1', 'Fall', 2006, 'C+');
insert into takes values('11', '331', '3', 'Spring', 2004, 'C-');
insert into takes values('97779', '831', '1', 'Fall', 2004, 'C ');
insert into takes values('31854', '824', '1', 'Spring', 2004, 'B+');
insert into takes values('68322', '310', '1', 'Spring', 2008, 'A ');
insert into takes values('47919', '847', '1', 'Fall', 2004, 'A ');
insert into takes values('64774', '425', '2', 'Fall', 2010, 'A+');
insert into takes values('33260', '177', '2', 'Spring', 2010, 'A-');
insert into takes values('31854', '906', '2', 'Spring', 2006, 'A+');
insert into takes values('77761', '679', '1', 'Spring', 2008, 'A+');
insert into takes values('40698', '203', '1', 'Spring', 2002, 'C ');
insert into takes values('55821', '258', '1', 'Spring', 2003, 'B-');
insert into takes values('90879', '315', '2', 'Spring', 2005, 'B ');
insert into takes values('40698', '249', '3', 'Fall', 2002, 'A ');
insert into takes values('77761', '503', '1', 'Spring', 2002, 'A ');
insert into takes values('76364', '712', '3', 'Fall', 2009, 'B ');
insert into takes values('77118', '534', '1', 'Fall', 2006, 'B ');
insert into takes values('70984', '797', '2', 'Spring', 2002, 'C-');
insert into takes values('13165', '355', '3', 'Spring', 2007, 'A+');
insert into takes values('59360', '574', '2', 'Fall', 2002, 'B+');
insert into takes values('77761', '574', '2', 'Fall', 2002, 'B-');
insert into takes values('6125', '822', '3', 'Fall', 2008, 'B ');
insert into takes values('15326', '121', '2', 'Fall', 2004, 'C-');
insert into takes values('2761', '972', '2', 'Spring', 2004, 'C-');
insert into takes values('78992', '463', '3', 'Fall', 2008, 'B ');
insert into takes values('21554', '832', '2', 'Spring', 2009, 'A-');
insert into takes values('2189', '290', '1', 'Fall', 2003, 'B ');
insert into takes values('27714', '972', '1', 'Fall', 2002, 'B+');
insert into takes values('79852', '121', '2', 'Fall', 2004, 'B ');
insert into takes values('81410', '459', '1', 'Spring', 2004, 'C-');
insert into takes values('96734', '947', '1', 'Spring', 2010, 'B ');
insert into takes values('22295', '243', '2', 'Fall', 2004, 'B ');
insert into takes values('79497', '243', '3', 'Fall', 2006, 'A-');
insert into takes values('79529', '738', '1', 'Spring', 2006, 'B-');
insert into takes values('21236', '464', '1', 'Fall', 2006, 'A ');
insert into takes values('24764', '816', '3', 'Fall', 2002, 'B+');
insert into takes values('65168', '887', '1', 'Spring', 2007, 'A+');
insert into takes values('77118', '703', '1', 'Fall', 2005, 'B ');
insert into takes values('80174', '288', '1', 'Fall', 2009, 'A ');
insert into takes values('72594', '624', '1', 'Spring', 2009, 'C ');
insert into takes values('39147', '972', '5', 'Spring', 2005, 'C-');
insert into takes values('22295', '574', '1', 'Fall', 2003, 'A-');
insert into takes values('33260', '763', '1', 'Fall', 2001, 'C+');
insert into takes values('90606', '561', '3', 'Spring', 2004, 'C ');
insert into takes values('87951', '546', '1', 'Fall', 2003, 'A ');
insert into takes values('18531', '200', '3', 'Spring', 2002, 'A-');
insert into takes values('23514', '563', '1', 'Spring', 2005, 'C ');
insert into takes values('25030', '323', '1', 'Fall', 2005, 'A ');
insert into takes values('39599', '722', '2', 'Fall', 2009, 'A ');
insert into takes values('968', '738', '1', 'Spring', 2006, 'C+');
insert into takes values('33271', '223', '1', 'Fall', 2010, 'A+');
insert into takes values('43743', '203', '4', 'Fall', 2009, 'C ');
insert into takes values('19364', '645', '1', 'Spring', 2001, 'A+');
insert into takes values('52219', '424', '2', 'Fall', 2001, 'C ');
insert into takes values('29977', '176', '3', 'Spring', 2004, 'A+');
insert into takes values('968', '424', '1', 'Fall', 2002, 'B ');
insert into takes values('77690', '534', '1', 'Fall', 2006, 'C ');
insert into takes values('79497', '212', '3', 'Fall', 2006, 'C ');
insert into takes values('57142', '832', '2', 'Spring', 2009, 'C ');
insert into takes values('96734', '467', '2', 'Fall', 2002, 'B-');
insert into takes values('80174', '169', '3', 'Spring', 2008, 'C-');
insert into takes values('52428', '243', '1', 'Spring', 2001, 'A ');
insert into takes values('79852', '824', '2', 'Fall', 2002, 'A ');
insert into takes values('91702', '895', '1', 'Fall', 2006, 'C-');
insert into takes values('80056', '531', '2', 'Spring', 2007, 'C ');
insert into takes values('968', '531', '2', 'Spring', 2007, 'C+');
insert into takes values('24764', '897', '1', 'Spring', 2001, 'C ');
insert into takes values('48795', '203', '2', 'Spring', 2008, 'A ');
insert into takes values('2761', '876', '3', 'Spring', 2006, 'C ');
insert into takes values('58503', '972', '2', 'Spring', 2004, 'B+');
insert into takes values('26069', '140', '1', 'Fall', 2008, 'C ');
insert into takes values('75648', '440', '1', 'Spring', 2004, 'A-');
insert into takes values('51360', '433', '1', 'Spring', 2007, 'A-');
insert into takes values('64440', '822', '2', 'Fall', 2006, 'B ');
insert into takes values('87951', '433', '4', 'Spring', 2009, 'A-');
insert into takes values('52219', '579', '1', 'Fall', 2004, 'C-');
insert into takes values('79264', '763', '1', 'Fall', 2001, 'B ');
insert into takes values('80174', '310', '1', 'Spring', 2008, 'C-');
insert into takes values('55821', '315', '1', 'Fall', 2010, 'C+');
insert into takes values('28476', '941', '1', 'Spring', 2004, 'B-');
insert into takes values('53556', '663', '1', 'Spring', 2007, 'B-');
insert into takes values('97779', '280', '1', 'Spring', 2009, 'B+');
insert into takes values('96734', '389', '4', 'Spring', 2002, 'A-');
insert into takes values('79852', '331', '3', 'Spring', 2004, 'C ');
insert into takes values('4825', '425', '2', 'Fall', 2010, 'B-');
insert into takes values('25030', '887', '1', 'Spring', 2007, 'B+');
insert into takes values('44029', '793', '1', 'Spring', 2004, 'A+');
insert into takes values('83585', '534', '1', 'Fall', 2006, 'B ');
insert into takes values('968', '214', '3', 'Fall', 2010, 'C-');
insert into takes values('42524', '712', '3', 'Fall', 2009, 'A ');
insert into takes values('17720', '459', '1', 'Spring', 2004, 'A+');
insert into takes values('23514', '595', '5', 'Fall', 2009, 'A-');
insert into takes values('50012', '790', '1', 'Spring', 2010, 'A-');
insert into takes values('33271', '450', '4', 'Spring', 2004, 'A+');
insert into takes values('47790', '315', '1', 'Fall', 2010, 'C-');
insert into takes values('79264', '185', '3', 'Fall', 2001, 'A+');
insert into takes values('43743', '107', '1', 'Fall', 2001, 'C ');
insert into takes values('6125', '463', '2', 'Fall', 2004, 'C+');
insert into takes values('61001', '734', '2', 'Fall', 2001, 'A-');
insert into takes values('20002', '117', '1', 'Fall', 2008, 'C+');
insert into takes values('61980', '855', '3', 'Spring', 2003, 'B-');
insert into takes values('67829', '463', '2', 'Fall', 2004, 'C+');
insert into takes values('83585', '304', '3', 'Fall', 2001, 'C+');
insert into takes values('80056', '625', '1', 'Spring', 2008, 'C ');
insert into takes values('13165', '738', '1', 'Spring', 2006, 'B ');
insert into takes values('58503', '165', '2', 'Fall', 2005, 'A ');
insert into takes values('79497', '185', '3', 'Fall', 2001, 'B ');
insert into takes values('4825', '534', '1', 'Fall', 2006, 'A-');
insert into takes values('27714', '123', '1', 'Spring', 2010, 'C-');
insert into takes values('97779', '784', '2', 'Spring', 2005, 'C ');
insert into takes values('25030', '341', '1', 'Fall', 2005, 'A+');
insert into takes values('35214', '185', '3', 'Fall', 2001, 'B+');
insert into takes values('30775', '753', '2', 'Spring', 2009, 'B ');
insert into takes values('47919', '940', '1', 'Fall', 2007, 'A+');
insert into takes values('42524', '107', '1', 'Fall', 2001, 'A+');
insert into takes values('27949', '581', '1', 'Spring', 2008, 'A ');
insert into takes values('17720', '249', '3', 'Fall', 2002, 'A+');
insert into takes values('72594', '595', '5', 'Fall', 2009, 'A-');
insert into takes values('96175', '132', '2', 'Fall', 2008, 'C ');
insert into takes values('58503', '433', '1', 'Spring', 2007, 'B+');
insert into takes values('33712', '684', '1', 'Spring', 2002, 'B ');
insert into takes values('5515', '315', '2', 'Spring', 2005, 'C-');
insert into takes values('86165', '857', '2', 'Spring', 2003, 'C ');
insert into takes values('28476', '712', '1', 'Spring', 2004, 'C+');
insert into takes values('59360', '715', '1', 'Spring', 2002, 'C-');
insert into takes values('29977', '503', '1', 'Spring', 2002, 'C-');
insert into takes values('50012', '695', '1', 'Fall', 2007, 'B-');
insert into takes values('48795', '119', '2', 'Spring', 2001, 'C ');
insert into takes values('79497', '763', '1', 'Fall', 2001, 'A ');
insert into takes values('43743', '951', '1', 'Fall', 2005, 'A-');
insert into takes values('93266', '140', '1', 'Fall', 2008, 'A ');
insert into takes values('2761', '906', '1', 'Spring', 2003, 'C-');
insert into takes values('33271', '600', '1', 'Fall', 2001, 'C ');
insert into takes values('7415', '373', '1', 'Fall', 2008, 'B+');
insert into takes values('35214', '527', '2', 'Fall', 2001, 'A-');
insert into takes values('30775', '185', '2', 'Fall', 2002, 'C ');
insert into takes values('93266', '671', '1', 'Fall', 2004, 'B+');
insert into takes values('43743', '119', '2', 'Spring', 2001, 'B-');
insert into advisor values('77761', '91238');
insert into advisor values('33260', '46128');
insert into advisor values('64440', '92917');
insert into advisor values('21554', '15563');
insert into advisor values('9273', '46128');
insert into advisor values('52428', '98113');
insert into advisor values('47790', '25034');
insert into advisor values('95610', '67478');
insert into advisor values('24764', '3871');
insert into advisor values('97779', '15563');
insert into advisor values('27714', '56219');
insert into advisor values('13165', '44746');
insert into advisor values('64630', '44746');
insert into advisor values('53556', '98113');
insert into advisor values('53324', '17533');
insert into advisor values('87951', '75166');
insert into advisor values('65168', '19326');
insert into advisor values('79264', '30219');
insert into advisor values('6792', '23737');
insert into advisor values('20002', '56219');
insert into advisor values('67829', '31101');
insert into advisor values('5515', '92443');
insert into advisor values('33712', '96243');
insert into advisor values('61001', '94952');
insert into advisor values('8303', '15563');
insert into advisor values('58503', '17533');
insert into advisor values('43743', '3871');
insert into advisor values('40806', '91238');
insert into advisor values('70984', '82105');
insert into advisor values('25030', '67478');
insert into advisor values('80174', '19326');
insert into advisor values('50012', '31101');
insert into advisor values('55821', '8344');
insert into advisor values('52219', '94952');
insert into advisor values('77690', '26169');
insert into advisor values('27949', '56219');
insert into advisor values('64774', '91990');
insert into advisor values('4825', '50392');
insert into advisor values('48795', '35097');
insert into advisor values('61980', '36661');
insert into advisor values('96734', '8344');
insert into advisor values('30577', '15563');
insert into advisor values('25421', '69483');
insert into advisor values('11', '83363');
insert into advisor values('83585', '25034');
insert into advisor values('80056', '92917');
insert into advisor values('5291', '94952');
insert into advisor values('44029', '75166');
insert into advisor values('30775', '71185');
insert into advisor values('77118', '58730');
insert into advisor values('2189', '9995');
insert into advisor values('21236', '25954');
insert into advisor values('6125', '39332');
insert into advisor values('57142', '14579');
insert into advisor values('78992', '31101');
insert into advisor values('85811', '29906');
insert into advisor values('76364', '58730');
insert into advisor values('47412', '98113');
insert into advisor values('35214', '41046');
insert into advisor values('42524', '17533');
insert into advisor values('15326', '68176');
insert into advisor values('79529', '69483');
insert into advisor values('576', '30219');
insert into advisor values('72594', '95660');
insert into advisor values('39599', '50392');
insert into advisor values('968', '8688');
insert into advisor values('68322', '46128');
insert into advisor values('7415', '19326');
insert into advisor values('2761', '71185');
insert into advisor values('19364', '29906');
insert into advisor values('96175', '91238');
insert into advisor values('90606', '53101');
insert into advisor values('33271', '56219');
insert into advisor values('31854', '26169');
insert into advisor values('75648', '56219');
insert into advisor values('17720', '68878');
insert into advisor values('81410', '70695');
insert into advisor values('40698', '68443');
insert into advisor values('16176', '16785');
insert into advisor values('97530', '68333');
insert into advisor values('26069', '15563');
insert into advisor values('23514', '25954');
insert into advisor values('29977', '35097');
insert into advisor values('86165', '31101');
insert into advisor values('28476', '50392');
insert into advisor values('23200', '53101');
insert into advisor values('22295', '31101');
insert into advisor values('79852', '68176');
insert into advisor values('90879', '83363');
insert into advisor values('51360', '70695');
insert into advisor values('18531', '94952');
insert into advisor values('59360', '39332');
insert into advisor values('51019', '31101');
insert into advisor values('39147', '26169');
insert into advisor values('5561', '36661');
insert into advisor values('91702', '29906');
insert into advisor values('79497', '44746');
insert into advisor values('11444', '75781');
insert into advisor values('93266', '91238');
insert into advisor values('47919', '17533');
insert into prereq values('595', '712');
insert into prereq values('822', '121');
insert into prereq values('223', '525');
insert into prereq values('600', '912');
insert into prereq values('121', '220');
insert into prereq values('450', '763');
insert into prereq values('911', '835');
insert into prereq values('502', '734');
insert into prereq values('162', '203');
insert into prereq values('722', '912');
insert into prereq values('824', '431');
insert into prereq values('600', '646');
insert into prereq values('929', '753');
insert into prereq values('201', '951');
insert into prereq values('646', '738');
insert into prereq values('125', '726');
insert into prereq values('339', '161');
insert into prereq values('352', '252');
insert into prereq values('341', '433');
insert into prereq values('369', '631');
insert into prereq values('955', '260');
insert into prereq values('373', '716');
insert into prereq values('747', '119');
insert into prereq values('826', '554');
insert into prereq values('932', '459');
insert into prereq values('132', '237');
insert into prereq values('656', '323');
insert into prereq values('887', '425');
insert into prereq values('402', '604');
insert into prereq values('450', '352');
insert into prereq values('790', '502');
insert into prereq values('185', '508');
insert into prereq values('770', '972');
insert into prereq values('531', '240');
insert into prereq values('941', '815');
insert into prereq values('187', '784');
insert into prereq values('640', '847');
insert into prereq values('290', '916');
insert into prereq values('916', '797');
insert into prereq values('429', '118');
insert into prereq values('716', '212');
insert into prereq values('446', '458');
insert into prereq values('916', '323');
insert into prereq values('865', '424');
insert into prereq values('118', '897');
insert into prereq values('817', '775');
insert into prereq values('527', '876');
insert into prereq values('355', '450');
insert into prereq values('813', '949');
insert into prereq values('726', '464');
insert into prereq values('832', '753');
insert into prereq values('121', '290');
insert into prereq values('852', '431');
insert into prereq values('770', '271');
insert into prereq values('240', '402');
insert into prereq values('304', '726');
insert into prereq values('200', '813');
insert into prereq values('339', '203');
insert into prereq values('574', '474');
insert into prereq values('947', '292');
insert into prereq values('775', '826');
insert into prereq values('955', '731');
insert into prereq values('123', '125');
insert into prereq values('169', '645');
insert into prereq values('705', '331');
insert into prereq values('568', '656');
insert into prereq values('292', '679');
insert into prereq values('341', '852');
insert into prereq values('125', '223');
insert into prereq values('676', '554');
insert into prereq values('280', '388');
insert into prereq values('402', '911');
insert into prereq values('140', '341');
insert into prereq values('402', '176');
insert into prereq values('579', '747');
insert into prereq values('453', '646');
insert into prereq values('738', '315');
insert into prereq values('481', '640');
insert into prereq values('123', '201');
insert into prereq values('763', '784');
insert into prereq values('201', '385');
insert into prereq values('323', '355');
insert into prereq values('815', '705');
insert into prereq values('402', '237');
insert into prereq values('388', '667');
insert into prereq values('650', '820');
insert into prereq values('355', '568');
insert into prereq values('816', '271');
insert into prereq values('781', '348');
insert into prereq values('695', '565');
insert into prereq values('165', '911');
insert into prereq values('201', '502');
insert into prereq values('341', '555');
insert into prereq values('813', '355');
insert into prereq values('674', '237');
insert into prereq values('947', '932');
insert into prereq values('951', '341');
insert into prereq values('951', '744');
insert into prereq values('852', '352');
insert into prereq values('942', '508');
