insert into classroom values('j', 807, 12);
insert into classroom values('e', 598, 10);
insert into classroom values('i', 383, 45);
insert into classroom values('g', 942, 131);
insert into classroom values('h', 8, 11);
insert into classroom values('j', 41, 32);
insert into classroom values('i', 108, 37);
insert into classroom values('b', 558, 47);
insert into classroom values('f', 47, 77);
insert into classroom values('i', 398, 81);
insert into department values('sipil', 'c', 44785.16);
insert into department values('aktuaria', 'e', 210529.59);
insert into department values('Teknik lingkungan', 'j', 516089.82);
insert into department values('informatika', 'h', 674374.62);
insert into department values('elektro', 'f', 757240.19);
insert into department values('rekayasa minyak dan gas', 'd', 816416.64);
insert into department values('industri', 'f', 309678.36);
insert into department values('geomatika', 'c', 187392.23);
insert into department values('mesin', 'g', 76182.47);
insert into department values('Sains Data', 'h', 353851.50);
insert into course values('322', 'manufaktur', 'rekayasa minyak dan gas', 4);
insert into course values('503', 'visualisasi Data', 'sipil', 4);
insert into course values('748', 'pengelolaan sampah', 'Teknik lingkungan', 4);
insert into course values('364', 'algoritma strategi', 'industri', 4);
insert into course values('225', 'manufaktur', 'geomatika', 4);
insert into course values('305', 'visualisasi Data', 'sipil', 4);
insert into course values('706', 'teknologi manejemen Data', 'sipil', 3);
insert into course values('453', 'visualisasi Data', 'rekayasa minyak dan gas', 4);
insert into course values('428', 'manufaktur', 'geomatika', 3);
insert into course values('629', 'geodasi spasial', 'sipil', 3);
insert into course values('484', 'visualisasi Data', 'elektro', 4);
insert into course values('904', 'rekayasa gas', 'aktuaria', 4);
insert into course values('855', 'pengelolaan sampah', 'geomatika', 3);
insert into course values('196', 'algoritma strategi', 'aktuaria', 3);
insert into course values('277', 'teknik air', 'Sains Data', 4);
insert into course values('780', 'basis konduksi', 'informatika', 3);
insert into course values('704', 'teknologi manejemen Data', 'informatika', 3);
insert into course values('549', 'pengelolaan sampah', 'elektro', 3);
insert into course values('832', 'manufaktur', 'elektro', 3);
insert into course values('226', 'pengelolaan sampah', 'elektro', 4);
insert into course values('301', 'teknologi manejemen Data', 'mesin', 3);
insert into course values('846', 'basis konduksi', 'Teknik lingkungan', 4);
insert into course values('617', 'geodasi spasial', 'industri', 3);
insert into course values('813', 'algoritma strategi', 'industri', 4);
insert into course values('330', 'geodasi spasial', 'informatika', 4);
insert into course values('491', 'geodasi spasial', 'industri', 4);
insert into course values('147', 'basis konduksi', 'Teknik lingkungan', 3);
insert into course values('750', 'geodasi spasial', 'aktuaria', 4);
insert into course values('357', 'rekayasa gas', 'geomatika', 4);
insert into course values('880', 'manufaktur', 'informatika', 4);
insert into course values('493', 'manufaktur', 'elektro', 3);
insert into course values('476', 'basis konduksi', 'Teknik lingkungan', 3);
insert into course values('168', 'basis konduksi', 'aktuaria', 3);
insert into course values('844', 'teknologi manejemen Data', 'mesin', 4);
insert into course values('235', 'basis konduksi', 'sipil', 4);
insert into course values('348', 'teknik air', 'geomatika', 3);
insert into course values('892', 'algoritma strategi', 'Sains Data', 3);
insert into course values('573', 'basis konduksi', 'geomatika', 3);
insert into course values('686', 'pengelolaan sampah', 'elektro', 4);
insert into course values('800', 'visualisasi Data', 'Teknik lingkungan', 3);
insert into course values('419', 'rekayasa gas', 'industri', 4);
insert into course values('703', 'visualisasi Data', 'aktuaria', 3);
insert into course values('252', 'visualisasi Data', 'Teknik lingkungan', 4);
insert into course values('177', 'geodasi spasial', 'industri', 4);
insert into course values('789', 'geodasi spasial', 'industri', 4);
insert into course values('329', 'pengelolaan sampah', 'aktuaria', 4);
insert into course values('816', 'analisis deret waktu', 'Teknik lingkungan', 3);
insert into course values('893', 'geodasi spasial', 'geomatika', 4);
insert into course values('393', 'rekayasa gas', 'Sains Data', 3);
insert into course values('128', 'analisis deret waktu', 'elektro', 4);
insert into course values('240', 'teknologi manejemen Data', 'aktuaria', 3);
insert into course values('687', 'analisis deret waktu', 'mesin', 4);
insert into course values('531', 'visualisasi Data', 'elektro', 3);
insert into course values('557', 'basis konduksi', 'industri', 3);
insert into course values('118', 'pengelolaan sampah', 'rekayasa minyak dan gas', 3);
insert into course values('776', 'geodasi spasial', 'Teknik lingkungan', 3);
insert into course values('631', 'pengelolaan sampah', 'elektro', 3);
insert into course values('945', 'pengelolaan sampah', 'informatika', 4);
insert into course values('944', 'analisis deret waktu', 'industri', 4);
insert into course values('646', 'teknologi manejemen Data', 'industri', 4);
insert into course values('567', 'manufaktur', 'Teknik lingkungan', 3);
insert into course values('181', 'algoritma strategi', 'industri', 3);
insert into course values('189', 'rekayasa gas', 'industri', 4);
insert into course values('623', 'manufaktur', 'Teknik lingkungan', 4);
insert into course values('717', 'visualisasi Data', 'rekayasa minyak dan gas', 4);
insert into course values('735', 'teknologi manejemen Data', 'rekayasa minyak dan gas', 4);
insert into course values('982', 'pengelolaan sampah', 'sipil', 3);
insert into course values('425', 'basis konduksi', 'Teknik lingkungan', 3);
insert into course values('482', 'rekayasa gas', 'geomatika', 3);
insert into course values('124', 'analisis deret waktu', 'Teknik lingkungan', 4);
insert into course values('941', 'pengelolaan sampah', 'Teknik lingkungan', 3);
insert into course values('245', 'pengelolaan sampah', 'sipil', 4);
insert into course values('423', 'rekayasa gas', 'rekayasa minyak dan gas', 4);
insert into course values('565', 'teknik air', 'Sains Data', 3);
insert into course values('259', 'analisis deret waktu', 'elektro', 3);
insert into course values('828', 'visualisasi Data', 'rekayasa minyak dan gas', 3);
insert into course values('409', 'geodasi spasial', 'geomatika', 3);
insert into course values('274', 'teknik air', 'mesin', 4);
insert into course values('512', 'teknik air', 'sipil', 3);
insert into course values('327', 'analisis deret waktu', 'Sains Data', 3);
insert into course values('212', 'manufaktur', 'Teknik lingkungan', 4);
insert into course values('636', 'algoritma strategi', 'mesin', 3);
insert into course values('232', 'geodasi spasial', 'aktuaria', 3);
insert into course values('209', 'rekayasa gas', 'informatika', 3);
insert into course values('430', 'teknologi manejemen Data', 'rekayasa minyak dan gas', 4);
insert into course values('633', 'pengelolaan sampah', 'Teknik lingkungan', 4);
insert into course values('895', 'pengelolaan sampah', 'geomatika', 3);
insert into course values('929', 'manufaktur', 'industri', 4);
insert into course values('679', 'analisis deret waktu', 'Sains Data', 4);
insert into course values('612', 'analisis deret waktu', 'sipil', 4);
insert into course values('628', 'pengelolaan sampah', 'Teknik lingkungan', 3);
insert into course values('724', 'pengelolaan sampah', 'Teknik lingkungan', 4);
insert into course values('876', 'geodasi spasial', 'Sains Data', 4);
insert into course values('526', 'pengelolaan sampah', 'sipil', 3);
insert into course values('395', 'analisis deret waktu', 'mesin', 4);
insert into course values('607', 'manufaktur', 'elektro', 3);
insert into course values('680', 'rekayasa gas', 'industri', 3);
insert into course values('711', 'manufaktur', 'Sains Data', 4);
insert into course values('768', 'teknik air', 'industri', 3);
insert into course values('994', 'teknik air', 'industri', 3);
insert into course values('681', 'manufaktur', 'elektro', 4);
insert into course values('108', 'pengelolaan sampah', 'geomatika', 4);
insert into course values('367', 'visualisasi Data', 'mesin', 3);
insert into course values('114', 'rekayasa gas', 'Teknik lingkungan', 3);
insert into course values('389', 'teknik air', 'elektro', 3);
insert into course values('463', 'visualisasi Data', 'geomatika', 4);
insert into course values('830', 'teknologi manejemen Data', 'sipil', 4);
insert into course values('388', 'geodasi spasial', 'industri', 3);
insert into course values('106', 'geodasi spasial', 'industri', 4);
insert into course values('161', 'teknik air', 'Teknik lingkungan', 4);
insert into course values('140', 'geodasi spasial', 'Sains Data', 3);
insert into course values('505', 'manufaktur', 'aktuaria', 3);
insert into course values('697', 'manufaktur', 'industri', 4);
insert into course values('838', 'algoritma strategi', 'geomatika', 4);
insert into course values('380', 'teknologi manejemen Data', 'informatika', 4);
insert into course values('964', 'algoritma strategi', 'sipil', 4);
insert into course values('675', 'visualisasi Data', 'sipil', 3);
insert into course values('555', 'basis konduksi', 'Sains Data', 3);
insert into course values('403', 'rekayasa gas', 'aktuaria', 3);
insert into course values('588', 'visualisasi Data', 'mesin', 3);
insert into course values('504', 'analisis deret waktu', 'sipil', 4);
insert into course values('523', 'rekayasa gas', 'elektro', 3);
insert into course values('382', 'visualisasi Data', 'aktuaria', 3);
insert into course values('916', 'teknologi manejemen Data', 'rekayasa minyak dan gas', 4);
insert into course values('950', 'analisis deret waktu', 'sipil', 4);
insert into course values('165', 'rekayasa gas', 'Sains Data', 4);
insert into course values('340', 'visualisasi Data', 'geomatika', 3);
insert into course values('116', 'teknologi manejemen Data', 'geomatika', 3);
insert into course values('899', 'rekayasa gas', 'sipil', 4);
insert into course values('962', 'pengelolaan sampah', 'Sains Data', 4);
insert into course values('293', 'teknologi manejemen Data', 'Sains Data', 3);
insert into course values('511', 'analisis deret waktu', 'informatika', 4);
insert into course values('228', 'basis konduksi', 'sipil', 3);
insert into course values('684', 'manufaktur', 'Sains Data', 3);
insert into course values('545', 'geodasi spasial', 'aktuaria', 3);
insert into course values('241', 'rekayasa gas', 'rekayasa minyak dan gas', 3);
insert into course values('884', 'teknologi manejemen Data', 'rekayasa minyak dan gas', 3);
insert into course values('933', 'teknik air', 'mesin', 3);
insert into course values('961', 'geodasi spasial', 'rekayasa minyak dan gas', 3);
insert into course values('647', 'manufaktur', 'sipil', 3);
insert into course values('162', 'visualisasi Data', 'industri', 4);
insert into course values('496', 'analisis deret waktu', 'sipil', 4);
insert into course values('678', 'manufaktur', 'industri', 3);
insert into course values('264', 'visualisasi Data', 'aktuaria', 3);
insert into course values('516', 'pengelolaan sampah', 'geomatika', 4);
insert into course values('877', 'analisis deret waktu', 'Sains Data', 4);
insert into course values('606', 'analisis deret waktu', 'aktuaria', 3);
insert into course values('881', 'teknik air', 'elektro', 3);
insert into course values('450', 'pengelolaan sampah', 'mesin', 3);
insert into course values('595', 'pengelolaan sampah', 'Sains Data', 4);
insert into course values('624', 'teknologi manejemen Data', 'sipil', 4);
insert into course values('342', 'rekayasa gas', 'Teknik lingkungan', 3);
insert into course values('410', 'rekayasa gas', 'aktuaria', 4);
insert into course values('610', 'rekayasa gas', 'industri', 3);
insert into course values('599', 'visualisasi Data', 'mesin', 4);
insert into course values('922', 'basis konduksi', 'Teknik lingkungan', 3);
insert into course values('220', 'teknologi manejemen Data', 'informatika', 3);
insert into course values('590', 'manufaktur', 'aktuaria', 3);
insert into course values('171', 'basis konduksi', 'rekayasa minyak dan gas', 3);
insert into course values('979', 'rekayasa gas', 'Sains Data', 4);
insert into course values('238', 'teknik air', 'sipil', 4);
insert into course values('861', 'basis konduksi', 'mesin', 4);
insert into course values('112', 'basis konduksi', 'aktuaria', 4);
insert into course values('843', 'visualisasi Data', 'elektro', 4);
insert into course values('269', 'teknik air', 'rekayasa minyak dan gas', 3);
insert into course values('966', 'teknologi manejemen Data', 'industri', 3);
insert into course values('517', 'basis konduksi', 'Sains Data', 3);
insert into course values('179', 'pengelolaan sampah', 'Sains Data', 3);
insert into course values('159', 'basis konduksi', 'mesin', 4);
insert into course values('447', 'visualisasi Data', 'industri', 4);
insert into course values('261', 'geodasi spasial', 'geomatika', 4);
insert into course values('801', 'rekayasa gas', 'Teknik lingkungan', 3);
insert into course values('743', 'teknik air', 'rekayasa minyak dan gas', 3);
insert into course values('584', 'teknologi manejemen Data', 'elektro', 4);
insert into course values('815', 'analisis deret waktu', 'informatika', 3);
insert into course values('969', 'pengelolaan sampah', 'mesin', 3);
insert into course values('668', 'visualisasi Data', 'elektro', 4);
insert into course values('401', 'algoritma strategi', 'Teknik lingkungan', 4);
insert into course values('415', 'rekayasa gas', 'Sains Data', 3);
insert into course values('859', 'geodasi spasial', 'Teknik lingkungan', 4);
insert into course values('829', 'basis konduksi', 'sipil', 4);
insert into course values('354', 'pengelolaan sampah', 'elektro', 4);
insert into course values('869', 'visualisasi Data', 'rekayasa minyak dan gas', 4);
insert into course values('851', 'basis konduksi', 'mesin', 4);
insert into course values('275', 'rekayasa gas', 'industri', 3);
insert into course values('278', 'teknik air', 'rekayasa minyak dan gas', 4);
insert into course values('498', 'algoritma strategi', 'Sains Data', 4);
insert into course values('984', 'geodasi spasial', 'informatika', 3);
insert into course values('580', 'teknologi manejemen Data', 'rekayasa minyak dan gas', 4);
insert into course values('481', 'teknik air', 'mesin', 4);
insert into course values('180', 'pengelolaan sampah', 'Sains Data', 3);
insert into course values('648', 'visualisasi Data', 'sipil', 4);
insert into course values('985', 'teknik air', 'geomatika', 3);
insert into course values('315', 'basis konduksi', 'Sains Data', 3);
insert into course values('371', 'teknologi manejemen Data', 'Teknik lingkungan', 4);
insert into course values('701', 'visualisasi Data', 'sipil', 4);
insert into course values('510', 'basis konduksi', 'aktuaria', 3);
insert into course values('556', 'teknologi manejemen Data', 'elektro', 4);
insert into course values('535', 'rekayasa gas', 'aktuaria', 3);
insert into course values('887', 'rekayasa gas', 'Sains Data', 4);
insert into instructor values('18609', 'delfi', 'geomatika', 59250.45);
insert into instructor values('87490', 'rendi', 'Sains Data', 69939.43);
insert into instructor values('78949', 'johanes', 'sipil', 71953.77);
insert into instructor values('55726', 'ocha', 'aktuaria', 67029.93);
insert into instructor values('62173', 'ocha', 'sipil', 112254.56);
insert into instructor values('97395', 'delfi', 'sipil', 85325.73);
insert into instructor values('48193', 'arta', 'industri', 94754.27);
insert into instructor values('17691', 'arta', 'industri', 45379.87);
insert into instructor values('6284', 'johanes', 'Teknik lingkungan', 43501.40);
insert into instructor values('75427', 'kaisar', 'sipil', 29807.61);
insert into instructor values('73355', 'arta', 'informatika', 121225.43);
insert into instructor values('96953', 'delfi', 'aktuaria', 104172.59);
insert into instructor values('99742', 'erik', 'rekayasa minyak dan gas', 76217.23);
insert into instructor values('64892', 'yuda', 'rekayasa minyak dan gas', 75827.20);
insert into instructor values('52214', 'delfi', 'aktuaria', 61070.45);
insert into instructor values('92031', 'arta', 'informatika', 108447.44);
insert into instructor values('47093', 'kaisar', 'Teknik lingkungan', 58455.39);
insert into instructor values('61734', 'johanes', 'aktuaria', 61271.36);
insert into instructor values('55792', 'johanes', 'Teknik lingkungan', 95678.86);
insert into instructor values('95847', 'delfi', 'aktuaria', 88945.11);
insert into instructor values('93295', 'johanes', 'sipil', 41990.76);
insert into instructor values('74026', 'yuda', 'geomatika', 120400.18);
insert into instructor values('69003', 'kaisar', 'Teknik lingkungan', 60429.73);
insert into instructor values('8137', 'johanes', 'geomatika', 33329.65);
insert into instructor values('32623', 'fasya', 'informatika', 29457.74);
insert into instructor values('42864', 'rendi', 'mesin', 54600.99);
insert into instructor values('99800', 'arta', 'aktuaria', 58715.07);
insert into instructor values('54877', 'erik', 'rekayasa minyak dan gas', 46337.65);
insert into instructor values('33300', 'delfi', 'industri', 97934.66);
insert into instructor values('62849', 'arta', 'rekayasa minyak dan gas', 82420.79);
insert into instructor values('23430', 'erik', 'aktuaria', 78386.17);
insert into instructor values('39292', 'fasya', 'geomatika', 80807.43);
insert into instructor values('98176', 'rendi', 'mesin', 32177.95);
insert into instructor values('25700', 'yuda', 'informatika', 33330.55);
insert into instructor values('57798', 'delfi', 'elektro', 106326.25);
insert into instructor values('1694', 'kaisar', 'Teknik lingkungan', 66541.50);
insert into instructor values('38161', 'kaisar', 'industri', 125708.99);
insert into instructor values('16067', 'delfi', 'mesin', 74674.17);
insert into instructor values('45641', 'ocha', 'rekayasa minyak dan gas', 61852.41);
insert into instructor values('19964', 'johanes', 'geomatika', 88955.44);
insert into instructor values('62698', 'arta', 'sipil', 32956.97);
insert into instructor values('77734', 'arta', 'elektro', 86255.48);
insert into instructor values('85120', 'arta', 'Teknik lingkungan', 94650.07);
insert into instructor values('16911', 'rendi', 'Sains Data', 94466.26);
insert into instructor values('52970', 'delfi', 'Sains Data', 80660.71);
insert into instructor values('88406', 'kaisar', 'rekayasa minyak dan gas', 122016.24);
insert into instructor values('6234', 'kaisar', 'Teknik lingkungan', 117943.02);
insert into instructor values('84622', 'erik', 'industri', 124573.35);
insert into instructor values('25586', 'erik', 'informatika', 71732.66);
insert into instructor values('62843', 'ocha', 'Sains Data', 123258.39);
insert into section values('516', '1', 'Spring', 2002, 'i', '398', 'L');
insert into section values('899', '1', 'Fall', 2009, 'j', '41', 'D');
insert into section values('832', '1', 'Spring', 2001, 'i', '398', 'G');
insert into section values('916', '1', 'Spring', 2005, 'i', '108', 'C');
insert into section values('161', '1', 'Spring', 2006, 'e', '598', 'B');
insert into section values('590', '1', 'Spring', 2004, 'i', '398', 'M');
insert into section values('846', '1', 'Spring', 2002, 'h', '8', 'F');
insert into section values('768', '1', 'Fall', 2006, 'i', '398', 'O');
insert into section values('941', '1', 'Fall', 2003, 'i', '383', 'D');
insert into section values('484', '1', 'Fall', 2009, 'i', '398', 'G');
insert into section values('776', '1', 'Fall', 2005, 'j', '41', 'K');
insert into section values('748', '1', 'Fall', 2008, 'g', '942', 'J');
insert into section values('226', '1', 'Spring', 2007, 'j', '807', 'K');
insert into section values('612', '1', 'Fall', 2005, 'i', '398', 'A');
insert into section values('776', '2', 'Spring', 2003, 'g', '942', 'C');
insert into section values('264', '1', 'Spring', 2007, 'f', '47', 'M');
insert into section values('851', '1', 'Fall', 2002, 'f', '47', 'I');
insert into section values('628', '1', 'Fall', 2005, 'i', '383', 'N');
insert into section values('180', '1', 'Spring', 2001, 'f', '47', 'M');
insert into section values('181', '1', 'Spring', 2010, 'j', '807', 'D');
insert into section values('629', '1', 'Fall', 2006, 'b', '558', 'B');
insert into section values('895', '1', 'Spring', 2001, 'f', '47', 'G');
insert into section values('189', '1', 'Fall', 2006, 'f', '47', 'A');
insert into section values('305', '1', 'Fall', 2008, 'e', '598', 'N');
insert into section values('984', '1', 'Spring', 2006, 'j', '807', 'B');
insert into section values('425', '1', 'Spring', 2003, 'i', '398', 'I');
insert into section values('985', '1', 'Fall', 2008, 'e', '598', 'K');
insert into section values('815', '1', 'Spring', 2008, 'b', '558', 'H');
insert into section values('409', '1', 'Spring', 2009, 'j', '41', 'A');
insert into section values('617', '1', 'Fall', 2006, 'i', '398', 'F');
insert into section values('588', '1', 'Fall', 2010, 'g', '942', 'B');
insert into section values('315', '1', 'Fall', 2006, 'g', '942', 'A');
insert into section values('240', '1', 'Spring', 2003, 'h', '8', 'G');
insert into section values('415', '1', 'Spring', 2010, 'i', '383', 'E');
insert into section values('610', '1', 'Spring', 2005, 'h', '8', 'H');
insert into section values('165', '1', 'Fall', 2009, 'b', '558', 'G');
insert into section values('380', '1', 'Spring', 2003, 'b', '558', 'N');
insert into section values('964', '1', 'Fall', 2010, 'h', '8', 'C');
insert into section values('329', '1', 'Fall', 2001, 'b', '558', 'L');
insert into section values('177', '1', 'Fall', 2010, 'b', '558', 'K');
insert into section values('238', '1', 'Spring', 2003, 'i', '398', 'E');
insert into section values('869', '1', 'Fall', 2009, 'g', '942', 'I');
insert into section values('800', '1', 'Fall', 2009, 'g', '942', 'D');
insert into section values('264', '2', 'Fall', 2010, 'b', '558', 'G');
insert into section values('961', '1', 'Spring', 2001, 'i', '383', 'M');
insert into section values('401', '1', 'Fall', 2005, 'j', '807', 'P');
insert into section values('505', '1', 'Spring', 2001, 'g', '942', 'C');
insert into section values('994', '1', 'Fall', 2001, 'b', '558', 'G');
insert into section values('588', '2', 'Spring', 2010, 'i', '398', 'H');
insert into section values('768', '2', 'Spring', 2001, 'j', '41', 'D');
insert into section values('453', '1', 'Fall', 2010, 'j', '41', 'B');
insert into section values('401', '2', 'Fall', 2003, 'j', '807', 'G');
insert into section values('189', '2', 'Fall', 2004, 'i', '383', 'C');
insert into section values('969', '1', 'Fall', 2009, 'j', '41', 'P');
insert into section values('531', '1', 'Fall', 2004, 'j', '41', 'O');
insert into section values('181', '2', 'Fall', 2008, 'e', '598', 'A');
insert into section values('606', '1', 'Fall', 2009, 'i', '398', 'G');
insert into section values('523', '1', 'Spring', 2010, 'h', '8', 'O');
insert into section values('880', '1', 'Fall', 2005, 'j', '41', 'J');
insert into section values('556', '1', 'Spring', 2010, 'i', '108', 'L');
insert into section values('240', '2', 'Spring', 2005, 'i', '398', 'F');
insert into section values('966', '1', 'Spring', 2003, 'e', '598', 'J');
insert into section values('717', '1', 'Fall', 2003, 'e', '598', 'E');
insert into section values('493', '1', 'Fall', 2001, 'b', '558', 'K');
insert into section values('555', '1', 'Fall', 2006, 'g', '942', 'G');
insert into section values('610', '2', 'Spring', 2001, 'i', '108', 'I');
insert into section values('904', '1', 'Spring', 2008, 'i', '108', 'D');
insert into section values('681', '1', 'Fall', 2009, 'g', '942', 'O');
insert into section values('364', '1', 'Fall', 2004, 'i', '383', 'L');
insert into section values('245', '1', 'Fall', 2002, 'i', '383', 'O');
insert into section values('180', '2', 'Fall', 2002, 'f', '47', 'G');
insert into section values('450', '1', 'Fall', 2007, 'e', '598', 'H');
insert into section values('410', '1', 'Spring', 2008, 'f', '47', 'N');
insert into section values('735', '1', 'Fall', 2001, 'j', '807', 'B');
insert into section values('481', '1', 'Fall', 2002, 'b', '558', 'E');
insert into section values('612', '2', 'Fall', 2003, 'f', '47', 'F');
insert into section values('371', '1', 'Spring', 2003, 'f', '47', 'A');
insert into section values('899', '2', 'Spring', 2007, 'g', '942', 'C');
insert into section values('450', '2', 'Spring', 2009, 'b', '558', 'J');
insert into section values('147', '1', 'Fall', 2005, 'f', '47', 'P');
insert into section values('881', '1', 'Spring', 2008, 'h', '8', 'L');
insert into section values('415', '2', 'Fall', 2004, 'b', '558', 'G');
insert into section values('181', '3', 'Spring', 2004, 'j', '807', 'K');
insert into section values('675', '1', 'Spring', 2004, 'b', '558', 'E');
insert into section values('612', '3', 'Fall', 2007, 'e', '598', 'M');
insert into section values('410', '2', 'Spring', 2002, 'j', '807', 'K');
insert into section values('301', '1', 'Spring', 2008, 'i', '108', 'A');
insert into section values('523', '2', 'Fall', 2003, 'i', '108', 'L');
insert into section values('275', '1', 'Spring', 2005, 'i', '398', 'H');
insert into section values('610', '3', 'Fall', 2005, 'j', '41', 'C');
insert into section values('828', '1', 'Fall', 2001, 'e', '598', 'O');
insert into section values('430', '1', 'Fall', 2008, 'f', '47', 'C');
insert into section values('961', '2', 'Spring', 2004, 'g', '942', 'M');
insert into section values('395', '1', 'Fall', 2004, 'e', '598', 'F');
insert into section values('607', '1', 'Spring', 2004, 'h', '8', 'G');
insert into section values('114', '1', 'Spring', 2006, 'f', '47', 'B');
insert into section values('706', '1', 'Fall', 2004, 'f', '47', 'J');
insert into section values('261', '1', 'Fall', 2008, 'i', '398', 'B');
insert into section values('380', '2', 'Spring', 2010, 'j', '41', 'O');
insert into section values('750', '1', 'Fall', 2007, 'i', '383', 'G');
insert into section values('124', '1', 'Fall', 2005, 'g', '942', 'C');
insert into section values('633', '1', 'Spring', 2010, 'i', '398', 'F');
insert into section values('830', '1', 'Fall', 2003, 'j', '807', 'A');
insert into section values('801', '1', 'Fall', 2007, 'j', '41', 'F');
insert into section values('371', '2', 'Fall', 2004, 'b', '558', 'N');
insert into section values('493', '2', 'Spring', 2005, 'i', '398', 'D');
insert into section values('800', '2', 'Spring', 2003, 'i', '383', 'O');
insert into section values('196', '1', 'Fall', 2007, 'j', '807', 'L');
insert into section values('679', '1', 'Fall', 2001, 'g', '942', 'J');
insert into section values('261', '2', 'Fall', 2004, 'f', '47', 'P');
insert into section values('701', '1', 'Fall', 2006, 'f', '47', 'H');
insert into section values('140', '1', 'Fall', 2002, 'e', '598', 'N');
insert into section values('815', '2', 'Fall', 2006, 'f', '47', 'H');
insert into section values('584', '1', 'Fall', 2001, 'e', '598', 'G');
insert into section values('628', '2', 'Fall', 2010, 'h', '8', 'E');
insert into section values('128', '1', 'Spring', 2010, 'j', '807', 'M');
insert into section values('118', '1', 'Spring', 2010, 'h', '8', 'F');
insert into section values('409', '2', 'Fall', 2006, 'h', '8', 'L');
insert into section values('628', '3', 'Spring', 2008, 'i', '398', 'I');
insert into section values('220', '1', 'Spring', 2005, 'i', '383', 'O');
insert into section values('681', '2', 'Spring', 2008, 'i', '108', 'B');
insert into section values('510', '1', 'Spring', 2008, 'j', '41', 'O');
insert into section values('165', '2', 'Spring', 2009, 'i', '398', 'C');
insert into section values('493', '3', 'Fall', 2006, 'i', '108', 'C');
insert into section values('232', '1', 'Fall', 2006, 'j', '807', 'N');
insert into section values('348', '1', 'Fall', 2003, 'e', '598', 'I');
insert into section values('382', '1', 'Fall', 2009, 'j', '41', 'P');
insert into section values('668', '1', 'Spring', 2003, 'e', '598', 'C');
insert into section values('962', '1', 'Fall', 2002, 'h', '8', 'O');
insert into section values('884', '1', 'Fall', 2010, 'h', '8', 'M');
insert into section values('259', '1', 'Fall', 2002, 'i', '108', 'E');
insert into section values('979', '1', 'Fall', 2003, 'e', '598', 'N');
insert into section values('415', '3', 'Spring', 2003, 'i', '383', 'F');
insert into section values('523', '3', 'Fall', 2009, 'f', '47', 'L');
insert into section values('453', '2', 'Spring', 2004, 'g', '942', 'N');
insert into section values('177', '2', 'Spring', 2004, 'e', '598', 'H');
insert into section values('750', '2', 'Spring', 2001, 'b', '558', 'N');
insert into section values('962', '2', 'Fall', 2006, 'h', '8', 'C');
insert into section values('887', '1', 'Fall', 2005, 'j', '807', 'G');
insert into section values('776', '3', 'Fall', 2007, 'j', '807', 'E');
insert into section values('512', '1', 'Spring', 2001, 'j', '41', 'C');
insert into section values('701', '2', 'Spring', 2008, 'j', '41', 'C');
insert into section values('588', '3', 'Fall', 2002, 'g', '942', 'G');
insert into section values('880', '2', 'Fall', 2005, 'j', '41', 'A');
insert into section values('124', '2', 'Fall', 2007, 'h', '8', 'K');
insert into section values('985', '2', 'Fall', 2002, 'h', '8', 'K');
insert into section values('567', '1', 'Spring', 2001, 'j', '41', 'A');
insert into section values('305', '2', 'Fall', 2007, 'i', '108', 'J');
insert into section values('238', '2', 'Spring', 2001, 'g', '942', 'M');
insert into section values('631', '1', 'Fall', 2005, 'i', '398', 'K');
insert into section values('348', '2', 'Fall', 2006, 'i', '108', 'E');
insert into section values('748', '2', 'Fall', 2001, 'i', '398', 'H');
insert into section values('179', '1', 'Fall', 2007, 'j', '807', 'G');
insert into section values('985', '3', 'Fall', 2010, 'i', '398', 'B');
insert into section values('275', '2', 'Fall', 2005, 'i', '383', 'O');
insert into section values('463', '1', 'Spring', 2009, 'e', '598', 'L');
insert into section values('567', '2', 'Spring', 2010, 'i', '398', 'N');
insert into section values('491', '1', 'Spring', 2010, 'i', '108', 'B');
insert into section values('584', '2', 'Spring', 2008, 'i', '398', 'J');
insert into section values('678', '1', 'Spring', 2005, 'i', '108', 'A');
insert into section values('565', '1', 'Spring', 2003, 'j', '807', 'H');
insert into section values('322', '1', 'Fall', 2003, 'h', '8', 'B');
insert into section values('503', '1', 'Spring', 2004, 'i', '398', 'O');
insert into section values('228', '1', 'Fall', 2008, 'i', '383', 'M');
insert into section values('887', '2', 'Fall', 2001, 'i', '108', 'D');
insert into section values('453', '3', 'Fall', 2007, 'h', '8', 'E');
insert into section values('668', '2', 'Spring', 2008, 'g', '942', 'A');
insert into section values('322', '2', 'Fall', 2001, 'f', '47', 'B');
insert into section values('887', '3', 'Fall', 2010, 'h', '8', 'C');
insert into section values('535', '1', 'Fall', 2002, 'j', '807', 'H');
insert into section values('177', '3', 'Spring', 2001, 'g', '942', 'O');
insert into section values('388', '1', 'Spring', 2009, 'h', '8', 'A');
insert into section values('498', '1', 'Fall', 2003, 'i', '383', 'A');
insert into section values('588', '4', 'Spring', 2005, 'f', '47', 'N');
insert into section values('684', '1', 'Fall', 2005, 'h', '8', 'H');
insert into section values('606', '2', 'Spring', 2004, 'i', '383', 'H');
insert into section values('425', '2', 'Spring', 2001, 'g', '942', 'J');
insert into section values('556', '2', 'Fall', 2001, 'f', '47', 'J');
insert into section values('354', '1', 'Spring', 2008, 'g', '942', 'K');
insert into section values('228', '2', 'Fall', 2005, 'i', '108', 'E');
insert into section values('557', '1', 'Fall', 2003, 'i', '108', 'M');
insert into section values('612', '4', 'Fall', 2004, 'b', '558', 'P');
insert into section values('484', '2', 'Fall', 2003, 'e', '598', 'J');
insert into section values('648', '1', 'Spring', 2002, 'j', '807', 'E');
insert into section values('275', '3', 'Fall', 2009, 'f', '47', 'H');
insert into section values('423', '1', 'Fall', 2002, 'b', '558', 'B');
insert into section values('428', '1', 'Fall', 2006, 'h', '8', 'A');
insert into section values('476', '1', 'Spring', 2006, 'i', '108', 'D');
insert into section values('686', '1', 'Fall', 2001, 'f', '47', 'M');
insert into section values('301', '2', 'Fall', 2001, 'j', '41', 'A');
insert into section values('982', '1', 'Spring', 2003, 'g', '942', 'E');
insert into section values('881', '2', 'Fall', 2007, 'j', '807', 'E');
insert into section values('252', '1', 'Fall', 2004, 'g', '942', 'C');
insert into section values('555', '2', 'Fall', 2010, 'i', '108', 'J');
insert into section values('278', '1', 'Spring', 2007, 'h', '8', 'G');
insert into section values('556', '3', 'Fall', 2008, 'j', '807', 'H');
insert into section values('711', '1', 'Fall', 2007, 'h', '8', 'I');
insert into section values('859', '1', 'Fall', 2006, 'e', '598', 'K');
insert into section values('293', '1', 'Fall', 2007, 'e', '598', 'J');
insert into section values('535', '2', 'Spring', 2009, 'i', '383', 'G');
insert into section values('636', '1', 'Fall', 2001, 'b', '558', 'A');
insert into section values('748', '3', 'Fall', 2004, 'i', '383', 'B');
insert into section values('829', '1', 'Fall', 2006, 'g', '942', 'P');
insert into section values('892', '1', 'Spring', 2005, 'e', '598', 'E');
insert into section values('340', '1', 'Fall', 2004, 'i', '108', 'N');
insert into section values('748', '4', 'Spring', 2007, 'b', '558', 'M');
insert into section values('505', '2', 'Fall', 2001, 'e', '598', 'C');
insert into section values('933', '1', 'Fall', 2009, 'b', '558', 'C');
insert into section values('555', '3', 'Spring', 2001, 'h', '8', 'I');
insert into section values('801', '2', 'Spring', 2003, 'i', '398', 'G');
insert into section values('463', '2', 'Spring', 2005, 'i', '383', 'C');
insert into section values('128', '2', 'Fall', 2006, 'e', '598', 'I');
insert into section values('679', '2', 'Fall', 2003, 'i', '383', 'M');
insert into section values('612', '5', 'Spring', 2007, 'g', '942', 'M');
insert into section values('801', '3', 'Spring', 2007, 'i', '383', 'G');
insert into section values('241', '1', 'Spring', 2008, 'i', '383', 'B');
insert into section values('861', '1', 'Fall', 2006, 'i', '108', 'O');
insert into section values('838', '1', 'Spring', 2003, 'f', '47', 'I');
insert into section values('962', '3', 'Spring', 2010, 'h', '8', 'L');
insert into section values('789', '1', 'Fall', 2007, 'j', '807', 'L');
insert into section values('240', '3', 'Spring', 2010, 'f', '47', 'K');
insert into section values('275', '4', 'Spring', 2004, 'h', '8', 'H');
insert into section values('969', '2', 'Fall', 2010, 'e', '598', 'K');
insert into section values('161', '2', 'Fall', 2005, 'i', '398', 'P');
insert into section values('523', '4', 'Spring', 2002, 'j', '41', 'P');
insert into section values('828', '2', 'Fall', 2006, 'f', '47', 'E');
insert into section values('453', '4', 'Fall', 2008, 'e', '598', 'A');
insert into section values('851', '2', 'Fall', 2008, 'i', '398', 'D');
insert into section values('961', '3', 'Spring', 2010, 'f', '47', 'J');
insert into section values('159', '1', 'Spring', 2006, 'g', '942', 'D');
insert into section values('389', '1', 'Spring', 2009, 'f', '47', 'M');
insert into section values('606', '3', 'Fall', 2006, 'h', '8', 'I');
insert into section values('403', '1', 'Spring', 2003, 'j', '41', 'D');
insert into section values('877', '1', 'Fall', 2005, 'j', '807', 'N');
insert into section values('503', '2', 'Spring', 2006, 'e', '598', 'L');
insert into section values('476', '2', 'Spring', 2010, 'b', '558', 'L');
insert into section values('423', '2', 'Fall', 2009, 'j', '41', 'G');
insert into section values('428', '2', 'Fall', 2008, 'j', '807', 'I');
insert into section values('828', '3', 'Fall', 2010, 'g', '942', 'C');
insert into section values('648', '2', 'Fall', 2001, 'f', '47', 'I');
insert into section values('941', '2', 'Spring', 2009, 'i', '398', 'K');
insert into section values('177', '4', 'Fall', 2004, 'i', '383', 'H');
insert into section values('189', '3', 'Fall', 2005, 'h', '8', 'A');
insert into section values('549', '1', 'Spring', 2009, 'h', '8', 'J');
insert into section values('124', '3', 'Spring', 2009, 'j', '41', 'B');
insert into section values('354', '2', 'Spring', 2005, 'i', '383', 'E');
insert into section values('380', '3', 'Fall', 2010, 'j', '41', 'M');
insert into section values('241', '2', 'Fall', 2003, 'j', '41', 'H');
insert into section values('617', '2', 'Fall', 2008, 'i', '108', 'N');
insert into section values('395', '2', 'Spring', 2008, 'h', '8', 'K');
insert into section values('780', '1', 'Fall', 2007, 'h', '8', 'N');
insert into section values('590', '2', 'Fall', 2006, 'f', '47', 'D');
insert into section values('678', '2', 'Spring', 2006, 'h', '8', 'I');
insert into section values('159', '2', 'Spring', 2005, 'i', '398', 'P');
insert into section values('342', '1', 'Fall', 2009, 'h', '8', 'A');
insert into section values('969', '3', 'Fall', 2009, 'h', '8', 'D');
insert into section values('112', '1', 'Fall', 2004, 'j', '41', 'C');
insert into section values('648', '3', 'Spring', 2004, 'j', '807', 'B');
insert into section values('780', '2', 'Fall', 2008, 'f', '47', 'F');
insert into section values('277', '1', 'Spring', 2006, 'j', '807', 'G');
insert into section values('322', '3', 'Fall', 2009, 'h', '8', 'G');
insert into section values('430', '2', 'Fall', 2005, 'j', '41', 'G');
insert into section values('895', '2', 'Fall', 2006, 'b', '558', 'H');
insert into section values('140', '2', 'Fall', 2001, 'f', '47', 'D');
insert into section values('945', '1', 'Fall', 2008, 'i', '383', 'N');
insert into section values('686', '2', 'Spring', 2002, 'h', '8', 'L');
insert into section values('590', '3', 'Spring', 2008, 'g', '942', 'O');
insert into section values('607', '2', 'Spring', 2007, 'g', '942', 'J');
insert into section values('904', '2', 'Spring', 2007, 'j', '807', 'G');
insert into section values('584', '3', 'Spring', 2003, 'h', '8', 'E');
insert into section values('557', '2', 'Fall', 2007, 'f', '47', 'J');
insert into section values('395', '3', 'Fall', 2003, 'f', '47', 'E');
insert into section values('750', '3', 'Spring', 2005, 'i', '398', 'H');
insert into section values('964', '2', 'Spring', 2005, 'i', '383', 'K');
insert into section values('517', '1', 'Spring', 2002, 'h', '8', 'L');
insert into section values('813', '1', 'Spring', 2006, 'i', '398', 'D');
insert into section values('419', '1', 'Spring', 2002, 'i', '108', 'P');
insert into section values('933', '2', 'Spring', 2006, 'i', '108', 'E');
insert into section values('430', '3', 'Fall', 2004, 'i', '108', 'H');
insert into section values('962', '4', 'Fall', 2010, 'f', '47', 'A');
insert into section values('225', '1', 'Fall', 2002, 'j', '807', 'D');
insert into section values('855', '1', 'Fall', 2006, 'e', '598', 'E');
insert into section values('846', '2', 'Fall', 2006, 'i', '108', 'M');
insert into section values('895', '3', 'Spring', 2005, 'f', '47', 'K');
insert into section values('573', '1', 'Spring', 2005, 'i', '398', 'I');
insert into section values('982', '2', 'Fall', 2010, 'b', '558', 'I');
insert into section values('171', '1', 'Spring', 2004, 'e', '598', 'D');
insert into section values('354', '3', 'Fall', 2010, 'b', '558', 'P');
insert into section values('238', '3', 'Fall', 2010, 'j', '41', 'F');
insert into section values('106', '1', 'Fall', 2007, 'e', '598', 'A');
insert into section values('584', '4', 'Spring', 2008, 'i', '108', 'G');
insert into section values('124', '4', 'Spring', 2002, 'j', '41', 'M');
insert into section values('196', '2', 'Spring', 2010, 'e', '598', 'A');
insert into section values('612', '6', 'Fall', 2002, 'i', '398', 'K');
insert into section values('679', '3', 'Spring', 2008, 'g', '942', 'I');
insert into section values('704', '1', 'Spring', 2001, 'f', '47', 'P');
insert into section values('545', '1', 'Spring', 2010, 'h', '8', 'O');
insert into section values('595', '1', 'Fall', 2009, 'g', '942', 'B');
insert into section values('994', '2', 'Spring', 2003, 'j', '41', 'E');
insert into section values('382', '2', 'Fall', 2010, 'h', '8', 'N');
insert into section values('628', '4', 'Fall', 2010, 'e', '598', 'J');
insert into section values('450', '3', 'Fall', 2009, 'j', '41', 'O');
insert into section values('607', '3', 'Spring', 2001, 'h', '8', 'K');
insert into section values('225', '2', 'Spring', 2008, 'j', '41', 'M');
insert into section values('330', '1', 'Spring', 2009, 'i', '383', 'G');
insert into section values('648', '4', 'Fall', 2008, 'h', '8', 'A');
insert into section values('895', '4', 'Fall', 2004, 'h', '8', 'A');
insert into section values('838', '2', 'Fall', 2005, 'i', '108', 'C');
insert into section values('573', '2', 'Spring', 2003, 'f', '47', 'I');
insert into section values('636', '2', 'Spring', 2002, 'j', '41', 'E');
insert into section values('743', '1', 'Fall', 2009, 'g', '942', 'A');
insert into section values('984', '2', 'Spring', 2010, 'j', '807', 'L');
insert into section values('367', '1', 'Fall', 2003, 'h', '8', 'I');
insert into section values('118', '2', 'Fall', 2002, 'b', '558', 'D');
insert into section values('680', '1', 'Fall', 2009, 'i', '398', 'K');
insert into section values('388', '2', 'Spring', 2005, 'i', '108', 'J');
insert into section values('484', '3', 'Spring', 2009, 'h', '8', 'H');
insert into section values('899', '3', 'Fall', 2009, 'g', '942', 'I');
insert into section values('861', '2', 'Spring', 2006, 'i', '383', 'N');
insert into section values('177', '5', 'Fall', 2007, 'e', '598', 'M');
insert into section values('275', '5', 'Fall', 2008, 'i', '398', 'G');
insert into section values('813', '2', 'Fall', 2002, 'j', '807', 'O');
insert into section values('228', '3', 'Spring', 2004, 'j', '807', 'F');
insert into section values('315', '2', 'Spring', 2003, 'i', '398', 'E');
insert into section values('245', '2', 'Spring', 2010, 'i', '398', 'A');
insert into section values('181', '4', 'Spring', 2003, 'f', '47', 'N');
insert into section values('177', '6', 'Spring', 2001, 'j', '807', 'O');
insert into section values('348', '3', 'Fall', 2006, 'g', '942', 'N');
insert into section values('177', '7', 'Fall', 2003, 'i', '398', 'J');
insert into section values('859', '2', 'Spring', 2007, 'j', '807', 'N');
insert into section values('212', '1', 'Fall', 2006, 'i', '383', 'F');
insert into section values('945', '2', 'Fall', 2001, 'b', '558', 'M');
insert into section values('843', '1', 'Fall', 2005, 'i', '398', 'A');
insert into section values('828', '4', 'Spring', 2010, 'i', '398', 'L');
insert into section values('241', '3', 'Fall', 2004, 'b', '558', 'A');
insert into section values('580', '1', 'Fall', 2004, 'i', '398', 'A');
insert into section values('322', '4', 'Spring', 2005, 'h', '8', 'I');
insert into section values('599', '1', 'Fall', 2006, 'f', '47', 'E');
insert into section values('112', '2', 'Fall', 2003, 'b', '558', 'O');
insert into section values('884', '2', 'Spring', 2002, 'j', '807', 'N');
insert into section values('610', '4', 'Fall', 2006, 'i', '398', 'I');
insert into section values('523', '5', 'Fall', 2006, 'i', '108', 'I');
insert into section values('493', '4', 'Fall', 2004, 'h', '8', 'J');
insert into section values('504', '1', 'Spring', 2007, 'b', '558', 'C');
insert into section values('636', '3', 'Spring', 2005, 'i', '383', 'B');
insert into section values('159', '3', 'Fall', 2005, 'j', '807', 'L');
insert into section values('567', '3', 'Spring', 2004, 'b', '558', 'D');
insert into section values('114', '2', 'Spring', 2001, 'e', '598', 'D');
insert into section values('177', '8', 'Spring', 2007, 'b', '558', 'E');
insert into section values('899', '4', 'Spring', 2008, 'g', '942', 'B');
insert into section values('964', '3', 'Fall', 2001, 'b', '558', 'D');
insert into section values('535', '3', 'Spring', 2010, 'j', '807', 'N');
insert into section values('526', '1', 'Spring', 2001, 'b', '558', 'N');
insert into section values('388', '3', 'Fall', 2002, 'j', '807', 'P');
insert into section values('293', '2', 'Fall', 2001, 'i', '383', 'D');
insert into section values('686', '3', 'Fall', 2008, 'g', '942', 'H');
insert into section values('491', '2', 'Fall', 2008, 'j', '41', 'E');
insert into section values('252', '2', 'Spring', 2003, 'h', '8', 'F');
insert into section values('945', '3', 'Fall', 2008, 'h', '8', 'A');
insert into section values('859', '3', 'Fall', 2002, 'e', '598', 'L');
insert into section values('962', '5', 'Fall', 2009, 'b', '558', 'J');
insert into section values('859', '4', 'Spring', 2007, 'b', '558', 'G');
insert into section values('985', '4', 'Fall', 2002, 'i', '383', 'P');
insert into section values('984', '3', 'Spring', 2003, 'i', '398', 'A');
insert into section values('491', '3', 'Spring', 2007, 'j', '41', 'I');
insert into section values('950', '1', 'Fall', 2007, 'i', '398', 'E');
insert into section values('275', '6', 'Fall', 2009, 'h', '8', 'J');
insert into section values('748', '5', 'Spring', 2003, 'i', '108', 'K');
insert into section values('800', '3', 'Fall', 2006, 'i', '398', 'C');
insert into section values('985', '5', 'Spring', 2009, 'f', '47', 'K');
insert into section values('395', '4', 'Spring', 2005, 'b', '558', 'E');
insert into section values('687', '1', 'Fall', 2007, 'j', '41', 'D');
insert into section values('941', '3', 'Spring', 2008, 'j', '807', 'O');
insert into section values('633', '2', 'Fall', 2010, 'j', '807', 'D');
insert into section values('776', '4', 'Spring', 2009, 'j', '41', 'C');
insert into section values('106', '2', 'Fall', 2002, 'i', '108', 'P');
insert into section values('523', '6', 'Fall', 2001, 'f', '47', 'K');
insert into section values('588', '5', 'Spring', 2004, 'i', '108', 'J');
insert into section values('633', '3', 'Spring', 2008, 'i', '383', 'D');
insert into section values('706', '2', 'Fall', 2005, 'j', '807', 'K');
insert into section values('750', '4', 'Fall', 2010, 'g', '942', 'N');
insert into section values('162', '1', 'Spring', 2005, 'i', '398', 'N');
insert into section values('423', '3', 'Fall', 2007, 'b', '558', 'P');
insert into section values('419', '2', 'Fall', 2004, 'j', '807', 'A');
insert into section values('892', '2', 'Fall', 2009, 'f', '47', 'P');
insert into section values('555', '4', 'Spring', 2009, 'e', '598', 'C');
insert into section values('503', '3', 'Spring', 2010, 'f', '47', 'A');
insert into section values('327', '1', 'Fall', 2001, 'f', '47', 'B');
insert into section values('512', '2', 'Fall', 2001, 'h', '8', 'O');
insert into section values('108', '1', 'Spring', 2005, 'g', '942', 'K');
insert into section values('278', '2', 'Fall', 2003, 'i', '383', 'L');
insert into section values('225', '3', 'Spring', 2004, 'e', '598', 'N');
insert into section values('893', '1', 'Spring', 2002, 'j', '41', 'G');
insert into section values('565', '2', 'Spring', 2004, 'f', '47', 'A');
insert into section values('869', '2', 'Spring', 2009, 'j', '41', 'K');
insert into section values('628', '5', 'Spring', 2001, 'g', '942', 'G');
insert into section values('423', '4', 'Spring', 2010, 'i', '383', 'O');
insert into section values('106', '3', 'Fall', 2001, 'j', '807', 'M');
insert into section values('340', '2', 'Spring', 2005, 'j', '807', 'O');
insert into section values('768', '3', 'Fall', 2002, 'f', '47', 'B');
insert into section values('235', '1', 'Fall', 2005, 'f', '47', 'F');
insert into section values('545', '2', 'Spring', 2010, 'e', '598', 'A');
insert into section values('165', '3', 'Spring', 2005, 'i', '108', 'D');
insert into section values('876', '1', 'Spring', 2004, 'b', '558', 'G');
insert into section values('933', '3', 'Fall', 2010, 'g', '942', 'M');
insert into section values('419', '3', 'Spring', 2009, 'e', '598', 'P');
insert into section values('944', '1', 'Fall', 2010, 'i', '108', 'N');
insert into section values('580', '2', 'Fall', 2006, 'i', '398', 'J');
insert into section values('447', '1', 'Spring', 2002, 'b', '558', 'J');
insert into section values('171', '2', 'Spring', 2002, 'j', '807', 'F');
insert into section values('140', '3', 'Fall', 2008, 'i', '108', 'N');
insert into section values('493', '5', 'Spring', 2001, 'j', '807', 'D');
insert into section values('171', '3', 'Fall', 2007, 'i', '383', 'H');
insert into section values('877', '2', 'Spring', 2007, 'j', '807', 'D');
insert into section values('880', '3', 'Fall', 2010, 'i', '108', 'H');
insert into section values('893', '2', 'Spring', 2007, 'j', '41', 'G');
insert into section values('680', '2', 'Fall', 2005, 'i', '108', 'C');
insert into section values('168', '1', 'Fall', 2006, 'j', '41', 'C');
insert into section values('403', '2', 'Spring', 2008, 'j', '807', 'N');
insert into section values('503', '4', 'Spring', 2002, 'g', '942', 'E');
insert into section values('162', '2', 'Fall', 2007, 'e', '598', 'H');
insert into section values('944', '2', 'Spring', 2007, 'i', '108', 'P');
insert into section values('681', '3', 'Spring', 2008, 'b', '558', 'A');
insert into section values('687', '2', 'Fall', 2007, 'j', '807', 'B');
insert into section values('180', '3', 'Spring', 2008, 'g', '942', 'O');
insert into section values('415', '4', 'Spring', 2008, 'i', '383', 'D');
insert into section values('419', '4', 'Spring', 2008, 'j', '807', 'M');
insert into section values('984', '4', 'Spring', 2007, 'i', '108', 'E');
insert into section values('646', '1', 'Spring', 2001, 'e', '598', 'I');
insert into section values('668', '3', 'Spring', 2002, 'i', '383', 'P');
insert into section values('517', '2', 'Spring', 2004, 'f', '47', 'A');
insert into section values('504', '2', 'Fall', 2010, 'g', '942', 'M');
insert into section values('305', '3', 'Fall', 2008, 'i', '398', 'H');
insert into section values('476', '3', 'Spring', 2008, 'i', '108', 'J');
insert into section values('567', '4', 'Spring', 2007, 'i', '398', 'A');
insert into section values('884', '3', 'Fall', 2004, 'e', '598', 'L');
insert into section values('869', '3', 'Fall', 2010, 'i', '108', 'P');
insert into section values('393', '1', 'Spring', 2002, 'b', '558', 'N');
insert into section values('646', '2', 'Fall', 2003, 'e', '598', 'G');
insert into section values('498', '2', 'Spring', 2009, 'h', '8', 'M');
insert into section values('189', '4', 'Fall', 2005, 'i', '108', 'H');
insert into section values('606', '4', 'Fall', 2008, 'b', '558', 'G');
insert into section values('590', '4', 'Spring', 2004, 'i', '108', 'C');
insert into section values('565', '3', 'Fall', 2006, 'e', '598', 'O');
insert into section values('813', '3', 'Fall', 2003, 'i', '383', 'O');
insert into section values('675', '2', 'Fall', 2008, 'i', '108', 'F');
insert into section values('557', '3', 'Fall', 2008, 'j', '807', 'B');
insert into section values('816', '1', 'Fall', 2001, 'b', '558', 'B');
insert into section values('535', '4', 'Spring', 2005, 'h', '8', 'C');
insert into section values('410', '3', 'Fall', 2005, 'g', '942', 'M');
insert into section values('106', '4', 'Fall', 2004, 'j', '807', 'J');
insert into section values('680', '3', 'Fall', 2004, 'e', '598', 'H');
insert into section values('277', '2', 'Spring', 2008, 'b', '558', 'E');
insert into section values('555', '5', 'Spring', 2006, 'i', '108', 'M');
insert into section values('631', '2', 'Spring', 2008, 'i', '383', 'E');
insert into section values('235', '2', 'Fall', 2001, 'i', '108', 'D');
insert into section values('966', '2', 'Fall', 2010, 'g', '942', 'H');
insert into section values('315', '3', 'Fall', 2009, 'i', '108', 'D');
insert into section values('717', '2', 'Spring', 2008, 'b', '558', 'O');
insert into section values('711', '2', 'Fall', 2007, 'i', '398', 'E');
insert into section values('322', '5', 'Spring', 2007, 'h', '8', 'G');
insert into section values('112', '3', 'Spring', 2003, 'b', '558', 'B');
insert into section values('647', '1', 'Fall', 2007, 'j', '807', 'A');
insert into section values('717', '3', 'Spring', 2007, 'j', '41', 'J');
insert into section values('904', '3', 'Fall', 2001, 'i', '108', 'P');
insert into section values('116', '1', 'Spring', 2008, 'h', '8', 'H');
insert into section values('179', '2', 'Spring', 2002, 'g', '942', 'N');
insert into section values('371', '3', 'Fall', 2007, 'j', '41', 'D');
insert into section values('463', '3', 'Spring', 2005, 'j', '807', 'H');
insert into section values('800', '4', 'Spring', 2007, 'b', '558', 'K');
insert into section values('535', '5', 'Fall', 2004, 'e', '598', 'M');
insert into section values('450', '4', 'Spring', 2001, 'g', '942', 'E');
insert into section values('226', '2', 'Fall', 2008, 'h', '8', 'P');
insert into section values('395', '5', 'Fall', 2010, 'b', '558', 'N');
insert into section values('482', '1', 'Fall', 2004, 'f', '47', 'M');
insert into section values('531', '2', 'Fall', 2003, 'i', '383', 'C');
insert into section values('228', '4', 'Fall', 2006, 'j', '807', 'G');
insert into section values('648', '5', 'Spring', 2003, 'b', '558', 'C');
insert into section values('162', '3', 'Fall', 2006, 'g', '942', 'A');
insert into section values('491', '4', 'Spring', 2008, 'i', '383', 'K');
insert into section values('549', '2', 'Fall', 2007, 'i', '383', 'K');
insert into section values('112', '4', 'Spring', 2007, 'e', '598', 'O');
insert into section values('565', '4', 'Spring', 2004, 'e', '598', 'A');
insert into section values('648', '6', 'Spring', 2005, 'g', '942', 'B');
insert into section values('893', '3', 'Spring', 2006, 'j', '807', 'B');
insert into section values('240', '4', 'Fall', 2007, 'g', '942', 'L');
insert into section values('704', '2', 'Spring', 2010, 'i', '383', 'A');
insert into section values('800', '5', 'Spring', 2005, 'i', '383', 'F');
insert into section values('118', '3', 'Spring', 2009, 'f', '47', 'K');
insert into section values('916', '2', 'Spring', 2004, 'i', '108', 'N');
insert into section values('226', '3', 'Fall', 2010, 'h', '8', 'O');
insert into section values('128', '3', 'Fall', 2003, 'e', '598', 'D');
insert into section values('768', '4', 'Fall', 2009, 'i', '108', 'J');
insert into section values('327', '2', 'Spring', 2002, 'f', '47', 'I');
insert into section values('447', '2', 'Fall', 2004, 'b', '558', 'K');
insert into section values('476', '4', 'Spring', 2009, 'f', '47', 'H');
insert into section values('389', '2', 'Spring', 2006, 'j', '41', 'G');
insert into section values('646', '3', 'Spring', 2007, 'j', '41', 'N');
insert into section values('240', '5', 'Spring', 2003, 'j', '41', 'D');
insert into section values('884', '4', 'Spring', 2009, 'j', '807', 'B');
insert into section values('941', '4', 'Fall', 2004, 'f', '47', 'E');
insert into section values('916', '3', 'Fall', 2002, 'g', '942', 'I');
insert into section values('330', '2', 'Spring', 2006, 'f', '47', 'B');
insert into section values('892', '3', 'Spring', 2009, 'h', '8', 'A');
insert into section values('482', '2', 'Fall', 2001, 'b', '558', 'C');
insert into section values('180', '4', 'Spring', 2007, 'j', '807', 'L');
insert into section values('717', '4', 'Fall', 2005, 'i', '383', 'O');
insert into section values('259', '2', 'Fall', 2008, 'f', '47', 'M');
insert into section values('168', '2', 'Spring', 2005, 'e', '598', 'E');
insert into section values('929', '1', 'Spring', 2001, 'f', '47', 'E');
insert into section values('367', '2', 'Fall', 2006, 'b', '558', 'I');
insert into section values('681', '4', 'Fall', 2010, 'i', '383', 'N');
insert into section values('706', '3', 'Spring', 2004, 'i', '383', 'M');
insert into section values('612', '7', 'Fall', 2003, 'j', '807', 'B');
insert into section values('114', '3', 'Fall', 2007, 'i', '398', 'C');
insert into section values('881', '3', 'Fall', 2008, 'i', '108', 'I');
insert into section values('966', '3', 'Fall', 2004, 'j', '41', 'N');
insert into section values('496', '1', 'Fall', 2010, 'i', '398', 'G');
insert into section values('631', '3', 'Spring', 2008, 'e', '598', 'C');
insert into section values('124', '5', 'Fall', 2010, 'e', '598', 'J');
insert into section values('555', '6', 'Spring', 2003, 'j', '807', 'N');
insert into section values('388', '4', 'Fall', 2002, 'g', '942', 'K');
insert into section values('161', '3', 'Fall', 2005, 'i', '108', 'G');
insert into section values('851', '3', 'Fall', 2004, 'g', '942', 'I');
insert into section values('595', '2', 'Fall', 2001, 'j', '41', 'L');
insert into section values('801', '4', 'Spring', 2009, 'j', '41', 'A');
insert into section values('305', '4', 'Spring', 2002, 'h', '8', 'E');
insert into section values('428', '3', 'Spring', 2006, 'i', '383', 'C');
insert into section values('606', '5', 'Fall', 2009, 'f', '47', 'H');
insert into section values('851', '4', 'Spring', 2002, 'b', '558', 'H');
insert into section values('844', '1', 'Spring', 2006, 'f', '47', 'K');
insert into section values('687', '3', 'Fall', 2003, 'g', '942', 'A');
insert into section values('982', '3', 'Spring', 2006, 'i', '108', 'C');
insert into section values('340', '3', 'Spring', 2005, 'b', '558', 'A');
insert into section values('301', '3', 'Spring', 2001, 'j', '807', 'E');
insert into section values('419', '5', 'Fall', 2002, 'e', '598', 'L');
insert into section values('607', '4', 'Fall', 2004, 'i', '108', 'N');
insert into section values('588', '6', 'Fall', 2003, 'b', '558', 'G');
insert into section values('220', '2', 'Fall', 2001, 'g', '942', 'P');
insert into section values('631', '4', 'Fall', 2003, 'j', '807', 'J');
insert into section values('116', '2', 'Fall', 2001, 'b', '558', 'E');
insert into section values('322', '6', 'Spring', 2002, 'f', '47', 'D');
insert into section values('884', '5', 'Fall', 2008, 'h', '8', 'O');
insert into section values('881', '4', 'Spring', 2003, 'j', '41', 'I');
insert into section values('565', '5', 'Fall', 2010, 'i', '398', 'F');
insert into section values('447', '3', 'Fall', 2001, 'i', '398', 'K');
insert into section values('994', '3', 'Spring', 2010, 'i', '383', 'I');
insert into section values('168', '3', 'Spring', 2003, 'e', '598', 'P');
insert into section values('801', '5', 'Fall', 2010, 'j', '41', 'K');
insert into section values('484', '4', 'Fall', 2009, 'j', '41', 'J');
insert into section values('555', '7', 'Fall', 2005, 'i', '383', 'D');
insert into section values('423', '5', 'Spring', 2006, 'i', '398', 'M');
insert into section values('800', '6', 'Spring', 2004, 'i', '108', 'B');
insert into section values('340', '4', 'Fall', 2006, 'i', '383', 'L');
insert into section values('636', '4', 'Spring', 2003, 'i', '398', 'I');
insert into section values('403', '3', 'Spring', 2008, 'h', '8', 'K');
insert into section values('496', '2', 'Spring', 2009, 'b', '558', 'B');
insert into section values('252', '3', 'Spring', 2010, 'h', '8', 'P');
insert into section values('838', '3', 'Fall', 2004, 'e', '598', 'J');
insert into section values('476', '5', 'Fall', 2010, 'b', '558', 'P');
insert into section values('371', '4', 'Spring', 2009, 'i', '383', 'D');
insert into section values('108', '2', 'Spring', 2004, 'i', '398', 'B');
insert into section values('607', '5', 'Spring', 2010, 'g', '942', 'O');
insert into section values('240', '6', 'Spring', 2005, 'g', '942', 'J');
insert into section values('623', '1', 'Fall', 2009, 'b', '558', 'G');
insert into section values('161', '4', 'Fall', 2010, 'i', '108', 'H');
insert into section values('869', '4', 'Spring', 2001, 'i', '383', 'L');
insert into section values('724', '1', 'Spring', 2008, 'i', '108', 'C');
insert into section values('196', '3', 'Spring', 2010, 'g', '942', 'E');
insert into section values('892', '4', 'Fall', 2005, 'j', '41', 'P');
insert into section values('545', '3', 'Spring', 2009, 'g', '942', 'O');
insert into section values('382', '3', 'Fall', 2010, 'j', '807', 'C');
insert into section values('633', '4', 'Spring', 2006, 'i', '398', 'O');
insert into section values('274', '1', 'Spring', 2003, 'g', '942', 'F');
insert into section values('357', '1', 'Fall', 2002, 'f', '47', 'F');
insert into section values('904', '4', 'Fall', 2003, 'i', '398', 'G');
insert into section values('196', '4', 'Spring', 2001, 'f', '47', 'B');
insert into section values('588', '7', 'Spring', 2008, 'h', '8', 'I');
insert into section values('899', '5', 'Fall', 2004, 'b', '558', 'C');
insert into section values('128', '4', 'Spring', 2010, 'j', '807', 'M');
insert into section values('880', '4', 'Spring', 2004, 'h', '8', 'C');
insert into section values('450', '5', 'Spring', 2002, 'b', '558', 'C');
insert into section values('382', '4', 'Spring', 2005, 'f', '47', 'F');
insert into section values('681', '5', 'Spring', 2005, 'h', '8', 'N');
insert into section values('322', '7', 'Fall', 2003, 'g', '942', 'E');
insert into section values('116', '3', 'Fall', 2007, 'j', '41', 'D');
insert into section values('531', '3', 'Spring', 2003, 'b', '558', 'L');
insert into section values('301', '4', 'Fall', 2004, 'j', '41', 'J');
insert into section values('706', '4', 'Spring', 2007, 'i', '383', 'F');
insert into section values('776', '5', 'Fall', 2010, 'i', '383', 'N');
insert into section values('226', '4', 'Spring', 2003, 'b', '558', 'G');
insert into section values('423', '6', 'Spring', 2001, 'e', '598', 'M');
insert into section values('114', '4', 'Fall', 2006, 'e', '598', 'I');
insert into section values('964', '4', 'Fall', 2002, 'b', '558', 'L');
insert into section values('962', '6', 'Spring', 2005, 'j', '41', 'F');
insert into section values('241', '4', 'Fall', 2007, 'f', '47', 'D');
insert into section values('112', '5', 'Spring', 2010, 'i', '108', 'E');
insert into section values('269', '1', 'Fall', 2003, 'g', '942', 'M');
insert into section values('768', '5', 'Fall', 2004, 'j', '41', 'O');
insert into section values('371', '5', 'Spring', 2002, 'i', '398', 'I');
insert into section values('228', '5', 'Spring', 2009, 'f', '47', 'H');
insert into section values('380', '4', 'Spring', 2009, 'b', '558', 'D');
insert into section values('159', '4', 'Spring', 2008, 'i', '383', 'I');
insert into section values('701', '3', 'Fall', 2002, 'i', '108', 'L');
insert into section values('869', '5', 'Fall', 2006, 'h', '8', 'D');
insert into section values('892', '5', 'Spring', 2007, 'g', '942', 'J');
insert into section values('703', '1', 'Spring', 2008, 'e', '598', 'O');
insert into section values('512', '3', 'Fall', 2002, 'j', '41', 'M');
insert into section values('277', '3', 'Fall', 2001, 'j', '41', 'J');
insert into section values('813', '4', 'Spring', 2006, 'i', '383', 'O');
insert into section values('580', '3', 'Fall', 2010, 'h', '8', 'L');
insert into section values('964', '5', 'Spring', 2002, 'f', '47', 'L');
insert into section values('118', '4', 'Spring', 2003, 'i', '398', 'O');
insert into section values('629', '2', 'Fall', 2001, 'j', '807', 'E');
insert into section values('646', '4', 'Spring', 2002, 'j', '41', 'A');
insert into section values('496', '3', 'Spring', 2010, 'i', '383', 'I');
insert into section values('922', '1', 'Fall', 2008, 'e', '598', 'H');
insert into section values('380', '5', 'Spring', 2001, 'g', '942', 'K');
insert into section values('724', '2', 'Spring', 2008, 'f', '47', 'N');
insert into section values('830', '2', 'Spring', 2009, 'i', '398', 'E');
insert into section values('430', '4', 'Spring', 2002, 'f', '47', 'I');
insert into section values('159', '5', 'Fall', 2007, 'j', '807', 'A');
insert into section values('780', '3', 'Spring', 2003, 'j', '41', 'H');
insert into section values('588', '8', 'Fall', 2002, 'i', '108', 'E');
insert into section values('830', '3', 'Fall', 2009, 'e', '598', 'M');
insert into section values('556', '4', 'Spring', 2007, 'i', '108', 'N');
insert into section values('994', '4', 'Spring', 2005, 'g', '942', 'G');
insert into section values('245', '3', 'Spring', 2006, 'h', '8', 'B');
insert into section values('504', '3', 'Spring', 2006, 'h', '8', 'K');
insert into section values('327', '3', 'Spring', 2010, 'i', '108', 'H');
insert into section values('573', '3', 'Spring', 2006, 'f', '47', 'H');
insert into section values('327', '4', 'Fall', 2007, 'f', '47', 'D');
insert into section values('330', '3', 'Spring', 2007, 'b', '558', 'A');
insert into section values('829', '2', 'Fall', 2008, 'g', '942', 'A');
insert into section values('813', '5', 'Spring', 2004, 'g', '942', 'I');
insert into section values('128', '5', 'Fall', 2002, 'i', '398', 'L');
insert into section values('535', '6', 'Spring', 2008, 'g', '942', 'J');
insert into section values('159', '6', 'Fall', 2006, 'j', '807', 'M');
insert into section values('717', '5', 'Spring', 2001, 'b', '558', 'H');
insert into section values('380', '6', 'Spring', 2010, 'j', '41', 'L');
insert into section values('463', '4', 'Spring', 2010, 'j', '41', 'N');
insert into section values('177', '9', 'Fall', 2005, 'b', '558', 'M');
insert into section values('128', '6', 'Spring', 2008, 'i', '383', 'K');
insert into section values('382', '5', 'Fall', 2001, 'g', '942', 'C');
insert into section values('225', '4', 'Spring', 2004, 'f', '47', 'N');
insert into section values('177', '10', 'Spring', 2009, 'i', '383', 'D');
insert into section values('228', '6', 'Spring', 2001, 'f', '47', 'F');
insert into section values('428', '4', 'Spring', 2010, 'e', '598', 'C');
insert into section values('162', '4', 'Fall', 2002, 'h', '8', 'D');
insert into section values('482', '3', 'Spring', 2010, 'j', '807', 'O');
insert into section values('327', '5', 'Fall', 2007, 'b', '558', 'L');
insert into section values('241', '5', 'Spring', 2006, 'i', '108', 'K');
insert into section values('984', '5', 'Spring', 2008, 'f', '47', 'J');
insert into section values('979', '2', 'Spring', 2002, 'i', '108', 'P');
insert into section values('887', '4', 'Spring', 2009, 'g', '942', 'H');
insert into section values('330', '4', 'Fall', 2008, 'i', '108', 'E');
insert into section values('261', '3', 'Fall', 2004, 'f', '47', 'P');
insert into section values('686', '4', 'Spring', 2002, 'g', '942', 'N');
insert into section values('463', '5', 'Fall', 2008, 'i', '383', 'A');
insert into section values('124', '6', 'Spring', 2003, 'h', '8', 'G');
insert into section values('922', '2', 'Fall', 2007, 'h', '8', 'P');
insert into section values('380', '7', 'Fall', 2010, 'e', '598', 'C');
insert into section values('599', '2', 'Fall', 2003, 'b', '558', 'F');
insert into section values('264', '3', 'Fall', 2001, 'g', '942', 'K');
insert into section values('496', '4', 'Spring', 2007, 'f', '47', 'P');
insert into section values('815', '3', 'Spring', 2005, 'i', '398', 'D');
insert into section values('264', '4', 'Fall', 2008, 'i', '383', 'E');
insert into section values('590', '5', 'Fall', 2004, 'j', '807', 'J');
insert into section values('315', '4', 'Spring', 2008, 'j', '41', 'A');
insert into section values('409', '3', 'Spring', 2004, 'i', '398', 'G');
insert into section values('116', '4', 'Fall', 2001, 'i', '108', 'E');
insert into section values('415', '5', 'Spring', 2006, 'i', '108', 'O');
insert into section values('982', '4', 'Spring', 2007, 'b', '558', 'G');
insert into section values('962', '7', 'Spring', 2010, 'h', '8', 'I');
insert into section values('743', '2', 'Fall', 2009, 'b', '558', 'K');
insert into section values('861', '3', 'Spring', 2004, 'i', '108', 'P');
insert into section values('748', '6', 'Spring', 2002, 'h', '8', 'G');
insert into section values('238', '4', 'Spring', 2001, 'b', '558', 'C');
insert into section values('832', '2', 'Fall', 2006, 'i', '108', 'C');
insert into section values('327', '6', 'Spring', 2007, 'j', '807', 'C');
insert into section values('504', '4', 'Fall', 2001, 'b', '558', 'J');
insert into section values('159', '7', 'Fall', 2003, 'j', '807', 'H');
insert into section values('776', '6', 'Fall', 2003, 'j', '807', 'F');
insert into section values('590', '6', 'Spring', 2010, 'j', '41', 'L');
insert into section values('245', '4', 'Spring', 2001, 'f', '47', 'N');
insert into section values('382', '6', 'Spring', 2003, 'i', '108', 'D');
insert into section values('636', '5', 'Fall', 2009, 'h', '8', 'P');
insert into section values('275', '7', 'Fall', 2009, 'i', '383', 'O');
insert into section values('393', '2', 'Spring', 2001, 'j', '807', 'G');
insert into section values('293', '3', 'Spring', 2002, 'i', '108', 'C');
insert into section values('403', '4', 'Fall', 2002, 'j', '807', 'B');
insert into section values('895', '5', 'Fall', 2002, 'e', '598', 'J');
insert into section values('428', '5', 'Spring', 2006, 'g', '942', 'B');
insert into section values('945', '4', 'Spring', 2008, 'h', '8', 'H');
insert into section values('118', '5', 'Spring', 2010, 'i', '398', 'L');
insert into section values('241', '6', 'Fall', 2006, 'i', '383', 'N');
insert into section values('573', '4', 'Spring', 2005, 'i', '398', 'J');
insert into section values('556', '5', 'Spring', 2007, 'i', '383', 'L');
insert into section values('647', '2', 'Fall', 2007, 'e', '598', 'J');
insert into section values('493', '6', 'Fall', 2010, 'h', '8', 'N');
insert into section values('701', '4', 'Spring', 2006, 'i', '398', 'K');
insert into section values('395', '6', 'Fall', 2007, 'i', '398', 'J');
insert into section values('549', '3', 'Spring', 2008, 'i', '383', 'L');
insert into section values('371', '6', 'Spring', 2002, 'f', '47', 'M');
insert into section values('510', '2', 'Spring', 2003, 'i', '398', 'M');
insert into section values('305', '5', 'Spring', 2008, 'i', '383', 'D');
insert into section values('610', '5', 'Spring', 2004, 'e', '598', 'P');
insert into section values('684', '2', 'Fall', 2006, 'b', '558', 'M');
insert into section values('430', '5', 'Spring', 2010, 'e', '598', 'K');
insert into section values('599', '3', 'Spring', 2005, 'i', '108', 'G');
insert into section values('668', '4', 'Spring', 2002, 'g', '942', 'G');
insert into section values('419', '6', 'Fall', 2006, 'h', '8', 'L');
insert into section values('859', '5', 'Fall', 2003, 'b', '558', 'G');
insert into section values('484', '5', 'Spring', 2009, 'g', '942', 'D');
insert into section values('329', '2', 'Fall', 2007, 'b', '558', 'B');
insert into section values('631', '5', 'Fall', 2008, 'i', '108', 'C');
insert into section values('220', '3', 'Spring', 2008, 'h', '8', 'C');
insert into section values('701', '5', 'Spring', 2004, 'i', '398', 'F');
insert into section values('393', '3', 'Fall', 2009, 'g', '942', 'A');
insert into section values('735', '2', 'Spring', 2009, 'h', '8', 'J');
insert into section values('647', '3', 'Fall', 2005, 'j', '41', 'O');
insert into section values('189', '5', 'Spring', 2009, 'j', '807', 'D');
insert into section values('780', '4', 'Fall', 2006, 'j', '41', 'O');
insert into section values('403', '5', 'Spring', 2009, 'i', '398', 'B');
insert into section values('829', '3', 'Fall', 2004, 'g', '942', 'G');
insert into section values('428', '6', 'Spring', 2008, 'f', '47', 'E');
insert into section values('984', '6', 'Fall', 2007, 'e', '598', 'P');
insert into section values('982', '5', 'Spring', 2007, 'i', '398', 'F');
insert into section values('893', '4', 'Fall', 2005, 'j', '41', 'F');
insert into section values('162', '5', 'Fall', 2007, 'i', '398', 'F');
insert into section values('330', '5', 'Spring', 2002, 'b', '558', 'C');
insert into section values('706', '5', 'Spring', 2009, 'j', '807', 'G');
insert into section values('410', '4', 'Fall', 2004, 'j', '41', 'D');
insert into section values('516', '2', 'Spring', 2007, 'j', '807', 'A');
insert into section values('961', '4', 'Spring', 2008, 'e', '598', 'J');
insert into section values('624', '1', 'Fall', 2003, 'b', '558', 'N');
insert into section values('531', '4', 'Fall', 2002, 'f', '47', 'A');
insert into section values('944', '3', 'Spring', 2004, 'i', '398', 'N');
insert into section values('269', '2', 'Spring', 2002, 'e', '598', 'D');
insert into section values('599', '4', 'Fall', 2007, 'i', '398', 'O');
insert into section values('512', '4', 'Fall', 2008, 'g', '942', 'D');
insert into section values('395', '7', 'Spring', 2008, 'j', '41', 'H');
insert into section values('606', '6', 'Fall', 2008, 'h', '8', 'O');
insert into section values('941', '5', 'Spring', 2008, 'b', '558', 'M');
insert into section values('680', '4', 'Fall', 2007, 'h', '8', 'B');
insert into section values('588', '9', 'Spring', 2007, 'b', '558', 'N');
insert into section values('893', '5', 'Fall', 2009, 'j', '41', 'F');
insert into section values('617', '3', 'Spring', 2010, 'g', '942', 'I');
insert into section values('277', '4', 'Fall', 2004, 'h', '8', 'I');
insert into section values('899', '6', 'Fall', 2006, 'g', '942', 'P');
insert into section values('610', '6', 'Spring', 2001, 'i', '383', 'M');
insert into section values('933', '4', 'Spring', 2009, 'j', '41', 'F');
insert into section values('880', '5', 'Fall', 2004, 'i', '398', 'J');
insert into section values('590', '7', 'Fall', 2006, 'i', '398', 'C');
insert into section values('168', '4', 'Spring', 2010, 'e', '598', 'K');
insert into section values('238', '5', 'Fall', 2009, 'j', '807', 'C');
insert into section values('612', '8', 'Spring', 2003, 'g', '942', 'C');
insert into section values('599', '5', 'Fall', 2005, 'i', '108', 'P');
insert into section values('453', '5', 'Spring', 2010, 'b', '558', 'L');
insert into section values('675', '3', 'Spring', 2007, 'f', '47', 'L');
insert into section values('305', '6', 'Spring', 2002, 'f', '47', 'H');
insert into section values('516', '3', 'Spring', 2010, 'h', '8', 'I');
insert into section values('801', '6', 'Spring', 2004, 'i', '108', 'J');
insert into section values('128', '7', 'Spring', 2009, 'f', '47', 'I');
insert into section values('567', '5', 'Fall', 2010, 'h', '8', 'A');
insert into section values('929', '2', 'Spring', 2005, 'j', '807', 'P');
insert into section values('776', '7', 'Spring', 2007, 'j', '41', 'O');
insert into section values('964', '6', 'Spring', 2004, 'j', '807', 'G');
insert into section values('555', '8', 'Spring', 2006, 'j', '807', 'A');
insert into section values('789', '2', 'Spring', 2005, 'g', '942', 'D');
insert into section values('410', '5', 'Spring', 2004, 'j', '807', 'I');
insert into section values('425', '3', 'Spring', 2001, 'j', '807', 'F');
insert into section values('409', '4', 'Spring', 2008, 'i', '398', 'C');
insert into section values('884', '6', 'Spring', 2001, 'i', '398', 'K');
insert into section values('684', '3', 'Fall', 2002, 'i', '383', 'L');
insert into section values('274', '2', 'Fall', 2007, 'i', '108', 'D');
insert into section values('220', '4', 'Spring', 2009, 'b', '558', 'C');
insert into section values('252', '4', 'Fall', 2001, 'i', '108', 'N');
insert into section values('813', '6', 'Fall', 2002, 'j', '807', 'P');
insert into section values('491', '5', 'Spring', 2004, 'e', '598', 'M');
insert into section values('877', '3', 'Fall', 2004, 'b', '558', 'F');
insert into section values('828', '5', 'Fall', 2005, 'e', '598', 'I');
insert into section values('851', '5', 'Fall', 2007, 'i', '108', 'P');
insert into section values('646', '5', 'Spring', 2004, 'f', '47', 'A');
insert into section values('293', '4', 'Spring', 2008, 'i', '398', 'H');
insert into section values('675', '4', 'Fall', 2009, 'i', '108', 'H');
insert into section values('196', '5', 'Spring', 2003, 'i', '383', 'N');
insert into section values('278', '3', 'Spring', 2005, 'j', '41', 'M');
insert into section values('595', '3', 'Spring', 2008, 'j', '807', 'G');
insert into section values('161', '5', 'Fall', 2006, 'f', '47', 'O');
insert into section values('633', '5', 'Spring', 2005, 'i', '383', 'A');
insert into section values('491', '6', 'Spring', 2008, 'f', '47', 'N');
insert into section values('425', '4', 'Fall', 2006, 'f', '47', 'J');
insert into section values('876', '2', 'Spring', 2009, 'f', '47', 'H');
insert into section values('124', '7', 'Spring', 2003, 'i', '383', 'O');
insert into section values('684', '4', 'Spring', 2002, 'i', '108', 'K');
insert into section values('687', '4', 'Fall', 2006, 'j', '41', 'H');
insert into section values('929', '3', 'Fall', 2002, 'i', '383', 'P');
insert into section values('964', '7', 'Fall', 2008, 'i', '383', 'B');
insert into section values('904', '5', 'Spring', 2003, 'j', '41', 'D');
insert into section values('646', '6', 'Fall', 2009, 'i', '108', 'G');
insert into section values('704', '3', 'Fall', 2010, 'e', '598', 'M');
insert into section values('293', '5', 'Fall', 2002, 'e', '598', 'M');
insert into section values('481', '2', 'Fall', 2010, 'h', '8', 'M');
insert into section values('293', '6', 'Spring', 2007, 'i', '398', 'H');
insert into section values('681', '6', 'Fall', 2002, 'b', '558', 'B');
insert into section values('916', '4', 'Fall', 2004, 'e', '598', 'K');
insert into section values('612', '9', 'Spring', 2007, 'j', '807', 'D');
insert into section values('832', '3', 'Fall', 2007, 'e', '598', 'F');
insert into section values('697', '1', 'Spring', 2006, 'j', '41', 'G');
insert into section values('877', '4', 'Spring', 2005, 'i', '108', 'K');
insert into section values('590', '8', 'Spring', 2007, 'h', '8', 'O');
insert into section values('565', '6', 'Fall', 2007, 'j', '41', 'L');
insert into section values('503', '5', 'Fall', 2002, 'g', '942', 'A');
insert into section values('512', '5', 'Fall', 2010, 'i', '108', 'D');
insert into section values('859', '6', 'Spring', 2005, 'j', '41', 'A');
insert into section values('851', '6', 'Fall', 2009, 'j', '41', 'M');
insert into section values('171', '4', 'Spring', 2005, 'g', '942', 'E');
insert into section values('961', '5', 'Spring', 2010, 'h', '8', 'B');
insert into section values('196', '6', 'Fall', 2005, 'g', '942', 'P');
insert into section values('240', '7', 'Fall', 2010, 'i', '398', 'B');
insert into section values('209', '1', 'Fall', 2003, 'i', '108', 'B');
insert into section values('768', '6', 'Spring', 2010, 'e', '598', 'N');
insert into section values('584', '5', 'Fall', 2008, 'g', '942', 'O');
insert into section values('706', '6', 'Spring', 2009, 'b', '558', 'I');
insert into section values('876', '3', 'Fall', 2003, 'j', '41', 'E');
insert into section values('354', '4', 'Spring', 2010, 'e', '598', 'B');
insert into section values('743', '3', 'Spring', 2008, 'j', '41', 'P');
insert into section values('711', '3', 'Fall', 2002, 'b', '558', 'B');
insert into section values('789', '3', 'Fall', 2008, 'b', '558', 'A');
insert into section values('371', '7', 'Fall', 2001, 'j', '41', 'F');
insert into section values('409', '5', 'Spring', 2006, 'i', '383', 'M');
insert into section values('357', '2', 'Spring', 2009, 'j', '807', 'O');
insert into section values('503', '6', 'Spring', 2008, 'h', '8', 'C');
insert into section values('517', '3', 'Spring', 2009, 'e', '598', 'B');
insert into section values('388', '5', 'Spring', 2005, 'h', '8', 'E');
insert into section values('269', '3', 'Spring', 2006, 'j', '807', 'B');
insert into section values('118', '6', 'Fall', 2004, 'g', '942', 'H');
insert into section values('994', '5', 'Spring', 2001, 'i', '383', 'E');
insert into section values('264', '5', 'Fall', 2001, 'g', '942', 'I');
insert into section values('535', '7', 'Spring', 2001, 'f', '47', 'I');
insert into section values('430', '6', 'Fall', 2002, 'b', '558', 'O');
insert into section values('724', '3', 'Spring', 2003, 'j', '807', 'L');
insert into section values('717', '6', 'Fall', 2010, 'f', '47', 'G');
insert into section values('252', '5', 'Fall', 2005, 'g', '942', 'B');
insert into section values('617', '4', 'Fall', 2007, 'i', '398', 'J');
insert into section values('235', '3', 'Spring', 2004, 'e', '598', 'B');
insert into section values('617', '5', 'Spring', 2008, 'j', '41', 'L');
insert into section values('504', '5', 'Spring', 2010, 'j', '41', 'K');
insert into section values('179', '3', 'Fall', 2004, 'i', '398', 'F');
insert into section values('252', '6', 'Fall', 2002, 'e', '598', 'C');
insert into section values('893', '6', 'Fall', 2009, 'g', '942', 'D');
insert into section values('535', '8', 'Fall', 2003, 'b', '558', 'B');
insert into section values('748', '7', 'Spring', 2005, 'i', '398', 'G');
insert into section values('393', '4', 'Spring', 2006, 'f', '47', 'I');
insert into section values('684', '5', 'Spring', 2008, 'h', '8', 'J');
insert into section values('259', '3', 'Spring', 2006, 'e', '598', 'H');
insert into section values('966', '4', 'Spring', 2009, 'j', '807', 'B');
insert into section values('880', '6', 'Spring', 2007, 'i', '108', 'O');
insert into section values('832', '4', 'Spring', 2001, 'i', '383', 'D');
insert into section values('177', '11', 'Spring', 2006, 'e', '598', 'J');
insert into section values('382', '7', 'Spring', 2002, 'g', '942', 'E');
insert into section values('516', '4', 'Fall', 2006, 'i', '383', 'D');
insert into section values('447', '4', 'Spring', 2004, 'g', '942', 'I');
insert into section values('945', '5', 'Spring', 2009, 'i', '108', 'F');
insert into section values('510', '3', 'Fall', 2002, 'i', '383', 'F');
insert into section values('697', '2', 'Fall', 2001, 'i', '398', 'N');
insert into section values('147', '2', 'Spring', 2009, 'h', '8', 'G');
insert into section values('277', '5', 'Fall', 2004, 'h', '8', 'A');
insert into section values('232', '2', 'Fall', 2005, 'i', '398', 'O');
insert into section values('869', '6', 'Spring', 2005, 'i', '383', 'I');
insert into section values('629', '3', 'Fall', 2006, 'j', '807', 'K');
insert into section values('277', '6', 'Spring', 2006, 'i', '398', 'E');
insert into section values('859', '7', 'Fall', 2009, 'i', '383', 'P');
insert into section values('264', '6', 'Fall', 2005, 'h', '8', 'N');
insert into section values('409', '6', 'Spring', 2001, 'h', '8', 'E');
insert into section values('463', '6', 'Fall', 2004, 'f', '47', 'G');
insert into section values('277', '7', 'Fall', 2004, 'i', '108', 'B');
insert into section values('704', '4', 'Fall', 2005, 'e', '598', 'F');
insert into section values('189', '6', 'Fall', 2009, 'i', '398', 'I');
insert into section values('159', '8', 'Spring', 2007, 'f', '47', 'H');
insert into section values('892', '6', 'Fall', 2009, 'e', '598', 'E');
insert into section values('830', '4', 'Spring', 2002, 'i', '108', 'N');
insert into section values('743', '4', 'Fall', 2004, 'g', '942', 'P');
insert into section values('950', '2', 'Spring', 2004, 'h', '8', 'E');
insert into section values('301', '5', 'Spring', 2006, 'i', '383', 'E');
insert into section values('555', '9', 'Fall', 2001, 'f', '47', 'L');
insert into section values('162', '6', 'Fall', 2001, 'g', '942', 'A');
insert into section values('768', '7', 'Fall', 2005, 'j', '41', 'N');
insert into section values('380', '8', 'Spring', 2006, 'i', '383', 'G');
insert into section values('916', '5', 'Spring', 2010, 'j', '41', 'E');
insert into section values('329', '3', 'Spring', 2007, 'i', '108', 'K');
insert into section values('701', '6', 'Fall', 2010, 'b', '558', 'J');
insert into section values('108', '3', 'Fall', 2005, 'f', '47', 'P');
insert into section values('768', '8', 'Spring', 2003, 'j', '41', 'O');
insert into section values('517', '4', 'Spring', 2006, 'g', '942', 'E');
insert into section values('315', '5', 'Spring', 2001, 'j', '41', 'C');
insert into section values('162', '7', 'Fall', 2005, 'i', '383', 'G');
insert into section values('162', '8', 'Fall', 2002, 'j', '807', 'M');
insert into section values('140', '4', 'Spring', 2006, 'i', '108', 'M');
insert into section values('450', '6', 'Spring', 2006, 'i', '398', 'M');
insert into section values('225', '5', 'Spring', 2005, 'i', '398', 'C');
insert into section values('261', '4', 'Fall', 2002, 'b', '558', 'H');
insert into section values('526', '2', 'Fall', 2004, 'b', '558', 'E');
insert into section values('450', '7', 'Fall', 2008, 'g', '942', 'D');
insert into section values('717', '7', 'Spring', 2004, 'i', '108', 'F');
insert into section values('768', '9', 'Spring', 2009, 'i', '383', 'F');
insert into section values('161', '6', 'Spring', 2002, 'i', '398', 'J');
insert into section values('419', '7', 'Fall', 2003, 'e', '598', 'L');
insert into section values('354', '5', 'Spring', 2007, 'b', '558', 'G');
insert into section values('252', '7', 'Spring', 2001, 'j', '807', 'O');
insert into section values('735', '3', 'Fall', 2001, 'b', '558', 'I');
insert into section values('687', '5', 'Spring', 2004, 'g', '942', 'I');
insert into section values('697', '3', 'Fall', 2005, 'j', '41', 'B');
insert into section values('706', '7', 'Spring', 2002, 'j', '41', 'I');
insert into section values('697', '4', 'Fall', 2002, 'i', '383', 'L');
insert into section values('887', '5', 'Spring', 2002, 'b', '558', 'A');
insert into section values('816', '2', 'Fall', 2004, 'e', '598', 'B');
insert into section values('124', '8', 'Spring', 2009, 'f', '47', 'A');
insert into section values('966', '5', 'Fall', 2008, 'b', '558', 'P');
insert into section values('240', '8', 'Spring', 2008, 'b', '558', 'I');
insert into section values('704', '5', 'Spring', 2001, 'b', '558', 'F');
insert into section values('636', '6', 'Spring', 2009, 'j', '807', 'O');
insert into section values('706', '8', 'Fall', 2004, 'j', '41', 'H');
insert into section values('512', '6', 'Spring', 2004, 'i', '108', 'N');
insert into section values('933', '5', 'Fall', 2007, 'f', '47', 'D');
insert into section values('916', '6', 'Fall', 2008, 'e', '598', 'B');
insert into section values('623', '2', 'Fall', 2006, 'b', '558', 'B');
insert into section values('196', '7', 'Fall', 2001, 'g', '942', 'J');
insert into section values('165', '4', 'Fall', 2010, 'i', '108', 'G');
insert into section values('165', '5', 'Fall', 2006, 'h', '8', 'A');
insert into section values('425', '5', 'Fall', 2010, 'g', '942', 'A');
insert into section values('701', '7', 'Spring', 2010, 'b', '558', 'M');
insert into section values('179', '4', 'Spring', 2001, 'i', '383', 'B');
insert into section values('768', '10', 'Spring', 2004, 'i', '108', 'K');
insert into section values('118', '7', 'Spring', 2007, 'j', '807', 'H');
insert into section values('675', '5', 'Fall', 2007, 'j', '807', 'M');
insert into section values('327', '7', 'Spring', 2003, 'i', '398', 'G');
insert into section values('717', '8', 'Fall', 2004, 'i', '398', 'F');
insert into section values('463', '7', 'Fall', 2005, 'h', '8', 'G');
insert into section values('220', '5', 'Spring', 2007, 'b', '558', 'F');
insert into section values('815', '4', 'Spring', 2001, 'i', '383', 'B');
insert into section values('607', '6', 'Fall', 2010, 'i', '108', 'C');
insert into section values('415', '6', 'Spring', 2007, 'g', '942', 'A');
insert into section values('340', '5', 'Fall', 2008, 'f', '47', 'C');
insert into section values('516', '5', 'Spring', 2007, 'f', '47', 'O');
insert into section values('944', '4', 'Spring', 2007, 'h', '8', 'J');
insert into section values('545', '4', 'Fall', 2007, 'i', '108', 'O');
insert into section values('161', '7', 'Spring', 2004, 'i', '383', 'N');
insert into section values('430', '7', 'Spring', 2003, 'i', '383', 'B');
insert into section values('748', '8', 'Spring', 2008, 'f', '47', 'B');
insert into section values('816', '3', 'Fall', 2003, 'i', '383', 'C');
insert into section values('893', '7', 'Fall', 2007, 'j', '41', 'D');
insert into section values('606', '7', 'Spring', 2008, 'g', '942', 'H');
insert into section values('994', '6', 'Fall', 2004, 'j', '807', 'L');
insert into section values('225', '6', 'Fall', 2008, 'j', '807', 'J');
insert into section values('523', '7', 'Spring', 2004, 'g', '942', 'N');
insert into section values('523', '8', 'Fall', 2007, 'j', '807', 'P');
insert into section values('607', '7', 'Spring', 2009, 'i', '398', 'M');
insert into section values('315', '6', 'Fall', 2003, 'j', '41', 'E');
insert into section values('269', '4', 'Fall', 2002, 'j', '807', 'E');
insert into section values('876', '4', 'Spring', 2006, 'j', '41', 'J');
insert into section values('697', '5', 'Spring', 2009, 'j', '41', 'F');
insert into section values('409', '7', 'Spring', 2009, 'j', '807', 'G');
insert into section values('557', '4', 'Fall', 2007, 'j', '41', 'B');
insert into section values('861', '4', 'Spring', 2009, 'e', '598', 'F');
insert into section values('832', '5', 'Spring', 2007, 'i', '108', 'I');
insert into section values('410', '6', 'Fall', 2010, 'i', '398', 'A');
insert into section values('916', '7', 'Fall', 2010, 'i', '383', 'B');
insert into section values('124', '9', 'Spring', 2006, 'g', '942', 'A');
insert into section values('633', '6', 'Fall', 2001, 'g', '942', 'I');
insert into section values('261', '5', 'Spring', 2005, 'j', '807', 'P');
insert into section values('599', '6', 'Fall', 2005, 'j', '807', 'H');
insert into section values('114', '5', 'Spring', 2006, 'j', '41', 'C');
insert into section values('275', '8', 'Fall', 2005, 'i', '383', 'D');
insert into section values('846', '3', 'Fall', 2001, 'j', '41', 'D');
insert into section values('496', '5', 'Spring', 2007, 'i', '383', 'K');
insert into section values('116', '5', 'Fall', 2002, 'f', '47', 'B');
insert into section values('703', '2', 'Fall', 2006, 'i', '108', 'O');
insert into section values('511', '1', 'Fall', 2006, 'j', '807', 'D');
insert into section values('703', '3', 'Spring', 2002, 'j', '41', 'I');
insert into section values('628', '6', 'Spring', 2004, 'g', '942', 'F');
insert into section values('261', '6', 'Spring', 2008, 'j', '41', 'P');
insert into section values('768', '11', 'Fall', 2008, 'j', '41', 'N');
insert into section values('274', '3', 'Spring', 2007, 'g', '942', 'M');
insert into section values('305', '7', 'Fall', 2009, 'i', '398', 'K');
insert into section values('648', '7', 'Spring', 2008, 'b', '558', 'J');
insert into section values('612', '10', 'Fall', 2007, 'g', '942', 'N');
insert into section values('180', '5', 'Fall', 2002, 'i', '398', 'H');
insert into section values('425', '6', 'Spring', 2001, 'i', '398', 'O');
insert into section values('425', '7', 'Fall', 2003, 'e', '598', 'N');
insert into section values('941', '6', 'Fall', 2004, 'g', '942', 'G');
insert into section values('393', '5', 'Fall', 2006, 'i', '383', 'H');
insert into section values('829', '4', 'Fall', 2001, 'j', '807', 'F');
insert into section values('711', '4', 'Fall', 2004, 'i', '383', 'G');
insert into section values('340', '6', 'Spring', 2008, 'f', '47', 'G');
insert into section values('851', '7', 'Spring', 2008, 'g', '942', 'O');
insert into section values('430', '8', 'Fall', 2008, 'i', '108', 'I');
insert into section values('340', '7', 'Spring', 2001, 'f', '47', 'A');
insert into section values('813', '7', 'Fall', 2010, 'j', '41', 'O');
insert into teaches values('23430', '196', '2', 'Spring', 2010);
insert into teaches values('84622', '994', '1', 'Fall', 2001);
insert into teaches values('88406', '961', '4', 'Spring', 2008);
insert into teaches values('77734', '484', '2', 'Fall', 2003);
insert into teaches values('62843', '277', '4', 'Fall', 2004);
insert into teaches values('84622', '557', '3', 'Fall', 2008);
insert into teaches values('84622', '162', '4', 'Fall', 2002);
insert into teaches values('62843', '876', '2', 'Spring', 2009);
insert into teaches values('6234', '252', '6', 'Fall', 2002);
insert into teaches values('6234', '801', '2', 'Spring', 2003);
insert into teaches values('62698', '238', '4', 'Spring', 2001);
insert into teaches values('25586', '704', '1', 'Spring', 2001);
insert into teaches values('16067', '861', '2', 'Spring', 2006);
insert into teaches values('25586', '704', '3', 'Fall', 2010);
insert into teaches values('23430', '410', '1', 'Spring', 2008);
insert into teaches values('62698', '228', '1', 'Fall', 2008);
insert into teaches values('62843', '595', '2', 'Fall', 2001);
insert into teaches values('77734', '389', '2', 'Spring', 2006);
insert into teaches values('88406', '241', '2', 'Fall', 2003);
insert into teaches values('6234', '748', '7', 'Spring', 2005);
insert into teaches values('19964', '225', '2', 'Spring', 2008);
insert into teaches values('62843', '415', '2', 'Fall', 2004);
insert into teaches values('77734', '523', '7', 'Spring', 2004);
insert into teaches values('77734', '128', '5', 'Fall', 2002);
insert into teaches values('16067', '301', '3', 'Spring', 2001);
insert into teaches values('98176', '395', '1', 'Fall', 2004);
insert into teaches values('23430', '750', '3', 'Spring', 2005);
insert into teaches values('88406', '717', '5', 'Spring', 2001);
insert into teaches values('62698', '701', '6', 'Fall', 2010);
insert into teaches values('16067', '861', '1', 'Fall', 2006);
insert into teaches values('69003', '425', '3', 'Spring', 2001);
insert into teaches values('85120', '628', '3', 'Spring', 2008);
insert into teaches values('45641', '743', '1', 'Fall', 2009);
insert into teaches values('62843', '565', '3', 'Fall', 2006);
insert into teaches values('16067', '588', '7', 'Spring', 2008);
insert into teaches values('62843', '293', '4', 'Spring', 2008);
insert into teaches values('19964', '463', '3', 'Spring', 2005);
insert into teaches values('88406', '423', '6', 'Spring', 2001);
insert into teaches values('84622', '181', '1', 'Spring', 2010);
insert into teaches values('16067', '274', '1', 'Spring', 2003);
insert into teaches values('45641', '717', '7', 'Spring', 2004);
insert into teaches values('99800', '382', '4', 'Spring', 2005);
insert into teaches values('77734', '584', '2', 'Spring', 2008);
insert into teaches values('52970', '293', '6', 'Spring', 2007);
insert into teaches values('85120', '941', '4', 'Fall', 2004);
insert into teaches values('6234', '476', '2', 'Spring', 2010);
insert into teaches values('19964', '409', '1', 'Spring', 2009);
insert into teaches values('6234', '816', '2', 'Fall', 2004);
insert into teaches values('25586', '780', '2', 'Fall', 2008);
insert into teaches values('77734', '493', '6', 'Fall', 2010);
insert into teaches values('25700', '880', '4', 'Spring', 2004);
insert into teaches values('38161', '189', '4', 'Fall', 2005);
insert into teaches values('57798', '881', '3', 'Fall', 2008);
insert into teaches values('23430', '168', '4', 'Spring', 2010);
insert into teaches values('23430', '112', '2', 'Fall', 2003);
insert into teaches values('85120', '114', '5', 'Spring', 2006);
insert into teaches values('57798', '881', '1', 'Spring', 2008);
insert into teaches values('19964', '108', '3', 'Fall', 2005);
insert into teaches values('88406', '241', '3', 'Fall', 2004);
insert into teaches values('16067', '450', '2', 'Spring', 2009);
insert into teaches values('6234', '623', '1', 'Fall', 2009);
insert into teaches values('23430', '240', '2', 'Spring', 2005);
insert into teaches values('23430', '904', '2', 'Spring', 2007);
insert into teaches values('77734', '389', '1', 'Spring', 2009);
insert into teaches values('19964', '116', '2', 'Fall', 2001);
insert into teaches values('84622', '768', '2', 'Spring', 2001);
insert into teaches values('16067', '851', '7', 'Spring', 2008);
insert into teaches values('62698', '950', '1', 'Fall', 2007);
insert into teaches values('93295', '830', '1', 'Fall', 2003);
insert into teaches values('25586', '780', '4', 'Fall', 2006);
insert into teaches values('88406', '171', '3', 'Fall', 2007);
insert into teaches values('77734', '128', '2', 'Fall', 2006);
insert into teaches values('77734', '843', '1', 'Fall', 2005);
insert into teaches values('6234', '748', '1', 'Fall', 2008);
insert into teaches values('88406', '430', '4', 'Spring', 2002);
insert into teaches values('88406', '961', '2', 'Spring', 2004);
insert into teaches values('62843', '315', '5', 'Spring', 2001);
insert into teaches values('16067', '851', '2', 'Fall', 2008);
insert into teaches values('25586', '815', '1', 'Spring', 2008);
insert into teaches values('62843', '877', '2', 'Spring', 2007);
insert into teaches values('62843', '180', '2', 'Fall', 2002);
insert into teaches values('57798', '354', '3', 'Fall', 2010);
insert into teaches values('84622', '929', '3', 'Fall', 2002);
insert into teaches values('77734', '607', '6', 'Fall', 2010);
insert into teaches values('85120', '567', '4', 'Spring', 2007);
insert into teaches values('88406', '884', '3', 'Fall', 2004);
insert into teaches values('77734', '354', '2', 'Spring', 2005);
insert into teaches values('62843', '415', '4', 'Spring', 2008);
insert into teaches values('16911', '887', '5', 'Spring', 2002);
insert into teaches values('84622', '697', '5', 'Spring', 2009);
insert into teaches values('62698', '503', '2', 'Spring', 2006);
insert into teaches values('6234', '567', '5', 'Fall', 2010);
insert into teaches values('62849', '322', '2', 'Fall', 2001);
insert into teaches values('62698', '982', '1', 'Spring', 2003);
insert into teaches values('62698', '238', '1', 'Spring', 2003);
insert into teaches values('62843', '877', '3', 'Fall', 2004);
insert into teaches values('62843', '498', '1', 'Fall', 2003);
insert into teaches values('99800', '410', '6', 'Fall', 2010);
insert into teaches values('62843', '277', '3', 'Fall', 2001);
insert into teaches values('6234', '476', '1', 'Spring', 2006);
insert into student values('33713', 'erik', 'geomatika', 6);
insert into student values('4656', 'yuda', 'industri', 96);
insert into student values('65412', 'kaisar', 'Teknik lingkungan', 25);
insert into student values('4754', 'erik', 'sipil', 116);
insert into student values('98786', 'erik', 'elektro', 15);
insert into student values('44988', 'ocha', 'sipil', 63);
insert into student values('81265', 'arta', 'Sains Data', 49);
insert into student values('56124', 'johanes', 'Sains Data', 23);
insert into student values('59613', 'johanes', 'sipil', 48);
insert into student values('51749', 'rendi', 'mesin', 81);
insert into student values('65361', 'johanes', 'industri', 112);
insert into student values('85453', 'erik', 'geomatika', 41);
insert into student values('59833', 'erik', 'rekayasa minyak dan gas', 115);
insert into student values('29033', 'eca', 'informatika', 19);
insert into student values('94854', 'fasya', 'geomatika', 104);
insert into student values('74738', 'rendi', 'rekayasa minyak dan gas', 129);
insert into student values('6408', 'johanes', 'elektro', 35);
insert into student values('61922', 'arta', 'industri', 128);
insert into student values('67413', 'delfi', 'sipil', 87);
insert into student values('63191', 'ocha', 'rekayasa minyak dan gas', 40);
insert into student values('70369', 'ocha', 'elektro', 79);
insert into student values('55983', 'rendi', 'rekayasa minyak dan gas', 34);
insert into student values('93572', 'rendi', 'geomatika', 31);
insert into student values('27466', 'johanes', 'Teknik lingkungan', 4);
insert into student values('37655', 'eca', 'rekayasa minyak dan gas', 24);
insert into student values('47531', 'kaisar', 'industri', 117);
insert into student values('34646', 'delfi', 'Teknik lingkungan', 11);
insert into student values('31158', 'yuda', 'aktuaria', 123);
insert into student values('35070', 'rendi', 'industri', 38);
insert into student values('94387', 'kaisar', 'aktuaria', 111);
insert into student values('24656', 'eca', 'industri', 36);
insert into student values('65481', 'rendi', 'mesin', 73);
insert into student values('32268', 'erik', 'Sains Data', 122);
insert into student values('56643', 'ocha', 'industri', 32);
insert into student values('47222', 'kaisar', 'rekayasa minyak dan gas', 83);
insert into student values('56910', 'eca', 'aktuaria', 83);
insert into student values('15509', 'erik', 'Teknik lingkungan', 16);
insert into student values('13944', 'delfi', 'elektro', 50);
insert into student values('35118', 'erik', 'rekayasa minyak dan gas', 25);
insert into student values('18098', 'delfi', 'informatika', 102);
insert into student values('14316', 'arta', 'Teknik lingkungan', 126);
insert into student values('48623', 'erik', 'sipil', 27);
insert into student values('1499', 'eca', 'Teknik lingkungan', 27);
insert into student values('32642', 'fasya', 'geomatika', 55);
insert into student values('61992', 'arta', 'aktuaria', 106);
insert into student values('79235', 'fasya', 'Sains Data', 71);
insert into student values('14210', 'kaisar', 'mesin', 19);
insert into student values('37098', 'fasya', 'industri', 27);
insert into student values('36828', 'johanes', 'mesin', 35);
insert into student values('76050', 'arta', 'Sains Data', 92);
insert into student values('14952', 'rendi', 'mesin', 79);
insert into student values('99959', 'rendi', 'Teknik lingkungan', 108);
insert into student values('52092', 'eca', 'informatika', 83);
insert into student values('71640', 'erik', 'geomatika', 105);
insert into student values('30864', 'rendi', 'Sains Data', 85);
insert into student values('53749', 'arta', 'aktuaria', 67);
insert into student values('30622', 'ocha', 'geomatika', 27);
insert into student values('82097', 'johanes', 'informatika', 2);
insert into student values('64289', 'eca', 'informatika', 76);
insert into student values('89072', 'johanes', 'informatika', 86);
insert into student values('16054', 'kaisar', 'mesin', 77);
insert into student values('44794', 'yuda', 'elektro', 94);
insert into student values('40637', 'yuda', 'informatika', 98);
insert into student values('88470', 'yuda', 'geomatika', 94);
insert into student values('56215', 'eca', 'mesin', 94);
insert into student values('85999', 'yuda', 'elektro', 22);
insert into student values('47625', 'johanes', 'informatika', 0);
insert into student values('19922', 'delfi', 'industri', 1);
insert into student values('54424', 'erik', 'Teknik lingkungan', 53);
insert into student values('61069', 'fasya', 'Sains Data', 13);
insert into student values('71275', 'rendi', 'Sains Data', 109);
insert into student values('42386', 'erik', 'sipil', 120);
insert into student values('4396', 'ocha', 'informatika', 79);
insert into student values('337', 'kaisar', 'Sains Data', 74);
insert into student values('96198', 'arta', 'Sains Data', 73);
insert into student values('1377', 'ocha', 'rekayasa minyak dan gas', 37);
insert into student values('55143', 'kaisar', 'mesin', 82);
insert into student values('76055', 'delfi', 'informatika', 100);
insert into student values('45087', 'delfi', 'geomatika', 118);
insert into student values('41516', 'arta', 'industri', 20);
insert into student values('1759', 'arta', 'aktuaria', 19);
insert into student values('38298', 'ocha', 'Teknik lingkungan', 76);
insert into student values('24603', 'arta', 'informatika', 77);
insert into student values('55871', 'fasya', 'Sains Data', 87);
insert into student values('39336', 'yuda', 'elektro', 62);
insert into student values('69465', 'erik', 'informatika', 51);
insert into student values('12638', 'delfi', 'Sains Data', 58);
insert into student values('42728', 'eca', 'industri', 122);
insert into student values('13974', 'erik', 'rekayasa minyak dan gas', 101);
insert into student values('52751', 'yuda', 'informatika', 14);
insert into student values('16108', 'johanes', 'mesin', 61);
insert into student values('60371', 'eca', 'sipil', 54);
insert into student values('22909', 'eca', 'Sains Data', 118);
insert into student values('44185', 'delfi', 'Teknik lingkungan', 82);
insert into student values('72298', 'kaisar', 'geomatika', 12);
insert into student values('12459', 'rendi', 'sipil', 128);
insert into student values('1171', 'eca', 'aktuaria', 24);
insert into student values('14356', 'arta', 'Teknik lingkungan', 14);
insert into student values('81085', 'erik', 'geomatika', 2);
insert into student values('12767', 'erik', 'sipil', 55);
insert into student values('4972', 'yuda', 'industri', 49);
insert into student values('67963', 'erik', 'geomatika', 77);
insert into student values('35721', 'delfi', 'rekayasa minyak dan gas', 66);
insert into student values('83545', 'yuda', 'informatika', 68);
insert into student values('7548', 'eca', 'sipil', 48);
insert into student values('86892', 'ocha', 'geomatika', 47);
insert into student values('79442', 'arta', 'elektro', 89);
insert into student values('65543', 'kaisar', 'elektro', 122);
insert into student values('73944', 'erik', 'Sains Data', 99);
insert into student values('3362', 'arta', 'rekayasa minyak dan gas', 71);
insert into student values('95517', 'delfi', 'informatika', 19);
insert into student values('66581', 'yuda', 'industri', 95);
insert into student values('37684', 'johanes', 'geomatika', 8);
insert into student values('76219', 'eca', 'Teknik lingkungan', 3);
insert into student values('36303', 'arta', 'industri', 74);
insert into student values('17584', 'ocha', 'Sains Data', 67);
insert into student values('40484', 'johanes', 'mesin', 15);
insert into student values('11187', 'yuda', 'informatika', 107);
insert into student values('71563', 'delfi', 'sipil', 62);
insert into student values('73988', 'erik', 'Teknik lingkungan', 109);
insert into student values('79646', 'kaisar', 'sipil', 39);
insert into student values('61990', 'eca', 'geomatika', 44);
insert into student values('21688', 'johanes', 'informatika', 28);
insert into student values('71358', 'arta', 'Sains Data', 108);
insert into student values('86230', 'yuda', 'Teknik lingkungan', 60);
insert into student values('93105', 'delfi', 'sipil', 19);
insert into student values('45048', 'arta', 'Sains Data', 109);
insert into student values('47658', 'arta', 'Teknik lingkungan', 64);
insert into student values('16704', 'arta', 'rekayasa minyak dan gas', 43);
insert into student values('50161', 'johanes', 'rekayasa minyak dan gas', 33);
insert into student values('88849', 'erik', 'informatika', 48);
insert into student values('33780', 'kaisar', 'elektro', 5);
insert into student values('57585', 'arta', 'mesin', 55);
insert into student values('58689', 'fasya', 'sipil', 7);
insert into student values('83719', 'kaisar', 'mesin', 98);
insert into student values('66601', 'erik', 'geomatika', 65);
insert into student values('36764', 'erik', 'geomatika', 51);
insert into student values('57311', 'fasya', 'rekayasa minyak dan gas', 33);
insert into student values('92958', 'ocha', 'aktuaria', 48);
insert into student values('66102', 'ocha', 'geomatika', 113);
insert into student values('26264', 'delfi', 'sipil', 8);
insert into student values('11527', 'eca', 'mesin', 97);
insert into student values('25947', 'fasya', 'geomatika', 129);
insert into student values('58184', 'rendi', 'informatika', 4);
insert into student values('63128', 'yuda', 'Sains Data', 22);
insert into student values('19541', 'ocha', 'mesin', 121);
insert into student values('19395', 'ocha', 'sipil', 77);
insert into student values('91946', 'rendi', 'Teknik lingkungan', 24);
insert into student values('42065', 'arta', 'rekayasa minyak dan gas', 32);
insert into student values('65413', 'johanes', 'industri', 11);
insert into student values('3162', 'delfi', 'aktuaria', 19);
insert into student values('73001', 'delfi', 'Teknik lingkungan', 26);
insert into student values('99319', 'rendi', 'informatika', 2);
insert into student values('29398', 'kaisar', 'aktuaria', 111);
insert into student values('59684', 'yuda', 'aktuaria', 78);
insert into student values('39889', 'johanes', 'geomatika', 60);
insert into student values('54271', 'erik', 'informatika', 70);
insert into student values('24898', 'arta', 'mesin', 120);
insert into student values('88390', 'kaisar', 'informatika', 94);
insert into student values('28752', 'delfi', 'elektro', 125);
insert into student values('95229', 'johanes', 'geomatika', 98);
insert into student values('17510', 'kaisar', 'informatika', 32);
insert into student values('95141', 'yuda', 'industri', 17);
insert into student values('93265', 'eca', 'Sains Data', 86);
insert into student values('8934', 'fasya', 'Sains Data', 56);
insert into student values('95904', 'kaisar', 'informatika', 90);
insert into student values('1413', 'fasya', 'sipil', 119);
insert into student values('36002', 'eca', 'aktuaria', 75);
insert into student values('43694', 'johanes', 'industri', 39);
insert into student values('93067', 'johanes', 'elektro', 111);
insert into student values('79114', 'ocha', 'informatika', 115);
insert into student values('74510', 'fasya', 'geomatika', 116);
insert into student values('47497', 'rendi', 'mesin', 15);
insert into student values('48131', 'fasya', 'industri', 38);
insert into student values('3546', 'delfi', 'elektro', 122);
insert into student values('58339', 'yuda', 'Sains Data', 26);
insert into student values('32973', 'yuda', 'aktuaria', 119);
insert into student values('61702', 'delfi', 'aktuaria', 82);
insert into student values('45176', 'fasya', 'mesin', 41);
insert into student values('2123', 'johanes', 'informatika', 79);
insert into student values('13998', 'johanes', 'mesin', 92);
insert into student values('38352', 'arta', 'geomatika', 16);
insert into student values('1865', 'ocha', 'aktuaria', 108);
insert into student values('5366', 'eca', 'elektro', 32);
insert into student values('95072', 'rendi', 'sipil', 37);
insert into student values('38718', 'eca', 'mesin', 93);
insert into student values('61073', 'erik', 'geomatika', 3);
insert into student values('2317', 'rendi', 'informatika', 81);
insert into student values('63608', 'rendi', 'sipil', 115);
insert into student values('32651', 'fasya', 'elektro', 80);
insert into student values('8469', 'arta', 'sipil', 12);
insert into student values('25503', 'fasya', 'rekayasa minyak dan gas', 88);
insert into student values('93610', 'delfi', 'industri', 12);
insert into student values('54164', 'ocha', 'geomatika', 10);
insert into student values('59578', 'rendi', 'sipil', 16);
insert into student values('40440', 'rendi', 'mesin', 70);
insert into student values('32587', 'rendi', 'mesin', 1);
insert into student values('60631', 'fasya', 'mesin', 93);
insert into student values('76484', 'ocha', 'Teknik lingkungan', 74);
insert into student values('49859', 'ocha', 'sipil', 26);
insert into student values('25775', 'rendi', 'Teknik lingkungan', 76);
insert into student values('36911', 'eca', 'geomatika', 77);
insert into student values('16984', 'kaisar', 'sipil', 51);
insert into student values('5198', 'johanes', 'geomatika', 5);
insert into student values('5803', 'arta', 'Teknik lingkungan', 89);
insert into student values('35865', 'delfi', 'aktuaria', 7);
insert into student values('40153', 'yuda', 'aktuaria', 31);
insert into student values('35910', 'johanes', 'geomatika', 47);
insert into student values('43699', 'erik', 'Teknik lingkungan', 64);
insert into student values('74225', 'arta', 'Teknik lingkungan', 99);
insert into student values('39309', 'yuda', 'Sains Data', 45);
insert into student values('69270', 'johanes', 'aktuaria', 83);
insert into student values('80252', 'eca', 'aktuaria', 111);
insert into student values('35348', 'johanes', 'rekayasa minyak dan gas', 112);
insert into student values('66264', 'yuda', 'Teknik lingkungan', 46);
insert into student values('42123', 'fasya', 'aktuaria', 53);
insert into student values('26394', 'eca', 'industri', 9);
insert into student values('99390', 'ocha', 'rekayasa minyak dan gas', 90);
insert into student values('63454', 'ocha', 'sipil', 122);
insert into student values('29746', 'ocha', 'rekayasa minyak dan gas', 39);
insert into student values('44386', 'johanes', 'industri', 22);
insert into student values('50860', 'arta', 'Sains Data', 98);
insert into student values('40485', 'rendi', 'aktuaria', 35);
insert into student values('8055', 'delfi', 'Sains Data', 46);
insert into student values('20168', 'kaisar', 'geomatika', 59);
insert into student values('5787', 'eca', 'geomatika', 127);
insert into student values('67952', 'yuda', 'elektro', 43);
insert into student values('94150', 'johanes', 'industri', 44);
insert into student values('609', 'yuda', 'mesin', 13);
insert into student values('82983', 'yuda', 'industri', 25);
insert into student values('36100', 'delfi', 'elektro', 109);
insert into student values('61613', 'eca', 'Sains Data', 71);
insert into student values('11361', 'rendi', 'mesin', 1);
insert into student values('23596', 'yuda', 'sipil', 86);
insert into student values('45829', 'delfi', 'geomatika', 41);
insert into student values('46295', 'fasya', 'mesin', 63);
insert into student values('56413', 'erik', 'rekayasa minyak dan gas', 21);
insert into student values('19590', 'arta', 'mesin', 94);
insert into student values('13881', 'kaisar', 'Sains Data', 53);
insert into student values('64498', 'erik', 'informatika', 64);
insert into student values('71337', 'johanes', 'Teknik lingkungan', 26);
insert into student values('19188', 'ocha', 'mesin', 23);
insert into student values('5315', 'kaisar', 'elektro', 88);
insert into student values('55817', 'kaisar', 'Sains Data', 3);
insert into student values('91386', 'fasya', 'geomatika', 126);
insert into student values('75248', 'eca', 'rekayasa minyak dan gas', 4);
insert into student values('37064', 'arta', 'Teknik lingkungan', 36);
insert into student values('4937', 'erik', 'Sains Data', 31);
insert into student values('13668', 'delfi', 'Sains Data', 40);
insert into student values('28215', 'yuda', 'Sains Data', 47);
insert into student values('99948', 'delfi', 'rekayasa minyak dan gas', 45);
insert into student values('38623', 'yuda', 'geomatika', 9);
insert into student values('23676', 'kaisar', 'informatika', 41);
insert into student values('51558', 'rendi', 'rekayasa minyak dan gas', 94);
insert into student values('39477', 'yuda', 'informatika', 129);
insert into student values('8471', 'kaisar', 'sipil', 128);
insert into student values('56279', 'yuda', 'aktuaria', 92);
insert into student values('91258', 'johanes', 'mesin', 50);
insert into student values('998', 'arta', 'elektro', 48);
insert into student values('57245', 'delfi', 'industri', 12);
insert into student values('54215', 'erik', 'sipil', 27);
insert into student values('20047', 'ocha', 'Sains Data', 0);
insert into student values('19460', 'johanes', 'rekayasa minyak dan gas', 114);
insert into student values('97919', 'delfi', 'geomatika', 36);
insert into student values('66852', 'eca', 'Sains Data', 7);
insert into student values('25057', 'ocha', 'informatika', 116);
insert into student values('84819', 'rendi', 'rekayasa minyak dan gas', 96);
insert into student values('4808', 'ocha', 'sipil', 62);
insert into student values('79584', 'yuda', 'informatika', 116);
insert into student values('29773', 'eca', 'elektro', 104);
insert into student values('56121', 'delfi', 'informatika', 67);
insert into student values('71398', 'delfi', 'industri', 51);
insert into student values('25776', 'yuda', 'informatika', 116);
insert into student values('29007', 'rendi', 'mesin', 109);
insert into student values('11577', 'erik', 'mesin', 12);
insert into student values('98084', 'eca', 'informatika', 35);
insert into student values('44265', 'delfi', 'mesin', 87);
insert into student values('70180', 'delfi', 'mesin', 10);
insert into student values('2328', 'arta', 'industri', 59);
insert into student values('45871', 'johanes', 'geomatika', 39);
insert into student values('74239', 'erik', 'sipil', 44);
insert into student values('10889', 'erik', 'aktuaria', 103);
insert into student values('2554', 'johanes', 'informatika', 9);
insert into student values('21460', 'arta', 'Teknik lingkungan', 7);
insert into student values('98023', 'yuda', 'informatika', 123);
insert into student values('5849', 'yuda', 'elektro', 80);
insert into student values('65445', 'rendi', 'sipil', 107);
insert into student values('84159', 'johanes', 'rekayasa minyak dan gas', 111);
insert into student values('12565', 'rendi', 'geomatika', 5);
insert into student values('64210', 'yuda', 'sipil', 105);
insert into student values('90588', 'arta', 'rekayasa minyak dan gas', 104);
insert into student values('27165', 'delfi', 'Sains Data', 5);
insert into student values('43614', 'erik', 'geomatika', 122);
insert into student values('86607', 'eca', 'industri', 88);
insert into student values('97508', 'fasya', 'Sains Data', 36);
insert into student values('89370', 'kaisar', 'Teknik lingkungan', 73);
insert into student values('16407', 'rendi', 'Teknik lingkungan', 35);
insert into student values('81134', 'ocha', 'aktuaria', 84);
insert into student values('21922', 'erik', 'aktuaria', 115);
insert into student values('70050', 'delfi', 'Teknik lingkungan', 24);
insert into student values('34899', 'yuda', 'rekayasa minyak dan gas', 82);
insert into student values('62251', 'arta', 'sipil', 56);
insert into student values('7737', 'delfi', 'elektro', 89);
insert into student values('31843', 'delfi', 'mesin', 69);
insert into student values('72359', 'kaisar', 'mesin', 53);
insert into student values('18915', 'erik', 'geomatika', 100);
insert into student values('96592', 'kaisar', 'industri', 71);
insert into student values('84168', 'arta', 'sipil', 73);
insert into student values('70952', 'arta', 'Sains Data', 49);
insert into student values('70737', 'johanes', 'Sains Data', 17);
insert into student values('68137', 'ocha', 'rekayasa minyak dan gas', 38);
insert into student values('10814', 'erik', 'informatika', 10);
insert into student values('94954', 'rendi', 'industri', 38);
insert into student values('81778', 'fasya', 'Teknik lingkungan', 83);
insert into student values('91049', 'rendi', 'industri', 36);
insert into student values('26610', 'ocha', 'Teknik lingkungan', 96);
insert into student values('55043', 'arta', 'geomatika', 104);
insert into student values('49220', 'ocha', 'Sains Data', 11);
insert into student values('90486', 'kaisar', 'geomatika', 70);
insert into student values('48592', 'eca', 'Sains Data', 48);
insert into student values('81317', 'ocha', 'Teknik lingkungan', 29);
insert into student values('9154', 'johanes', 'Teknik lingkungan', 95);
insert into student values('57683', 'rendi', 'rekayasa minyak dan gas', 75);
insert into student values('61253', 'arta', 'industri', 71);
insert into student values('80422', 'rendi', 'mesin', 41);
insert into student values('18569', 'delfi', 'aktuaria', 48);
insert into student values('29125', 'yuda', 'informatika', 53);
insert into student values('66621', 'ocha', 'sipil', 119);
insert into student values('14490', 'kaisar', 'mesin', 93);
insert into student values('79349', 'eca', 'industri', 100);
insert into student values('35505', 'fasya', 'sipil', 59);
insert into student values('60708', 'ocha', 'sipil', 86);
insert into student values('17462', 'eca', 'geomatika', 117);
insert into student values('23427', 'ocha', 'Sains Data', 43);
insert into student values('6075', 'eca', 'aktuaria', 60);
insert into student values('32424', 'johanes', 'Teknik lingkungan', 0);
insert into student values('86191', 'erik', 'Sains Data', 112);
insert into student values('17679', 'johanes', 'Teknik lingkungan', 117);
insert into student values('72327', 'yuda', 'Sains Data', 82);
insert into student values('84660', 'rendi', 'mesin', 88);
insert into student values('43960', 'delfi', 'Teknik lingkungan', 76);
insert into student values('83885', 'kaisar', 'Teknik lingkungan', 106);
insert into student values('13500', 'rendi', 'Teknik lingkungan', 8);
insert into student values('21414', 'johanes', 'aktuaria', 64);
insert into student values('90724', 'eca', 'mesin', 45);
insert into student values('7832', 'arta', 'sipil', 95);
insert into student values('70631', 'yuda', 'Teknik lingkungan', 77);
insert into student values('26101', 'johanes', 'informatika', 72);
insert into student values('97403', 'eca', 'aktuaria', 115);
insert into student values('29702', 'eca', 'Sains Data', 101);
insert into student values('78703', 'arta', 'geomatika', 128);
insert into student values('12083', 'johanes', 'sipil', 67);
insert into student values('28527', 'ocha', 'sipil', 10);
insert into student values('85082', 'erik', 'geomatika', 39);
insert into student values('97375', 'ocha', 'rekayasa minyak dan gas', 20);
insert into student values('99765', 'arta', 'aktuaria', 44);
insert into student values('14781', 'eca', 'Sains Data', 50);
insert into student values('47511', 'eca', 'geomatika', 5);
insert into student values('31744', 'rendi', 'geomatika', 59);
insert into student values('69484', 'fasya', 'aktuaria', 58);
insert into student values('96157', 'delfi', 'sipil', 115);
insert into student values('64894', 'arta', 'informatika', 18);
insert into student values('22206', 'kaisar', 'aktuaria', 9);
insert into student values('1932', 'kaisar', 'rekayasa minyak dan gas', 3);
insert into student values('70315', 'eca', 'industri', 88);
insert into student values('80562', 'arta', 'Teknik lingkungan', 64);
insert into student values('47427', 'johanes', 'industri', 26);
insert into student values('42469', 'arta', 'geomatika', 31);
insert into student values('59649', 'arta', 'elektro', 128);
insert into student values('80662', 'rendi', 'sipil', 118);
insert into student values('47513', 'fasya', 'Sains Data', 103);
insert into student values('68716', 'fasya', 'rekayasa minyak dan gas', 36);
insert into student values('48729', 'fasya', 'rekayasa minyak dan gas', 124);
insert into student values('19500', 'johanes', 'mesin', 100);
insert into student values('81835', 'johanes', 'industri', 54);
insert into student values('29906', 'fasya', 'sipil', 75);
insert into student values('32911', 'arta', 'industri', 102);
insert into student values('44727', 'delfi', 'aktuaria', 124);
insert into student values('52163', 'fasya', 'industri', 34);
insert into student values('17579', 'fasya', 'informatika', 77);
insert into student values('18748', 'kaisar', 'rekayasa minyak dan gas', 37);
insert into student values('22713', 'yuda', 'sipil', 69);
insert into student values('236', 'arta', 'mesin', 68);
insert into student values('52135', 'fasya', 'elektro', 39);
insert into student values('46268', 'johanes', 'Sains Data', 39);
insert into student values('86325', 'delfi', 'elektro', 10);
insert into student values('99408', 'ocha', 'Sains Data', 91);
insert into student values('8667', 'rendi', 'industri', 108);
insert into student values('50152', 'rendi', 'rekayasa minyak dan gas', 80);
insert into student values('94445', 'eca', 'Teknik lingkungan', 123);
insert into student values('93211', 'kaisar', 'Sains Data', 27);
insert into student values('43000', 'eca', 'mesin', 27);
insert into student values('94971', 'delfi', 'sipil', 119);
insert into student values('65380', 'erik', 'rekayasa minyak dan gas', 99);
insert into student values('73109', 'fasya', 'Teknik lingkungan', 116);
insert into student values('93873', 'erik', 'sipil', 23);
insert into student values('89264', 'delfi', 'informatika', 51);
insert into student values('66268', 'rendi', 'Teknik lingkungan', 100);
insert into student values('24715', 'delfi', 'elektro', 124);
insert into student values('36985', 'delfi', 'Teknik lingkungan', 44);
insert into student values('80577', 'arta', 'Teknik lingkungan', 107);
insert into student values('62455', 'ocha', 'rekayasa minyak dan gas', 31);
insert into student values('13029', 'eca', 'industri', 48);
insert into student values('52033', 'fasya', 'aktuaria', 23);
insert into student values('10792', 'kaisar', 'aktuaria', 17);
insert into student values('85369', 'fasya', 'Sains Data', 70);
insert into student values('52016', 'eca', 'informatika', 6);
insert into student values('25981', 'arta', 'rekayasa minyak dan gas', 103);
insert into student values('17824', 'rendi', 'aktuaria', 123);
insert into student values('28196', 'eca', 'Teknik lingkungan', 127);
insert into student values('63989', 'eca', 'Teknik lingkungan', 11);
insert into student values('77247', 'rendi', 'industri', 34);
insert into student values('24325', 'yuda', 'rekayasa minyak dan gas', 82);
insert into student values('87962', 'johanes', 'informatika', 52);
insert into student values('77567', 'rendi', 'aktuaria', 2);
insert into student values('76570', 'johanes', 'rekayasa minyak dan gas', 12);
insert into student values('1679', 'kaisar', 'mesin', 81);
insert into student values('39742', 'ocha', 'Teknik lingkungan', 129);
insert into student values('75032', 'arta', 'elektro', 114);
insert into student values('51455', 'kaisar', 'geomatika', 21);
insert into student values('91770', 'kaisar', 'sipil', 39);
insert into student values('15985', 'kaisar', 'Teknik lingkungan', 11);
insert into student values('5451', 'erik', 'Sains Data', 51);
insert into student values('33282', 'eca', 'mesin', 122);
insert into student values('72576', 'johanes', 'elektro', 74);
insert into student values('55000', 'johanes', 'aktuaria', 77);
insert into student values('90435', 'fasya', 'aktuaria', 84);
insert into student values('92149', 'eca', 'elektro', 10);
insert into student values('35931', 'delfi', 'sipil', 119);
insert into student values('49748', 'fasya', 'Teknik lingkungan', 71);
insert into student values('15305', 'delfi', 'elektro', 23);
insert into student values('67914', 'eca', 'Teknik lingkungan', 85);
insert into student values('38055', 'delfi', 'Sains Data', 85);
insert into student values('68231', 'delfi', 'aktuaria', 123);
insert into student values('63689', 'rendi', 'Teknik lingkungan', 26);
insert into student values('44085', 'kaisar', 'rekayasa minyak dan gas', 72);
insert into student values('23549', 'arta', 'informatika', 71);
insert into student values('83861', 'ocha', 'Teknik lingkungan', 81);
insert into student values('55276', 'arta', 'sipil', 55);
insert into student values('31174', 'delfi', 'aktuaria', 113);
insert into student values('32856', 'ocha', 'Teknik lingkungan', 11);
insert into student values('32672', 'johanes', 'rekayasa minyak dan gas', 10);
insert into student values('43198', 'erik', 'elektro', 91);
insert into student values('850', 'erik', 'Sains Data', 17);
insert into student values('21235', 'delfi', 'mesin', 7);
insert into student values('88297', 'fasya', 'industri', 53);
insert into student values('34217', 'delfi', 'aktuaria', 67);
insert into student values('13898', 'johanes', 'sipil', 2);
insert into student values('31624', 'fasya', 'Teknik lingkungan', 35);
insert into student values('86357', 'kaisar', 'aktuaria', 94);
insert into student values('64599', 'erik', 'Sains Data', 128);
insert into student values('3138', 'fasya', 'elektro', 97);
insert into student values('47890', 'arta', 'geomatika', 70);
insert into student values('59908', 'johanes', 'elektro', 98);
insert into student values('71282', 'rendi', 'Sains Data', 103);
insert into student values('98026', 'johanes', 'rekayasa minyak dan gas', 6);
insert into student values('63595', 'yuda', 'aktuaria', 20);
insert into student values('8507', 'erik', 'Sains Data', 72);
insert into student values('49383', 'yuda', 'geomatika', 54);
insert into student values('97687', 'kaisar', 'industri', 112);
insert into student values('45293', 'arta', 'mesin', 75);
insert into student values('26363', 'delfi', 'rekayasa minyak dan gas', 48);
insert into student values('8286', 'ocha', 'geomatika', 72);
insert into student values('31610', 'eca', 'Sains Data', 111);
insert into student values('20147', 'arta', 'sipil', 27);
insert into student values('13702', 'ocha', 'industri', 39);
insert into student values('75554', 'kaisar', 'mesin', 63);
insert into student values('76710', 'kaisar', 'mesin', 60);
insert into student values('96120', 'ocha', 'geomatika', 31);
insert into student values('26079', 'yuda', 'geomatika', 8);
insert into student values('93918', 'erik', 'rekayasa minyak dan gas', 86);
insert into student values('9934', 'erik', 'mesin', 11);
insert into student values('93271', 'kaisar', 'mesin', 116);
insert into student values('92970', 'fasya', 'geomatika', 29);
insert into student values('21885', 'ocha', 'aktuaria', 18);
insert into student values('41508', 'ocha', 'industri', 79);
insert into student values('45672', 'eca', 'aktuaria', 116);
insert into student values('53159', 'kaisar', 'rekayasa minyak dan gas', 76);
insert into student values('69097', 'johanes', 'informatika', 53);
insert into student values('66202', 'kaisar', 'industri', 66);
insert into student values('23240', 'kaisar', 'sipil', 98);
insert into student values('27259', 'kaisar', 'Teknik lingkungan', 69);
insert into student values('65963', 'rendi', 'mesin', 95);
insert into student values('32099', 'fasya', 'sipil', 125);
insert into student values('36433', 'arta', 'Sains Data', 6);
insert into student values('16678', 'yuda', 'informatika', 90);
insert into student values('87696', 'johanes', 'mesin', 124);
insert into student values('64561', 'arta', 'industri', 114);
insert into student values('11804', 'delfi', 'mesin', 11);
insert into student values('29580', 'yuda', 'elektro', 10);
insert into student values('43265', 'fasya', 'aktuaria', 89);
insert into student values('44568', 'fasya', 'Sains Data', 112);
insert into student values('60805', 'johanes', 'Teknik lingkungan', 78);
insert into student values('10256', 'erik', 'rekayasa minyak dan gas', 88);
insert into student values('38409', 'arta', 'rekayasa minyak dan gas', 22);
insert into student values('73769', 'delfi', 'mesin', 39);
insert into student values('62823', 'johanes', 'industri', 18);
insert into student values('77779', 'eca', 'elektro', 0);
insert into student values('21650', 'erik', 'Sains Data', 128);
insert into student values('85495', 'ocha', 'informatika', 42);
insert into takes values('63454', '555', '8', 'Spring', 2006, 'A ');
insert into takes values('32973', '945', '4', 'Spring', 2008, 'C+');
insert into takes values('55871', '371', '6', 'Spring', 2002, 'C-');
insert into takes values('99319', '112', '3', 'Spring', 2003, 'B ');
insert into takes values('41516', '944', '4', 'Spring', 2007, 'B ');
insert into takes values('92958', '887', '4', 'Spring', 2009, 'A-');
insert into takes values('1932', '423', '3', 'Fall', 2007, 'A-');
insert into takes values('1679', '516', '4', 'Fall', 2006, 'C-');
insert into takes values('32856', '933', '5', 'Fall', 2007, 'B ');
insert into takes values('20168', '631', '2', 'Spring', 2008, 'B ');
insert into takes values('850', '423', '6', 'Spring', 2001, 'B ');
insert into takes values('14490', '776', '6', 'Fall', 2003, 'C+');
insert into takes values('49859', '322', '1', 'Fall', 2003, 'C+');
insert into takes values('43000', '348', '2', 'Fall', 2006, 'C-');
insert into takes values('98026', '447', '1', 'Spring', 2002, 'C-');
insert into takes values('32099', '179', '2', 'Spring', 2002, 'C ');
insert into takes values('73109', '588', '3', 'Fall', 2002, 'C-');
insert into takes values('21650', '941', '6', 'Fall', 2004, 'B ');
insert into takes values('32268', '573', '1', 'Spring', 2005, 'A-');
insert into takes values('44568', '555', '6', 'Spring', 2003, 'A-');
insert into takes values('79584', '235', '3', 'Spring', 2004, 'A ');
insert into takes values('11361', '535', '1', 'Fall', 2002, 'B ');
insert into takes values('24656', '584', '4', 'Spring', 2008, 'B ');
insert into takes values('36002', '631', '5', 'Fall', 2008, 'B+');
insert into takes values('55043', '315', '5', 'Spring', 2001, 'B+');
insert into takes values('57245', '112', '3', 'Spring', 2003, 'B-');
insert into takes values('55817', '633', '6', 'Fall', 2001, 'B-');
insert into takes values('40485', '880', '4', 'Spring', 2004, 'C ');
insert into takes values('45672', '301', '5', 'Spring', 2006, 'A+');
insert into takes values('1865', '165', '1', 'Fall', 2009, 'C ');
insert into takes values('65380', '516', '4', 'Fall', 2006, 'C-');
insert into takes values('97375', '301', '4', 'Fall', 2004, 'C+');
insert into takes values('17584', '450', '2', 'Spring', 2009, 'A ');
insert into takes values('14490', '880', '4', 'Spring', 2004, 'B ');
insert into takes values('42123', '342', '1', 'Fall', 2009, 'C ');
insert into takes values('53159', '165', '2', 'Spring', 2009, 'B ');
insert into takes values('42123', '409', '6', 'Spring', 2001, 'B ');
insert into takes values('99948', '118', '3', 'Spring', 2009, 'C ');
insert into takes values('5366', '580', '3', 'Fall', 2010, 'C-');
insert into takes values('24715', '768', '11', 'Fall', 2008, 'A ');
insert into takes values('69097', '610', '4', 'Fall', 2006, 'A ');
insert into takes values('83545', '962', '1', 'Fall', 2002, 'B+');
insert into takes values('32911', '301', '4', 'Fall', 2004, 'A+');
insert into takes values('16704', '159', '2', 'Spring', 2005, 'A ');
insert into takes values('11361', '711', '2', 'Fall', 2007, 'A ');
insert into takes values('70631', '315', '4', 'Spring', 2008, 'B+');
insert into takes values('67963', '595', '1', 'Fall', 2009, 'C-');
insert into takes values('17679', '278', '3', 'Spring', 2005, 'C+');
insert into takes values('47513', '859', '3', 'Fall', 2002, 'A-');
insert into takes values('62455', '240', '3', 'Spring', 2010, 'A ');
insert into takes values('4754', '329', '1', 'Fall', 2001, 'C-');
insert into takes values('21460', '165', '2', 'Spring', 2009, 'C+');
insert into takes values('36985', '556', '5', 'Spring', 2007, 'C ');
insert into takes values('3138', '780', '2', 'Fall', 2008, 'A+');
insert into takes values('71563', '189', '4', 'Fall', 2005, 'A+');
insert into takes values('44794', '196', '1', 'Fall', 2007, 'A ');
insert into takes values('43198', '106', '4', 'Fall', 2004, 'A+');
insert into takes values('35118', '380', '3', 'Fall', 2010, 'A-');
insert into takes values('1932', '179', '3', 'Fall', 2004, 'C-');
insert into takes values('36100', '612', '5', 'Spring', 2007, 'A ');
insert into takes values('90724', '180', '1', 'Spring', 2001, 'B+');
insert into takes values('18748', '177', '2', 'Spring', 2004, 'C-');
insert into takes values('97375', '610', '5', 'Spring', 2004, 'B-');
insert into takes values('52135', '633', '6', 'Fall', 2001, 'B ');
insert into takes values('40485', '510', '3', 'Fall', 2002, 'A ');
insert into takes values('54164', '240', '8', 'Spring', 2008, 'C ');
insert into takes values('64210', '590', '3', 'Spring', 2008, 'B ');
insert into takes values('90724', '503', '2', 'Spring', 2006, 'B ');
insert into takes values('32672', '610', '3', 'Fall', 2005, 'A-');
insert into takes values('31843', '606', '3', 'Fall', 2006, 'A-');
insert into takes values('47427', '830', '2', 'Spring', 2009, 'A-');
insert into takes values('58184', '181', '4', 'Spring', 2003, 'B+');
insert into takes values('33282', '179', '3', 'Fall', 2004, 'C ');
insert into takes values('98023', '945', '3', 'Fall', 2008, 'B-');
insert into takes values('4396', '380', '1', 'Spring', 2003, 'A+');
insert into takes values('28752', '496', '1', 'Fall', 2010, 'A+');
insert into takes values('4937', '636', '6', 'Spring', 2009, 'B ');
insert into takes values('88470', '961', '4', 'Spring', 2008, 'C ');
insert into takes values('75248', '410', '6', 'Fall', 2010, 'B-');
insert into takes values('80662', '549', '2', 'Fall', 2007, 'C-');
insert into takes values('32911', '496', '2', 'Spring', 2009, 'B+');
insert into takes values('72298', '588', '1', 'Fall', 2010, 'A+');
insert into takes values('80577', '232', '1', 'Fall', 2006, 'A-');
insert into takes values('82983', '686', '4', 'Spring', 2002, 'B ');
insert into takes values('17462', '168', '1', 'Fall', 2006, 'B+');
insert into takes values('66102', '415', '5', 'Spring', 2006, 'C+');
insert into takes values('31624', '945', '2', 'Fall', 2001, 'B-');
insert into takes values('20047', '447', '4', 'Spring', 2004, 'C+');
insert into takes values('56643', '124', '2', 'Fall', 2007, 'B ');
insert into takes values('34646', '580', '3', 'Fall', 2010, 'A+');
insert into takes values('39309', '293', '6', 'Spring', 2007, 'A-');
insert into takes values('56413', '403', '3', 'Spring', 2008, 'C ');
insert into takes values('17579', '259', '2', 'Fall', 2008, 'C-');
insert into takes values('22713', '491', '4', 'Spring', 2008, 'A+');
insert into takes values('36100', '340', '4', 'Fall', 2006, 'A+');
insert into takes values('77247', '557', '3', 'Fall', 2008, 'A ');
insert into takes values('73001', '735', '1', 'Fall', 2001, 'A-');
insert into takes values('31744', '450', '1', 'Fall', 2007, 'C-');
insert into takes values('76055', '181', '3', 'Spring', 2004, 'C+');
insert into takes values('29125', '966', '5', 'Fall', 2008, 'B ');
insert into takes values('82983', '161', '6', 'Spring', 2002, 'C-');
insert into takes values('31610', '567', '4', 'Spring', 2007, 'B ');
insert into takes values('65543', '646', '6', 'Fall', 2009, 'A+');
insert into takes values('26101', '893', '4', 'Fall', 2005, 'B ');
insert into takes values('61073', '859', '7', 'Fall', 2009, 'B ');
insert into takes values('16704', '415', '2', 'Fall', 2004, 'A ');
insert into takes values('43265', '330', '5', 'Spring', 2002, 'B ');
insert into takes values('18748', '899', '1', 'Fall', 2009, 'A-');
insert into takes values('28196', '450', '5', 'Spring', 2002, 'B ');
insert into takes values('71358', '225', '4', 'Spring', 2004, 'C+');
insert into takes values('44386', '555', '4', 'Spring', 2009, 'B+');
insert into takes values('38718', '776', '6', 'Fall', 2003, 'C-');
insert into takes values('93067', '982', '1', 'Spring', 2003, 'A ');
insert into takes values('17510', '118', '1', 'Spring', 2010, 'C-');
insert into takes values('35070', '484', '2', 'Fall', 2003, 'C-');
insert into takes values('69097', '813', '3', 'Fall', 2003, 'C-');
insert into takes values('93873', '815', '4', 'Spring', 2001, 'B-');
insert into takes values('27466', '876', '2', 'Spring', 2009, 'A-');
insert into takes values('16704', '463', '5', 'Fall', 2008, 'B+');
insert into takes values('1679', '410', '1', 'Spring', 2008, 'A-');
insert into takes values('30622', '409', '6', 'Spring', 2001, 'B+');
insert into takes values('83719', '228', '1', 'Fall', 2008, 'B ');
insert into takes values('25981', '610', '4', 'Fall', 2006, 'A ');
insert into takes values('32587', '162', '3', 'Fall', 2006, 'C-');
insert into takes values('54424', '305', '6', 'Spring', 2002, 'C+');
insert into takes values('36764', '512', '2', 'Fall', 2001, 'C+');
insert into takes values('70315', '887', '4', 'Spring', 2009, 'B+');
insert into takes values('24656', '367', '2', 'Fall', 2006, 'C-');
insert into takes values('89370', '590', '1', 'Spring', 2004, 'C-');
insert into takes values('18569', '904', '2', 'Spring', 2007, 'C+');
insert into takes values('47497', '428', '4', 'Spring', 2010, 'B+');
insert into takes values('99408', '510', '3', 'Fall', 2002, 'B+');
insert into takes values('1759', '588', '9', 'Spring', 2007, 'C-');
insert into takes values('52016', '846', '2', 'Fall', 2006, 'B-');
insert into takes values('56124', '165', '4', 'Fall', 2010, 'A ');
insert into takes values('9154', '675', '3', 'Spring', 2007, 'A ');
insert into takes values('42386', '628', '3', 'Spring', 2008, 'A+');
insert into takes values('1932', '189', '5', 'Spring', 2009, 'C-');
insert into takes values('36100', '686', '1', 'Fall', 2001, 'A ');
insert into takes values('91386', '503', '3', 'Spring', 2010, 'A-');
insert into takes values('60631', '327', '2', 'Spring', 2002, 'B+');
insert into takes values('44185', '220', '1', 'Spring', 2005, 'B-');
insert into takes values('26363', '684', '5', 'Spring', 2008, 'C+');
insert into takes values('88849', '220', '4', 'Spring', 2009, 'C-');
insert into takes values('56215', '177', '11', 'Spring', 2006, 'A+');
insert into takes values('73001', '636', '5', 'Fall', 2009, 'A+');
insert into takes values('79114', '409', '2', 'Fall', 2006, 'C ');
insert into takes values('236', '984', '5', 'Spring', 2008, 'C-');
insert into takes values('2554', '275', '8', 'Fall', 2005, 'C-');
insert into takes values('23596', '124', '5', 'Fall', 2010, 'A+');
insert into takes values('60708', '112', '3', 'Spring', 2003, 'C-');
insert into takes values('18915', '950', '1', 'Fall', 2007, 'A ');
insert into takes values('19541', '140', '4', 'Spring', 2006, 'B ');
insert into takes values('52135', '159', '3', 'Fall', 2005, 'A+');
insert into takes values('40440', '162', '4', 'Fall', 2002, 'C-');
insert into takes values('91386', '982', '2', 'Fall', 2010, 'A+');
insert into takes values('52092', '168', '4', 'Spring', 2010, 'A ');
insert into takes values('70180', '450', '3', 'Fall', 2009, 'A ');
insert into takes values('91770', '588', '3', 'Fall', 2002, 'C+');
insert into takes values('12083', '580', '3', 'Fall', 2010, 'A+');
insert into takes values('13881', '450', '3', 'Fall', 2009, 'A-');
insert into takes values('94854', '124', '3', 'Spring', 2009, 'A ');
insert into takes values('67963', '851', '1', 'Fall', 2002, 'A ');
insert into takes values('47511', '735', '2', 'Spring', 2009, 'C-');
insert into takes values('79235', '240', '3', 'Spring', 2010, 'C-');
insert into takes values('63191', '859', '6', 'Spring', 2005, 'C+');
insert into takes values('13944', '624', '1', 'Fall', 2003, 'C+');
insert into takes values('34646', '590', '8', 'Spring', 2007, 'A ');
insert into takes values('91386', '750', '2', 'Spring', 2001, 'B+');
insert into takes values('98023', '982', '2', 'Fall', 2010, 'A+');
insert into takes values('55983', '264', '6', 'Fall', 2005, 'B ');
insert into takes values('8469', '371', '5', 'Spring', 2002, 'A+');
insert into takes values('1759', '859', '4', 'Spring', 2007, 'C-');
insert into takes values('3546', '354', '3', 'Fall', 2010, 'B+');
insert into takes values('19590', '844', '1', 'Spring', 2006, 'C-');
insert into takes values('97508', '830', '2', 'Spring', 2009, 'A ');
insert into takes values('52016', '189', '6', 'Fall', 2009, 'B ');
insert into takes values('72576', '354', '5', 'Spring', 2007, 'A-');
insert into takes values('89072', '748', '3', 'Fall', 2004, 'C-');
insert into takes values('36828', '859', '7', 'Fall', 2009, 'A ');
insert into takes values('68137', '484', '3', 'Spring', 2009, 'C+');
insert into takes values('18915', '628', '2', 'Fall', 2010, 'A ');
insert into takes values('17824', '159', '1', 'Spring', 2006, 'B-');
insert into takes values('58689', '274', '2', 'Fall', 2007, 'A-');
insert into takes values('63608', '768', '3', 'Fall', 2002, 'B-');
insert into takes values('97919', '851', '2', 'Fall', 2008, 'B ');
insert into takes values('29580', '510', '1', 'Spring', 2008, 'B-');
insert into takes values('61069', '322', '7', 'Fall', 2003, 'C-');
insert into takes values('78703', '916', '2', 'Spring', 2004, 'A ');
insert into takes values('93572', '493', '5', 'Spring', 2001, 'A+');
insert into takes values('89370', '941', '3', 'Spring', 2008, 'A-');
insert into takes values('65412', '686', '3', 'Fall', 2008, 'C-');
insert into takes values('92149', '648', '7', 'Spring', 2008, 'B-');
insert into takes values('16984', '403', '4', 'Fall', 2002, 'B ');
insert into takes values('85082', '241', '3', 'Fall', 2004, 'B ');
insert into takes values('35721', '112', '4', 'Spring', 2007, 'A-');
insert into takes values('83861', '162', '2', 'Fall', 2007, 'C+');
insert into takes values('44568', '293', '4', 'Spring', 2008, 'B-');
insert into takes values('22206', '899', '1', 'Fall', 2009, 'C+');
insert into takes values('61990', '706', '2', 'Fall', 2005, 'B ');
insert into takes values('35721', '517', '2', 'Spring', 2004, 'C-');
insert into takes values('21414', '395', '6', 'Fall', 2007, 'B+');
insert into takes values('1377', '409', '2', 'Fall', 2006, 'B ');
insert into takes values('26101', '410', '3', 'Fall', 2005, 'A-');
insert into takes values('72298', '168', '4', 'Spring', 2010, 'C+');
insert into takes values('83885', '648', '6', 'Spring', 2005, 'C ');
insert into takes values('89072', '610', '1', 'Spring', 2005, 'C-');
insert into takes values('65413', '869', '2', 'Spring', 2009, 'C+');
insert into takes values('43198', '851', '5', 'Fall', 2007, 'C-');
insert into takes values('12083', '430', '6', 'Fall', 2002, 'C-');
insert into takes values('13500', '106', '1', 'Fall', 2007, 'C ');
insert into takes values('74239', '838', '1', 'Spring', 2003, 'B+');
insert into takes values('64894', '252', '3', 'Spring', 2010, 'A+');
insert into takes values('11361', '476', '3', 'Spring', 2008, 'C ');
insert into takes values('79584', '453', '4', 'Fall', 2008, 'C ');
insert into takes values('32911', '703', '1', 'Spring', 2008, 'C ');
insert into takes values('16108', '428', '4', 'Spring', 2010, 'B ');
insert into takes values('1413', '590', '4', 'Spring', 2004, 'C-');
insert into takes values('16984', '124', '8', 'Spring', 2009, 'C ');
insert into takes values('15985', '389', '2', 'Spring', 2006, 'A+');
insert into takes values('98084', '118', '4', 'Spring', 2003, 'B+');
insert into takes values('56279', '261', '2', 'Fall', 2004, 'B-');
insert into takes values('76050', '380', '7', 'Fall', 2010, 'B ');
insert into takes values('70315', '555', '4', 'Spring', 2009, 'C+');
insert into takes values('76484', '687', '4', 'Fall', 2006, 'B+');
insert into takes values('4396', '961', '3', 'Spring', 2010, 'C-');
insert into takes values('36828', '892', '6', 'Fall', 2009, 'A ');
insert into takes values('13029', '916', '2', 'Spring', 2004, 'C ');
insert into takes values('57245', '555', '8', 'Spring', 2006, 'A ');
insert into takes values('24898', '801', '4', 'Spring', 2009, 'C ');
insert into takes values('35348', '617', '2', 'Fall', 2008, 'C+');
insert into takes values('95517', '945', '5', 'Spring', 2009, 'B ');
insert into takes values('36985', '962', '2', 'Fall', 2006, 'A ');
insert into takes values('77779', '463', '2', 'Spring', 2005, 'C ');
insert into takes values('66581', '168', '2', 'Spring', 2005, 'C+');
insert into takes values('58339', '450', '1', 'Fall', 2007, 'C ');
insert into takes values('76484', '476', '5', 'Fall', 2010, 'C+');
insert into takes values('21414', '493', '3', 'Fall', 2006, 'B+');
insert into takes values('16054', '124', '8', 'Spring', 2009, 'A-');
insert into takes values('24715', '982', '1', 'Spring', 2003, 'B+');
insert into takes values('52751', '724', '3', 'Spring', 2003, 'A+');
insert into takes values('91258', '116', '1', 'Spring', 2008, 'B-');
insert into takes values('93265', '395', '7', 'Spring', 2008, 'A ');
insert into takes values('8055', '768', '1', 'Fall', 2006, 'C-');
insert into takes values('55871', '118', '1', 'Spring', 2010, 'A ');
insert into takes values('7832', '629', '1', 'Fall', 2006, 'C+');
insert into takes values('21414', '382', '2', 'Fall', 2010, 'C ');
insert into takes values('44265', '327', '7', 'Spring', 2003, 'A-');
insert into takes values('16108', '419', '1', 'Spring', 2002, 'C ');
insert into takes values('42728', '628', '6', 'Spring', 2004, 'A-');
insert into takes values('9154', '180', '3', 'Spring', 2008, 'B ');
insert into takes values('54271', '159', '1', 'Spring', 2006, 'A ');
insert into takes values('71282', '196', '6', 'Fall', 2005, 'A ');
insert into takes values('13944', '904', '2', 'Spring', 2007, 'B+');
insert into takes values('49220', '512', '6', 'Spring', 2004, 'B ');
insert into takes values('93271', '196', '6', 'Fall', 2005, 'A-');
insert into takes values('1171', '112', '2', 'Fall', 2003, 'C+');
insert into takes values('35348', '800', '2', 'Spring', 2003, 'B+');
insert into takes values('36911', '504', '1', 'Spring', 2007, 'C-');
insert into takes values('99319', '277', '2', 'Spring', 2008, 'A ');
insert into takes values('18748', '112', '4', 'Spring', 2007, 'A-');
insert into takes values('30864', '140', '1', 'Fall', 2002, 'C+');
insert into takes values('12767', '984', '4', 'Spring', 2007, 'B+');
insert into takes values('83719', '717', '7', 'Spring', 2004, 'C ');
insert into takes values('97919', '800', '3', 'Fall', 2006, 'A+');
insert into takes values('36911', '340', '6', 'Spring', 2008, 'A-');
insert into takes values('22713', '159', '8', 'Spring', 2007, 'C ');
insert into takes values('91258', '801', '2', 'Spring', 2003, 'B+');
insert into takes values('43699', '112', '1', 'Fall', 2004, 'A-');
insert into takes values('36985', '259', '3', 'Spring', 2006, 'C ');
insert into takes values('94954', '704', '4', 'Fall', 2005, 'A+');
insert into takes values('56121', '114', '1', 'Spring', 2006, 'A+');
insert into takes values('88390', '112', '2', 'Fall', 2003, 'A+');
insert into takes values('74225', '235', '3', 'Spring', 2004, 'A ');
insert into takes values('70369', '768', '10', 'Spring', 2004, 'A ');
insert into takes values('74225', '697', '1', 'Spring', 2006, 'B ');
insert into takes values('9934', '327', '4', 'Fall', 2007, 'C ');
insert into takes values('55000', '813', '3', 'Fall', 2003, 'A ');
insert into takes values('28527', '599', '1', 'Fall', 2006, 'C ');
insert into takes values('12565', '389', '2', 'Spring', 2006, 'B ');
insert into takes values('60631', '617', '1', 'Fall', 2006, 'C+');
insert into takes values('19922', '884', '6', 'Spring', 2001, 'A+');
insert into takes values('4808', '631', '3', 'Spring', 2008, 'B-');
insert into takes values('92970', '588', '4', 'Spring', 2005, 'A+');
insert into takes values('43699', '419', '5', 'Fall', 2002, 'B+');
insert into takes values('10256', '768', '11', 'Fall', 2008, 'C-');
insert into takes values('57585', '776', '7', 'Spring', 2007, 'A+');
insert into takes values('97687', '482', '3', 'Spring', 2010, 'C-');
insert into takes values('57311', '801', '5', 'Fall', 2010, 'B-');
insert into takes values('30622', '612', '6', 'Fall', 2002, 'B-');
insert into takes values('4972', '599', '4', 'Fall', 2007, 'C ');
insert into takes values('51749', '340', '1', 'Fall', 2004, 'B-');
insert into takes values('8667', '994', '5', 'Spring', 2001, 'C-');
insert into takes values('86357', '828', '4', 'Spring', 2010, 'B+');
insert into takes values('31174', '168', '3', 'Spring', 2003, 'B+');
insert into takes values('5787', '275', '6', 'Fall', 2009, 'C ');
insert into takes values('81778', '112', '5', 'Spring', 2010, 'A ');
insert into takes values('54215', '829', '2', 'Fall', 2008, 'B ');
insert into takes values('43265', '116', '1', 'Spring', 2008, 'B-');
insert into takes values('65413', '876', '4', 'Spring', 2006, 'C+');
insert into takes values('74225', '106', '2', 'Fall', 2002, 'C+');
insert into takes values('55276', '780', '1', 'Fall', 2007, 'C+');
insert into takes values('52751', '697', '4', 'Fall', 2002, 'A-');
insert into takes values('70315', '687', '3', 'Fall', 2003, 'C-');
insert into takes values('47625', '264', '1', 'Spring', 2007, 'C-');
insert into takes values('98084', '813', '7', 'Fall', 2010, 'A+');
insert into takes values('1499', '364', '1', 'Fall', 2004, 'B-');
insert into takes values('51558', '687', '2', 'Fall', 2007, 'B+');
insert into takes values('10889', '555', '9', 'Fall', 2001, 'C ');
insert into takes values('39336', '869', '1', 'Fall', 2009, 'C ');
insert into takes values('52135', '382', '2', 'Fall', 2010, 'C ');
insert into takes values('92970', '240', '3', 'Spring', 2010, 'A-');
insert into takes values('64561', '599', '4', 'Fall', 2007, 'B ');
insert into takes values('19188', '503', '6', 'Spring', 2008, 'C-');
insert into takes values('31158', '606', '4', 'Fall', 2008, 'C+');
insert into takes values('11187', '329', '3', 'Spring', 2007, 'A ');
insert into takes values('10792', '264', '1', 'Spring', 2007, 'B+');
insert into takes values('35910', '140', '2', 'Fall', 2001, 'A+');
insert into takes values('65413', '776', '7', 'Spring', 2007, 'A+');
insert into takes values('51558', '315', '4', 'Spring', 2008, 'B+');
insert into takes values('15509', '181', '1', 'Spring', 2010, 'C ');
insert into takes values('93572', '612', '8', 'Spring', 2003, 'A-');
insert into takes values('5451', '711', '2', 'Fall', 2007, 'A ');
insert into takes values('32268', '116', '5', 'Fall', 2002, 'A+');
insert into takes values('5787', '768', '3', 'Fall', 2002, 'C+');
insert into takes values('64599', '393', '2', 'Spring', 2001, 'C ');
insert into takes values('63454', '941', '2', 'Spring', 2009, 'A-');
insert into takes values('83719', '162', '5', 'Fall', 2007, 'A-');
insert into takes values('6075', '189', '2', 'Fall', 2004, 'C ');
insert into takes values('77567', '629', '1', 'Fall', 2006, 'B+');
insert into takes values('88390', '944', '1', 'Fall', 2010, 'C ');
insert into takes values('37655', '679', '1', 'Fall', 2001, 'C ');
insert into takes values('76055', '516', '3', 'Spring', 2010, 'C-');
insert into takes values('12083', '220', '4', 'Spring', 2009, 'B-');
insert into takes values('35721', '523', '8', 'Fall', 2007, 'B ');
insert into takes values('44185', '450', '3', 'Fall', 2009, 'B ');
insert into takes values('96120', '482', '3', 'Spring', 2010, 'A+');
insert into takes values('54215', '961', '1', 'Spring', 2001, 'A ');
insert into takes values('77247', '633', '5', 'Spring', 2005, 'B ');
insert into takes values('73769', '212', '1', 'Fall', 2006, 'C-');
insert into takes values('52016', '985', '1', 'Fall', 2008, 'C+');
insert into takes values('55983', '162', '8', 'Fall', 2002, 'B-');
insert into takes values('64894', '607', '5', 'Spring', 2010, 'B ');
insert into takes values('37064', '162', '2', 'Fall', 2007, 'B ');
insert into takes values('850', '453', '2', 'Spring', 2004, 'C ');
insert into takes values('83719', '278', '1', 'Spring', 2007, 'B ');
insert into takes values('94854', '315', '5', 'Spring', 2001, 'B-');
insert into takes values('92149', '916', '3', 'Fall', 2002, 'C+');
insert into takes values('13898', '623', '1', 'Fall', 2009, 'B+');
insert into takes values('71398', '631', '5', 'Fall', 2008, 'B-');
insert into takes values('24325', '116', '5', 'Fall', 2002, 'C-');
insert into takes values('95904', '430', '4', 'Spring', 2002, 'B+');
insert into takes values('45176', '933', '4', 'Spring', 2009, 'C-');
insert into takes values('71275', '555', '3', 'Spring', 2001, 'A ');
insert into takes values('79442', '816', '3', 'Fall', 2003, 'B+');
insert into takes values('1865', '252', '6', 'Fall', 2002, 'C-');
insert into takes values('86892', '419', '3', 'Spring', 2009, 'C+');
insert into takes values('55817', '428', '3', 'Spring', 2006, 'C-');
insert into takes values('61253', '612', '7', 'Fall', 2003, 'B-');
insert into takes values('19541', '668', '1', 'Spring', 2003, 'C ');
insert into takes values('44185', '162', '4', 'Fall', 2002, 'A+');
insert into takes values('5315', '409', '6', 'Spring', 2001, 'A+');
insert into takes values('1171', '327', '6', 'Spring', 2007, 'A-');
insert into takes values('81778', '232', '2', 'Fall', 2005, 'B+');
insert into takes values('65412', '588', '9', 'Spring', 2007, 'B ');
insert into takes values('17579', '829', '1', 'Fall', 2006, 'B-');
insert into takes values('70737', '590', '5', 'Fall', 2004, 'B-');
insert into takes values('23549', '633', '6', 'Fall', 2001, 'C-');
insert into takes values('26079', '393', '4', 'Spring', 2006, 'C-');
insert into takes values('52092', '453', '2', 'Spring', 2004, 'A-');
insert into takes values('31158', '430', '7', 'Spring', 2003, 'A-');
insert into takes values('70952', '380', '5', 'Spring', 2001, 'C-');
insert into takes values('14210', '904', '1', 'Spring', 2008, 'B ');
insert into takes values('17824', '565', '5', 'Fall', 2010, 'A-');
insert into takes values('68137', '430', '7', 'Spring', 2003, 'C ');
insert into takes values('39742', '177', '9', 'Fall', 2005, 'A ');
insert into takes values('95904', '851', '7', 'Spring', 2008, 'A+');
insert into takes values('86357', '813', '7', 'Fall', 2010, 'C ');
insert into takes values('73769', '409', '1', 'Spring', 2009, 'A ');
insert into takes values('63191', '403', '5', 'Spring', 2009, 'B ');
insert into takes values('74239', '610', '6', 'Spring', 2001, 'C-');
insert into takes values('15305', '196', '2', 'Spring', 2010, 'C ');
insert into takes values('93918', '380', '2', 'Spring', 2010, 'A+');
insert into takes values('91946', '220', '4', 'Spring', 2009, 'B ');
insert into takes values('36100', '274', '2', 'Fall', 2007, 'A-');
insert into takes values('60631', '389', '2', 'Spring', 2006, 'B ');
insert into takes values('61990', '159', '8', 'Spring', 2007, 'C ');
insert into takes values('47513', '523', '2', 'Fall', 2003, 'A-');
insert into takes values('45672', '565', '1', 'Spring', 2003, 'C+');
insert into takes values('83885', '895', '3', 'Spring', 2005, 'B-');
insert into takes values('99959', '984', '6', 'Fall', 2007, 'B+');
insert into takes values('10814', '869', '2', 'Spring', 2009, 'C-');
insert into takes values('29746', '724', '3', 'Spring', 2003, 'C ');
insert into takes values('80577', '832', '5', 'Spring', 2007, 'B+');
insert into takes values('38352', '225', '5', 'Spring', 2005, 'A ');
insert into takes values('20047', '828', '2', 'Fall', 2006, 'C ');
insert into takes values('57245', '177', '8', 'Spring', 2007, 'B-');
insert into takes values('80562', '855', '1', 'Fall', 2006, 'A-');
insert into takes values('61073', '159', '2', 'Spring', 2005, 'A ');
insert into takes values('21885', '929', '1', 'Spring', 2001, 'C ');
insert into takes values('63128', '610', '2', 'Spring', 2001, 'A+');
insert into takes values('57683', '523', '8', 'Fall', 2007, 'A+');
insert into takes values('56643', '240', '8', 'Spring', 2008, 'B-');
insert into takes values('91770', '668', '3', 'Spring', 2002, 'A-');
insert into takes values('93271', '371', '6', 'Spring', 2002, 'A ');
insert into takes values('19395', '869', '2', 'Spring', 2009, 'C+');
insert into takes values('38298', '877', '3', 'Fall', 2004, 'A+');
insert into takes values('43265', '463', '7', 'Fall', 2005, 'C ');
insert into takes values('73109', '389', '2', 'Spring', 2006, 'A+');
insert into takes values('66621', '315', '5', 'Spring', 2001, 'A+');
insert into takes values('39889', '701', '7', 'Spring', 2010, 'B+');
insert into takes values('73109', '801', '3', 'Spring', 2007, 'B-');
insert into takes values('81317', '887', '5', 'Spring', 2002, 'A+');
insert into takes values('48729', '892', '4', 'Fall', 2005, 'A-');
insert into takes values('28752', '423', '3', 'Fall', 2007, 'A-');
insert into takes values('18748', '275', '1', 'Spring', 2005, 'B-');
insert into takes values('70369', '161', '6', 'Spring', 2002, 'B+');
insert into takes values('74510', '428', '2', 'Fall', 2008, 'C+');
insert into takes values('64561', '159', '1', 'Spring', 2006, 'A ');
insert into takes values('11527', '510', '1', 'Spring', 2008, 'A ');
insert into takes values('99948', '982', '5', 'Spring', 2007, 'C-');
insert into takes values('11577', '599', '6', 'Fall', 2005, 'C+');
insert into takes values('13944', '573', '4', 'Spring', 2005, 'A ');
insert into takes values('99319', '893', '5', 'Fall', 2009, 'A-');
insert into takes values('57245', '491', '6', 'Spring', 2008, 'A+');
insert into takes values('82983', '252', '7', 'Spring', 2001, 'B+');
insert into takes values('26394', '881', '2', 'Fall', 2007, 'C+');
insert into takes values('1932', '590', '3', 'Spring', 2008, 'A-');
insert into takes values('47513', '555', '5', 'Spring', 2006, 'B ');
insert into takes values('70631', '161', '5', 'Fall', 2006, 'B-');
insert into takes values('99948', '687', '4', 'Fall', 2006, 'A ');
insert into takes values('70631', '706', '2', 'Fall', 2005, 'C+');
insert into takes values('47625', '962', '4', 'Fall', 2010, 'B+');
insert into takes values('97919', '112', '1', 'Fall', 2004, 'B+');
insert into takes values('24603', '859', '3', 'Fall', 2002, 'A ');
insert into takes values('87696', '979', '2', 'Spring', 2002, 'B+');
insert into takes values('71640', '238', '3', 'Fall', 2010, 'B-');
insert into takes values('37064', '504', '4', 'Fall', 2001, 'B ');
insert into takes values('93918', '800', '6', 'Spring', 2004, 'A+');
insert into takes values('65361', '892', '4', 'Fall', 2005, 'A+');
insert into takes values('38352', '403', '1', 'Spring', 2003, 'C+');
insert into takes values('74510', '410', '6', 'Fall', 2010, 'A+');
insert into takes values('34646', '305', '6', 'Spring', 2002, 'B+');
insert into takes values('1759', '607', '7', 'Spring', 2009, 'A ');
insert into takes values('71275', '505', '1', 'Spring', 2001, 'A ');
insert into takes values('74239', '717', '6', 'Fall', 2010, 'A ');
insert into takes values('49383', '832', '3', 'Fall', 2007, 'C+');
insert into takes values('88470', '409', '2', 'Fall', 2006, 'B ');
insert into takes values('29398', '829', '3', 'Fall', 2004, 'C ');
insert into takes values('36100', '838', '3', 'Fall', 2004, 'B+');
insert into takes values('13898', '768', '11', 'Fall', 2008, 'B ');
insert into takes values('65963', '516', '1', 'Spring', 2002, 'C-');
insert into takes values('61990', '161', '6', 'Spring', 2002, 'B-');
insert into takes values('8469', '680', '2', 'Fall', 2005, 'A ');
insert into takes values('49220', '861', '2', 'Spring', 2006, 'A+');
insert into takes values('12459', '776', '7', 'Spring', 2007, 'B+');
insert into takes values('82097', '855', '1', 'Fall', 2006, 'A+');
insert into takes values('38298', '275', '2', 'Fall', 2005, 'C ');
insert into takes values('70737', '557', '3', 'Fall', 2008, 'C+');
insert into takes values('95229', '330', '3', 'Spring', 2007, 'B ');
insert into takes values('66601', '484', '5', 'Spring', 2009, 'C+');
insert into takes values('66268', '612', '5', 'Spring', 2007, 'C+');
insert into takes values('1759', '526', '1', 'Spring', 2001, 'C ');
insert into takes values('38298', '189', '6', 'Fall', 2009, 'C-');
insert into takes values('75032', '884', '2', 'Spring', 2002, 'B+');
insert into takes values('43265', '580', '1', 'Fall', 2004, 'B ');
insert into takes values('74225', '531', '2', 'Fall', 2003, 'A ');
insert into takes values('88390', '636', '4', 'Spring', 2003, 'B-');
insert into takes values('44386', '717', '5', 'Spring', 2001, 'B+');
insert into takes values('32672', '801', '5', 'Fall', 2010, 'C-');
insert into takes values('93211', '305', '7', 'Fall', 2009, 'C ');
insert into takes values('33713', '675', '1', 'Spring', 2004, 'C-');
insert into takes values('69484', '168', '2', 'Spring', 2005, 'C ');
insert into takes values('8286', '171', '4', 'Spring', 2005, 'A ');
insert into takes values('59578', '647', '2', 'Fall', 2007, 'C-');
insert into takes values('59649', '159', '4', 'Spring', 2008, 'A+');
insert into takes values('16108', '828', '4', 'Spring', 2010, 'A+');
insert into takes values('5451', '535', '1', 'Fall', 2002, 'B ');
insert into takes values('72576', '159', '6', 'Fall', 2006, 'B ');
insert into takes values('9154', '491', '4', 'Spring', 2008, 'A+');
insert into takes values('86325', '780', '4', 'Fall', 2006, 'C ');
insert into takes values('11527', '869', '3', 'Fall', 2010, 'B ');
insert into takes values('22713', '588', '4', 'Spring', 2005, 'C ');
insert into takes values('39309', '181', '1', 'Spring', 2010, 'A-');
insert into takes values('74239', '264', '2', 'Fall', 2010, 'B+');
insert into takes values('33713', '165', '3', 'Spring', 2005, 'C-');
insert into takes values('20047', '962', '7', 'Spring', 2010, 'B ');
insert into takes values('92970', '684', '5', 'Spring', 2008, 'A-');
insert into takes values('2328', '403', '1', 'Spring', 2003, 'A ');
insert into takes values('33780', '590', '5', 'Fall', 2004, 'B ');
insert into takes values('5849', '590', '4', 'Spring', 2004, 'A ');
insert into takes values('23549', '590', '4', 'Spring', 2004, 'B-');
insert into takes values('32642', '180', '1', 'Spring', 2001, 'A+');
insert into takes values('33780', '646', '3', 'Spring', 2007, 'C-');
insert into takes values('69465', '815', '2', 'Fall', 2006, 'B-');
insert into takes values('52016', '684', '1', 'Fall', 2005, 'C+');
insert into takes values('13702', '567', '4', 'Spring', 2007, 'A+');
insert into takes values('33780', '617', '3', 'Spring', 2010, 'B-');
insert into takes values('3138', '269', '3', 'Spring', 2006, 'B-');
insert into takes values('59908', '147', '2', 'Spring', 2009, 'B+');
insert into takes values('7832', '535', '7', 'Spring', 2001, 'B ');
insert into takes values('51455', '599', '4', 'Fall', 2007, 'B+');
insert into takes values('17679', '964', '3', 'Fall', 2001, 'C-');
insert into takes values('80662', '680', '1', 'Fall', 2009, 'C+');
insert into takes values('69484', '484', '4', 'Fall', 2009, 'B-');
insert into takes values('40440', '177', '7', 'Fall', 2003, 'C-');
insert into takes values('1865', '220', '1', 'Spring', 2005, 'C ');
insert into takes values('33282', '829', '1', 'Fall', 2006, 'B ');
insert into takes values('79114', '829', '2', 'Fall', 2008, 'B+');
insert into takes values('5198', '851', '7', 'Spring', 2008, 'C-');
insert into takes values('89264', '403', '1', 'Spring', 2003, 'B+');
insert into takes values('25947', '648', '5', 'Spring', 2003, 'C+');
insert into takes values('8667', '228', '4', 'Fall', 2006, 'B+');
insert into takes values('90435', '646', '2', 'Fall', 2003, 'C-');
insert into takes values('13881', '371', '4', 'Spring', 2009, 'B+');
insert into takes values('70369', '128', '1', 'Spring', 2010, 'A ');
insert into takes values('94971', '423', '6', 'Spring', 2001, 'C+');
insert into takes values('9154', '330', '1', 'Spring', 2009, 'C-');
insert into takes values('5451', '516', '1', 'Spring', 2002, 'C+');
insert into takes values('70180', '679', '2', 'Fall', 2003, 'C-');
insert into takes values('90486', '259', '2', 'Fall', 2008, 'B-');
insert into takes values('17584', '859', '2', 'Spring', 2007, 'C-');
insert into takes values('81317', '800', '2', 'Spring', 2003, 'C-');
insert into takes values('47625', '869', '1', 'Fall', 2009, 'B+');
insert into takes values('30864', '904', '3', 'Fall', 2001, 'A ');
insert into takes values('25503', '228', '3', 'Spring', 2004, 'C-');
insert into takes values('47497', '869', '3', 'Fall', 2010, 'B+');
insert into takes values('58689', '382', '5', 'Fall', 2001, 'B ');
insert into takes values('2328', '395', '3', 'Fall', 2003, 'C-');
insert into takes values('55871', '240', '3', 'Spring', 2010, 'A-');
insert into takes values('42469', '327', '7', 'Spring', 2003, 'C ');
insert into takes values('21460', '555', '2', 'Fall', 2010, 'A ');
insert into takes values('29398', '681', '5', 'Spring', 2005, 'C ');
insert into takes values('79114', '606', '3', 'Fall', 2006, 'C-');
insert into takes values('77567', '196', '4', 'Spring', 2001, 'A-');
insert into takes values('62823', '966', '1', 'Spring', 2003, 'B ');
insert into takes values('13881', '838', '2', 'Fall', 2005, 'A+');
insert into takes values('9934', '961', '3', 'Spring', 2010, 'C ');
insert into takes values('26610', '315', '3', 'Fall', 2009, 'B ');
insert into takes values('6408', '933', '1', 'Fall', 2009, 'C-');
insert into takes values('49859', '944', '3', 'Spring', 2004, 'C+');
insert into takes values('83545', '277', '1', 'Spring', 2006, 'B-');
insert into takes values('2554', '646', '4', 'Spring', 2002, 'C-');
insert into takes values('76055', '535', '2', 'Spring', 2009, 'B ');
insert into takes values('71398', '240', '6', 'Spring', 2005, 'A ');
insert into takes values('80562', '252', '2', 'Spring', 2003, 'B-');
insert into takes values('88297', '419', '2', 'Fall', 2004, 'C-');
insert into takes values('49748', '526', '2', 'Fall', 2004, 'C ');
insert into takes values('37684', '225', '1', 'Fall', 2002, 'B-');
insert into takes values('81317', '813', '6', 'Fall', 2002, 'A ');
insert into takes values('5366', '277', '4', 'Fall', 2004, 'A ');
insert into takes values('84660', '704', '4', 'Fall', 2005, 'A ');
insert into takes values('14490', '329', '3', 'Spring', 2007, 'C+');
insert into takes values('24656', '261', '5', 'Spring', 2005, 'B ');
insert into takes values('44185', '780', '3', 'Spring', 2003, 'B+');
insert into takes values('49383', '512', '4', 'Fall', 2008, 'B-');
insert into takes values('98026', '800', '2', 'Spring', 2003, 'C ');
insert into takes values('13500', '504', '5', 'Spring', 2010, 'B-');
insert into takes values('11577', '859', '1', 'Fall', 2006, 'B-');
insert into takes values('96157', '964', '5', 'Spring', 2002, 'A+');
insert into takes values('97375', '330', '3', 'Spring', 2007, 'B ');
insert into takes values('72327', '315', '3', 'Fall', 2009, 'A+');
insert into takes values('65361', '681', '1', 'Fall', 2009, 'C-');
insert into takes values('39889', '633', '4', 'Spring', 2006, 'A ');
insert into takes values('34899', '893', '6', 'Fall', 2009, 'B ');
insert into takes values('83885', '275', '1', 'Spring', 2005, 'B-');
insert into takes values('62251', '631', '3', 'Spring', 2008, 'A-');
insert into takes values('36100', '301', '2', 'Fall', 2001, 'A-');
insert into takes values('43614', '750', '4', 'Fall', 2010, 'B-');
insert into takes values('66268', '124', '3', 'Spring', 2009, 'C+');
insert into takes values('43614', '941', '1', 'Fall', 2003, 'A ');
insert into takes values('94150', '985', '2', 'Fall', 2002, 'A ');
insert into takes values('56413', '428', '2', 'Fall', 2008, 'B ');
insert into takes values('48131', '450', '1', 'Fall', 2007, 'C+');
insert into takes values('79646', '403', '4', 'Fall', 2002, 'C+');
insert into takes values('35505', '607', '1', 'Spring', 2004, 'C-');
insert into takes values('64289', '776', '2', 'Spring', 2003, 'A+');
insert into takes values('36985', '261', '3', 'Fall', 2004, 'C-');
insert into takes values('55871', '128', '4', 'Spring', 2010, 'C+');
insert into takes values('79646', '748', '5', 'Spring', 2003, 'A-');
insert into takes values('39309', '832', '2', 'Fall', 2006, 'B+');
insert into takes values('65361', '966', '4', 'Spring', 2009, 'B+');
insert into takes values('59908', '225', '5', 'Spring', 2005, 'C+');
insert into takes values('46268', '364', '1', 'Fall', 2004, 'A+');
insert into takes values('88297', '881', '2', 'Fall', 2007, 'A+');
insert into takes values('59649', '859', '4', 'Spring', 2007, 'C+');
insert into takes values('44386', '140', '1', 'Fall', 2002, 'A ');
insert into takes values('76050', '277', '2', 'Spring', 2008, 'B-');
insert into takes values('13881', '892', '6', 'Fall', 2009, 'B-');
insert into takes values('1377', '315', '3', 'Fall', 2009, 'C ');
insert into takes values('31610', '238', '5', 'Fall', 2009, 'C+');
insert into takes values('45293', '556', '5', 'Spring', 2007, 'C-');
insert into takes values('609', '354', '2', 'Spring', 2005, 'A-');
insert into takes values('12083', '531', '2', 'Fall', 2003, 'B ');
insert into takes values('12459', '535', '1', 'Fall', 2002, 'C-');
insert into takes values('49220', '813', '5', 'Spring', 2004, 'B-');
insert into takes values('38298', '124', '6', 'Spring', 2003, 'B ');
insert into takes values('91049', '327', '3', 'Spring', 2010, 'C-');
insert into takes values('1377', '168', '1', 'Fall', 2006, 'C+');
insert into takes values('12638', '717', '7', 'Spring', 2004, 'C ');
insert into takes values('609', '687', '3', 'Fall', 2003, 'B-');
insert into takes values('12638', '944', '3', 'Spring', 2004, 'B+');
insert into takes values('76484', '277', '1', 'Spring', 2006, 'C+');
insert into takes values('13881', '450', '1', 'Fall', 2007, 'B+');
insert into takes values('45087', '573', '3', 'Spring', 2006, 'A-');
insert into takes values('52751', '535', '3', 'Spring', 2010, 'B+');
insert into takes values('55817', '590', '7', 'Fall', 2006, 'A+');
insert into takes values('79442', '830', '4', 'Spring', 2002, 'C ');
insert into takes values('62823', '177', '10', 'Spring', 2009, 'B+');
insert into takes values('85453', '588', '2', 'Spring', 2010, 'B+');
insert into takes values('17824', '493', '6', 'Fall', 2010, 'C+');
insert into takes values('97508', '252', '5', 'Fall', 2005, 'B-');
insert into takes values('24603', '526', '1', 'Spring', 2001, 'C-');
insert into takes values('65412', '880', '4', 'Spring', 2004, 'A+');
insert into takes values('53749', '226', '3', 'Fall', 2010, 'A+');
insert into takes values('1759', '557', '2', 'Fall', 2007, 'A+');
insert into takes values('43614', '966', '2', 'Fall', 2010, 'B-');
insert into takes values('1377', '161', '7', 'Spring', 2004, 'A+');
insert into takes values('40485', '181', '4', 'Spring', 2003, 'B ');
insert into takes values('3162', '881', '1', 'Spring', 2008, 'C+');
insert into takes values('86230', '463', '3', 'Spring', 2005, 'A-');
insert into takes values('26101', '393', '2', 'Spring', 2001, 'A-');
insert into takes values('29773', '929', '2', 'Spring', 2005, 'B+');
insert into takes values('46295', '724', '3', 'Spring', 2003, 'B+');
insert into takes values('20047', '428', '4', 'Spring', 2010, 'C ');
insert into takes values('26610', '106', '1', 'Fall', 2007, 'B ');
insert into takes values('71563', '686', '3', 'Fall', 2008, 'B ');
insert into takes values('13029', '607', '6', 'Fall', 2010, 'C+');
insert into takes values('99390', '994', '1', 'Fall', 2001, 'C-');
insert into takes values('26079', '354', '3', 'Fall', 2010, 'C ');
insert into takes values('11361', '887', '3', 'Fall', 2010, 'C-');
insert into takes values('17679', '463', '2', 'Spring', 2005, 'B ');
insert into takes values('87696', '994', '5', 'Spring', 2001, 'B+');
insert into takes values('13944', '269', '2', 'Spring', 2002, 'B ');
insert into takes values('14316', '463', '7', 'Fall', 2005, 'C+');
insert into takes values('3546', '646', '3', 'Spring', 2007, 'A ');
insert into takes values('60708', '225', '4', 'Spring', 2004, 'B+');
insert into takes values('15509', '703', '3', 'Spring', 2002, 'A-');
insert into takes values('95904', '887', '4', 'Spring', 2009, 'C+');
insert into takes values('95229', '680', '1', 'Fall', 2009, 'B-');
insert into takes values('26264', '493', '2', 'Spring', 2005, 'C-');
insert into takes values('87696', '851', '7', 'Spring', 2008, 'C+');
insert into takes values('97919', '647', '3', 'Fall', 2005, 'B-');
insert into takes values('39477', '768', '6', 'Spring', 2010, 'C+');
insert into takes values('56643', '523', '2', 'Fall', 2003, 'A+');
insert into takes values('14316', '512', '2', 'Fall', 2001, 'B-');
insert into takes values('1865', '401', '2', 'Fall', 2003, 'C ');
insert into takes values('63454', '159', '1', 'Spring', 2006, 'B+');
insert into takes values('71563', '322', '6', 'Spring', 2002, 'B ');
insert into takes values('43198', '168', '3', 'Spring', 2003, 'B-');
insert into takes values('44568', '348', '3', 'Fall', 2006, 'C ');
insert into takes values('72298', '966', '4', 'Spring', 2009, 'C ');
insert into takes values('35070', '293', '6', 'Spring', 2007, 'B ');
insert into takes values('80662', '861', '3', 'Spring', 2004, 'C ');
insert into takes values('76570', '680', '3', 'Fall', 2004, 'B+');
insert into takes values('36911', '686', '4', 'Spring', 2002, 'B ');
insert into takes values('39336', '401', '1', 'Fall', 2005, 'C ');
insert into takes values('9154', '701', '3', 'Fall', 2002, 'C+');
insert into takes values('11361', '410', '5', 'Spring', 2004, 'B+');
insert into takes values('69097', '646', '4', 'Spring', 2002, 'C-');
insert into takes values('89072', '305', '6', 'Spring', 2002, 'A-');
insert into takes values('51455', '340', '3', 'Spring', 2005, 'A-');
insert into takes values('12767', '979', '1', 'Fall', 2003, 'B+');
insert into takes values('40637', '706', '6', 'Spring', 2009, 'B+');
insert into takes values('77247', '584', '3', 'Spring', 2003, 'C+');
insert into takes values('3138', '393', '5', 'Fall', 2006, 'B+');
insert into takes values('5803', '504', '1', 'Spring', 2007, 'C-');
insert into takes values('91258', '535', '7', 'Spring', 2001, 'C-');
insert into takes values('32099', '425', '7', 'Fall', 2003, 'A ');
insert into takes values('95517', '895', '1', 'Spring', 2001, 'B-');
insert into takes values('8469', '717', '1', 'Fall', 2003, 'C ');
insert into takes values('38718', '880', '2', 'Fall', 2005, 'C+');
insert into takes values('81265', '252', '6', 'Fall', 2002, 'C-');
insert into takes values('27165', '430', '8', 'Fall', 2008, 'A+');
insert into takes values('95229', '876', '4', 'Spring', 2006, 'B+');
insert into takes values('81778', '240', '3', 'Spring', 2010, 'C ');
insert into takes values('61073', '106', '4', 'Fall', 2004, 'C-');
insert into takes values('71640', '565', '1', 'Spring', 2003, 'C-');
insert into takes values('68231', '395', '2', 'Spring', 2008, 'A ');
insert into takes values('34646', '855', '1', 'Fall', 2006, 'A+');
insert into takes values('97375', '395', '3', 'Fall', 2003, 'C ');
insert into takes values('850', '348', '3', 'Fall', 2006, 'A-');
insert into takes values('8286', '354', '2', 'Spring', 2005, 'A ');
insert into takes values('37655', '301', '1', 'Spring', 2008, 'B-');
insert into takes values('66621', '545', '1', 'Spring', 2010, 'C-');
insert into takes values('71275', '226', '3', 'Fall', 2010, 'A-');
insert into takes values('42469', '717', '1', 'Fall', 2003, 'A ');
insert into takes values('64210', '832', '4', 'Spring', 2001, 'B-');
insert into takes values('21650', '357', '2', 'Spring', 2009, 'A ');
insert into takes values('75248', '252', '6', 'Fall', 2002, 'B ');
insert into takes values('64894', '584', '2', 'Spring', 2008, 'A ');
insert into takes values('36764', '259', '1', 'Fall', 2002, 'A ');
insert into takes values('27466', '395', '6', 'Fall', 2007, 'A ');
insert into takes values('35910', '348', '3', 'Fall', 2006, 'A-');
insert into takes values('56215', '493', '6', 'Fall', 2010, 'C-');
insert into takes values('19395', '112', '2', 'Fall', 2003, 'C-');
insert into takes values('63454', '395', '2', 'Spring', 2008, 'C ');
insert into takes values('25981', '711', '4', 'Fall', 2004, 'B ');
insert into takes values('15305', '189', '4', 'Fall', 2005, 'C+');
insert into takes values('91946', '401', '2', 'Fall', 2003, 'C-');
insert into takes values('5787', '180', '5', 'Fall', 2002, 'B-');
insert into takes values('91049', '409', '6', 'Spring', 2001, 'C-');
insert into takes values('94387', '701', '7', 'Spring', 2010, 'B ');
insert into takes values('85999', '675', '5', 'Fall', 2007, 'B-');
insert into takes values('35910', '371', '5', 'Spring', 2002, 'B+');
insert into takes values('32424', '724', '2', 'Spring', 2008, 'A ');
insert into takes values('89264', '881', '4', 'Spring', 2003, 'C+');
insert into takes values('52163', '646', '5', 'Spring', 2004, 'C ');
insert into takes values('22206', '395', '2', 'Spring', 2008, 'A+');
insert into takes values('4656', '648', '3', 'Spring', 2004, 'B+');
insert into takes values('39742', '245', '3', 'Spring', 2006, 'C ');
insert into takes values('71640', '704', '3', 'Fall', 2010, 'B+');
insert into takes values('60805', '979', '2', 'Spring', 2002, 'C+');
insert into takes values('43198', '277', '3', 'Fall', 2001, 'B ');
insert into takes values('84159', '252', '1', 'Fall', 2004, 'A+');
insert into takes values('62251', '275', '3', 'Fall', 2009, 'A+');
insert into takes values('69465', '293', '3', 'Spring', 2002, 'B ');
insert into takes values('93105', '484', '2', 'Fall', 2003, 'B-');
insert into takes values('80562', '961', '4', 'Spring', 2008, 'C ');
insert into takes values('32587', '128', '2', 'Fall', 2006, 'B ');
insert into takes values('21688', '904', '5', 'Spring', 2003, 'B ');
insert into takes values('31624', '768', '10', 'Spring', 2004, 'A+');
insert into takes values('35931', '116', '4', 'Fall', 2001, 'B ');
insert into takes values('36764', '277', '1', 'Spring', 2006, 'A ');
insert into takes values('3162', '892', '3', 'Spring', 2009, 'B+');
insert into takes values('71282', '340', '2', 'Spring', 2005, 'A-');
insert into takes values('89264', '966', '2', 'Fall', 2010, 'B+');
insert into takes values('59833', '124', '2', 'Fall', 2007, 'C ');
insert into takes values('70369', '516', '3', 'Spring', 2010, 'B+');
insert into takes values('21688', '159', '7', 'Fall', 2003, 'A ');
insert into takes values('32424', '701', '2', 'Spring', 2008, 'C+');
insert into takes values('46295', '631', '5', 'Fall', 2008, 'C+');
insert into takes values('95141', '305', '1', 'Fall', 2008, 'A ');
insert into takes values('21235', '430', '2', 'Fall', 2005, 'C+');
insert into takes values('52135', '877', '2', 'Spring', 2007, 'B ');
insert into takes values('31610', '159', '1', 'Spring', 2006, 'A+');
insert into takes values('42123', '277', '3', 'Fall', 2001, 'B+');
insert into takes values('71640', '116', '2', 'Fall', 2001, 'C-');
insert into takes values('67413', '895', '4', 'Fall', 2004, 'A+');
insert into takes values('59684', '628', '3', 'Spring', 2008, 'C ');
insert into takes values('11804', '631', '2', 'Spring', 2008, 'A-');
insert into takes values('66581', '904', '5', 'Spring', 2003, 'B+');
insert into takes values('23549', '128', '6', 'Spring', 2008, 'C+');
insert into takes values('74738', '982', '1', 'Spring', 2003, 'C-');
insert into takes values('85369', '941', '5', 'Spring', 2008, 'C-');
insert into takes values('55143', '161', '5', 'Fall', 2006, 'A+');
insert into takes values('3138', '668', '1', 'Spring', 2003, 'A+');
insert into takes values('86325', '607', '7', 'Spring', 2009, 'B ');
insert into takes values('5787', '916', '6', 'Fall', 2008, 'C+');
insert into takes values('84168', '717', '3', 'Spring', 2007, 'B ');
insert into takes values('34217', '140', '3', 'Fall', 2008, 'A-');
insert into takes values('11187', '526', '2', 'Fall', 2004, 'A-');
insert into takes values('61069', '916', '1', 'Spring', 2005, 'A+');
insert into takes values('47625', '367', '2', 'Fall', 2006, 'A ');
insert into takes values('66264', '226', '3', 'Fall', 2010, 'A-');
insert into takes values('93265', '259', '3', 'Spring', 2006, 'A ');
insert into takes values('16704', '382', '6', 'Spring', 2003, 'A ');
insert into takes values('33713', '112', '2', 'Fall', 2003, 'A-');
insert into takes values('69484', '261', '1', 'Fall', 2008, 'B-');
insert into takes values('22713', '743', '4', 'Fall', 2004, 'A+');
insert into takes values('46268', '275', '8', 'Fall', 2005, 'C+');
insert into takes values('5366', '567', '5', 'Fall', 2010, 'A+');
insert into takes values('34646', '181', '2', 'Fall', 2008, 'B+');
insert into takes values('90588', '496', '5', 'Spring', 2007, 'C-');
insert into takes values('81134', '717', '3', 'Spring', 2007, 'A+');
insert into takes values('76050', '340', '1', 'Fall', 2004, 'C-');
insert into takes values('53749', '829', '3', 'Fall', 2004, 'C ');
insert into takes values('74510', '447', '4', 'Spring', 2004, 'B-');
insert into takes values('56643', '382', '1', 'Fall', 2009, 'C-');
insert into takes values('95517', '545', '4', 'Fall', 2007, 'B ');
insert into takes values('5198', '275', '5', 'Fall', 2008, 'C ');
insert into takes values('98023', '415', '1', 'Spring', 2010, 'B-');
insert into takes values('56643', '531', '1', 'Fall', 2004, 'B ');
insert into takes values('98023', '887', '3', 'Fall', 2010, 'B-');
insert into takes values('21922', '252', '2', 'Spring', 2003, 'C+');
insert into takes values('27165', '933', '1', 'Fall', 2009, 'C+');
insert into takes values('91258', '367', '2', 'Fall', 2006, 'B ');
insert into takes values('85999', '607', '1', 'Spring', 2004, 'C-');
insert into takes values('43198', '687', '1', 'Fall', 2007, 'A-');
insert into takes values('13881', '523', '1', 'Spring', 2010, 'C-');
insert into takes values('850', '367', '1', 'Fall', 2003, 'A+');
insert into takes values('60708', '423', '4', 'Spring', 2010, 'B+');
insert into takes values('82097', '293', '2', 'Fall', 2001, 'B-');
insert into takes values('62251', '330', '4', 'Fall', 2008, 'B+');
insert into takes values('81835', '245', '3', 'Spring', 2006, 'C ');
insert into takes values('40637', '567', '4', 'Spring', 2007, 'C+');
insert into takes values('43265', '743', '4', 'Fall', 2004, 'B-');
insert into takes values('47511', '240', '5', 'Spring', 2003, 'A-');
insert into takes values('20147', '196', '4', 'Spring', 2001, 'A-');
insert into takes values('7548', '717', '8', 'Fall', 2004, 'A-');
insert into takes values('46295', '162', '6', 'Fall', 2001, 'A+');
insert into takes values('43699', '780', '4', 'Fall', 2006, 'C-');
insert into takes values('61253', '573', '4', 'Spring', 2005, 'B+');
insert into takes values('88390', '743', '3', 'Spring', 2008, 'C ');
insert into takes values('23240', '453', '3', 'Fall', 2007, 'C+');
insert into takes values('56124', '588', '9', 'Spring', 2007, 'B-');
insert into takes values('18098', '128', '1', 'Spring', 2010, 'C ');
insert into takes values('61922', '491', '4', 'Spring', 2008, 'B ');
insert into takes values('99390', '748', '8', 'Spring', 2008, 'C ');
insert into takes values('79442', '116', '4', 'Fall', 2001, 'C ');
insert into takes values('95904', '813', '4', 'Spring', 2006, 'A-');
insert into takes values('8469', '929', '1', 'Spring', 2001, 'B+');
insert into takes values('63191', '679', '1', 'Fall', 2001, 'A ');
insert into takes values('29702', '855', '1', 'Fall', 2006, 'C ');
insert into takes values('80252', '128', '4', 'Spring', 2010, 'B+');
insert into takes values('42728', '415', '6', 'Spring', 2007, 'C ');
insert into takes values('13500', '701', '5', 'Spring', 2004, 'A+');
insert into takes values('45048', '950', '1', 'Fall', 2007, 'C-');
insert into takes values('44568', '647', '2', 'Fall', 2007, 'A+');
insert into takes values('94971', '322', '3', 'Fall', 2009, 'B-');
insert into takes values('98084', '498', '1', 'Fall', 2003, 'A ');
insert into takes values('71358', '893', '7', 'Fall', 2007, 'C-');
insert into takes values('11361', '851', '5', 'Fall', 2007, 'A ');
insert into takes values('64289', '161', '5', 'Fall', 2006, 'A+');
insert into takes values('55871', '264', '3', 'Fall', 2001, 'A+');
insert into takes values('84660', '701', '4', 'Spring', 2006, 'B+');
insert into takes values('64289', '389', '2', 'Spring', 2006, 'B-');
insert into takes values('49220', '895', '5', 'Fall', 2002, 'C+');
insert into takes values('44727', '588', '7', 'Spring', 2008, 'B ');
insert into takes values('99390', '851', '6', 'Fall', 2009, 'B+');
insert into takes values('96592', '964', '6', 'Spring', 2004, 'C+');
insert into takes values('47222', '606', '3', 'Fall', 2006, 'A ');
insert into takes values('70050', '165', '4', 'Fall', 2010, 'C+');
insert into takes values('35505', '916', '4', 'Fall', 2004, 'B+');
insert into takes values('88297', '679', '3', 'Spring', 2008, 'C-');
insert into takes values('70180', '269', '4', 'Fall', 2002, 'C ');
insert into takes values('72359', '238', '3', 'Fall', 2010, 'B+');
insert into takes values('73109', '631', '3', 'Spring', 2008, 'A ');
insert into takes values('32099', '161', '6', 'Spring', 2002, 'C-');
insert into takes values('74738', '816', '3', 'Fall', 2003, 'A-');
insert into takes values('13500', '177', '6', 'Spring', 2001, 'C ');
insert into takes values('12767', '697', '1', 'Spring', 2006, 'C ');
insert into takes values('12565', '636', '3', 'Spring', 2005, 'B+');
insert into takes values('44568', '668', '3', 'Spring', 2002, 'C+');
insert into takes values('14356', '941', '4', 'Fall', 2004, 'A ');
insert into takes values('72359', '884', '5', 'Fall', 2008, 'B ');
insert into takes values('11577', '159', '2', 'Spring', 2005, 'B+');
insert into takes values('10256', '165', '5', 'Fall', 2006, 'A-');
insert into takes values('35865', '628', '2', 'Fall', 2010, 'B ');
insert into takes values('1932', '305', '1', 'Fall', 2008, 'C+');
insert into takes values('74239', '112', '2', 'Fall', 2003, 'A-');
insert into takes values('74225', '916', '6', 'Fall', 2008, 'B-');
insert into takes values('66581', '322', '1', 'Fall', 2003, 'A ');
insert into takes values('16108', '245', '4', 'Spring', 2001, 'B ');
insert into takes values('10792', '484', '1', 'Fall', 2009, 'C ');
insert into takes values('48592', '228', '2', 'Fall', 2005, 'C ');
insert into takes values('97687', '884', '1', 'Fall', 2010, 'C+');
insert into takes values('44386', '877', '2', 'Spring', 2007, 'C ');
insert into takes values('21235', '177', '9', 'Fall', 2005, 'B+');
insert into takes values('21885', '162', '7', 'Fall', 2005, 'A-');
insert into takes values('45048', '196', '1', 'Fall', 2007, 'B-');
insert into takes values('12767', '382', '2', 'Fall', 2010, 'C ');
insert into takes values('40484', '599', '4', 'Fall', 2007, 'A+');
insert into takes values('73988', '425', '2', 'Spring', 2001, 'A-');
insert into takes values('50161', '177', '7', 'Fall', 2003, 'B+');
insert into takes values('10814', '162', '6', 'Fall', 2001, 'B-');
insert into takes values('19590', '371', '4', 'Spring', 2009, 'B ');
insert into takes values('56643', '389', '2', 'Spring', 2006, 'A ');
insert into takes values('17584', '189', '6', 'Fall', 2009, 'A-');
insert into takes values('69465', '403', '1', 'Spring', 2003, 'C+');
insert into takes values('21885', '159', '8', 'Spring', 2007, 'B ');
insert into takes values('31843', '892', '1', 'Spring', 2005, 'C ');
insert into takes values('63989', '159', '7', 'Fall', 2003, 'B ');
insert into takes values('12767', '196', '3', 'Spring', 2010, 'C-');
insert into takes values('5451', '884', '4', 'Spring', 2009, 'C+');
insert into takes values('1759', '425', '2', 'Spring', 2001, 'A-');
insert into takes values('64894', '706', '1', 'Fall', 2004, 'A ');
insert into takes values('47222', '322', '2', 'Fall', 2001, 'B-');
insert into takes values('65412', '315', '2', 'Spring', 2003, 'B-');
insert into takes values('10889', '686', '2', 'Spring', 2002, 'B+');
insert into takes values('13500', '128', '3', 'Fall', 2003, 'B-');
insert into takes values('19395', '629', '2', 'Fall', 2001, 'C ');
insert into takes values('85453', '410', '6', 'Fall', 2010, 'B+');
insert into takes values('70180', '114', '5', 'Spring', 2006, 'B ');
insert into takes values('55000', '994', '4', 'Spring', 2005, 'C+');
insert into takes values('47658', '768', '4', 'Fall', 2009, 'C+');
insert into takes values('40153', '893', '4', 'Fall', 2005, 'A ');
insert into takes values('66102', '573', '3', 'Spring', 2006, 'B ');
insert into takes values('70631', '612', '9', 'Spring', 2007, 'A+');
insert into takes values('88470', '851', '3', 'Fall', 2004, 'C ');
insert into takes values('38718', '859', '6', 'Spring', 2005, 'C+');
insert into takes values('64210', '851', '2', 'Fall', 2008, 'B ');
insert into takes values('47222', '240', '5', 'Spring', 2003, 'B ');
insert into takes values('54271', '636', '6', 'Spring', 2009, 'A-');
insert into takes values('8055', '118', '4', 'Spring', 2003, 'B+');
insert into takes values('35118', '969', '1', 'Fall', 2009, 'B ');
insert into takes values('57311', '876', '1', 'Spring', 2004, 'C-');
insert into takes values('64210', '681', '1', 'Fall', 2009, 'A-');
insert into takes values('47658', '322', '2', 'Fall', 2001, 'B+');
insert into takes values('58689', '945', '3', 'Fall', 2008, 'A-');
insert into takes values('98786', '124', '6', 'Spring', 2003, 'C+');
insert into takes values('17510', '371', '5', 'Spring', 2002, 'A-');
insert into takes values('66202', '838', '1', 'Spring', 2003, 'C ');
insert into takes values('81265', '961', '1', 'Spring', 2001, 'B-');
insert into takes values('61992', '780', '4', 'Fall', 2006, 'B ');
insert into takes values('8286', '706', '4', 'Spring', 2007, 'A+');
insert into takes values('14210', '617', '3', 'Spring', 2010, 'B+');
insert into takes values('61253', '112', '4', 'Spring', 2007, 'C-');
insert into takes values('32268', '516', '5', 'Spring', 2007, 'C-');
insert into takes values('70631', '503', '5', 'Fall', 2002, 'A-');
insert into takes values('4656', '419', '3', 'Spring', 2009, 'B ');
insert into takes values('60708', '945', '4', 'Spring', 2008, 'C+');
insert into takes values('21650', '275', '5', 'Fall', 2008, 'C+');
insert into takes values('79646', '876', '2', 'Spring', 2009, 'B-');
insert into takes values('85369', '252', '1', 'Fall', 2004, 'C+');
insert into takes values('8934', '966', '4', 'Spring', 2009, 'C+');
insert into takes values('93105', '523', '6', 'Fall', 2001, 'C ');
insert into takes values('56124', '686', '2', 'Spring', 2002, 'B-');
insert into takes values('25947', '595', '3', 'Spring', 2008, 'C+');
insert into takes values('29398', '523', '8', 'Fall', 2007, 'C+');
insert into takes values('34899', '395', '5', 'Fall', 2010, 'A+');
insert into takes values('48131', '933', '5', 'Fall', 2007, 'C-');
insert into takes values('98023', '388', '3', 'Fall', 2002, 'A+');
insert into takes values('42386', '800', '2', 'Spring', 2003, 'C+');
insert into takes values('17824', '701', '5', 'Spring', 2004, 'A+');
insert into takes values('23240', '704', '2', 'Spring', 2010, 'A-');
insert into takes values('26079', '706', '6', 'Spring', 2009, 'B ');
insert into takes values('47497', '535', '4', 'Spring', 2005, 'C-');
insert into takes values('17462', '252', '6', 'Fall', 2002, 'B+');
insert into takes values('42386', '327', '2', 'Spring', 2002, 'C+');
insert into takes values('56215', '711', '4', 'Fall', 2004, 'A ');
insert into takes values('2328', '498', '2', 'Spring', 2009, 'B+');
insert into takes values('59613', '493', '3', 'Fall', 2006, 'B-');
insert into takes values('56215', '503', '3', 'Spring', 2010, 'C+');
insert into takes values('77247', '181', '2', 'Fall', 2008, 'C-');
insert into takes values('23240', '425', '1', 'Spring', 2003, 'C ');
insert into takes values('81778', '484', '2', 'Fall', 2003, 'A+');
insert into takes values('73001', '950', '1', 'Fall', 2007, 'C ');
insert into takes values('86230', '549', '2', 'Fall', 2007, 'A ');
insert into takes values('21235', '776', '2', 'Spring', 2003, 'B ');
insert into takes values('13702', '226', '4', 'Spring', 2003, 'A ');
insert into takes values('44794', '419', '5', 'Fall', 2002, 'A ');
insert into takes values('10814', '232', '2', 'Fall', 2005, 'C-');
insert into takes values('29773', '636', '2', 'Spring', 2002, 'B-');
insert into takes values('609', '293', '2', 'Fall', 2001, 'A ');
insert into takes values('81778', '220', '4', 'Spring', 2009, 'B+');
insert into takes values('55000', '964', '7', 'Fall', 2008, 'A-');
insert into takes values('19188', '171', '2', 'Spring', 2002, 'A+');
insert into takes values('36433', '556', '3', 'Fall', 2008, 'C ');
insert into takes values('5787', '177', '3', 'Spring', 2001, 'C ');
insert into takes values('77779', '232', '1', 'Fall', 2006, 'A+');
insert into takes values('45048', '606', '5', 'Fall', 2009, 'A-');
insert into takes values('60371', '228', '5', 'Spring', 2009, 'B-');
insert into takes values('53159', '686', '1', 'Fall', 2001, 'A+');
insert into takes values('22206', '322', '4', 'Spring', 2005, 'A+');
insert into takes values('35070', '450', '3', 'Fall', 2009, 'C+');
insert into takes values('42065', '124', '3', 'Spring', 2009, 'B-');
insert into takes values('31744', '945', '3', 'Fall', 2008, 'C-');
insert into takes values('63989', '565', '4', 'Spring', 2004, 'B ');
insert into takes values('48623', '425', '7', 'Fall', 2003, 'C+');
insert into takes values('99948', '743', '1', 'Fall', 2009, 'C ');
insert into takes values('57683', '511', '1', 'Fall', 2006, 'A+');
insert into takes values('92149', '354', '4', 'Spring', 2010, 'B+');
insert into takes values('67952', '269', '1', 'Fall', 2003, 'C-');
insert into takes values('88849', '371', '6', 'Spring', 2002, 'C-');
insert into takes values('55276', '838', '1', 'Spring', 2003, 'C+');
insert into takes values('94445', '567', '3', 'Spring', 2004, 'A-');
insert into takes values('26264', '916', '1', 'Spring', 2005, 'B ');
insert into takes values('26394', '393', '5', 'Fall', 2006, 'C-');
insert into takes values('21885', '354', '4', 'Spring', 2010, 'C ');
insert into takes values('337', '108', '2', 'Spring', 2004, 'A ');
insert into takes values('37684', '800', '5', 'Spring', 2005, 'A+');
insert into takes values('24898', '636', '3', 'Spring', 2005, 'A ');
insert into takes values('40637', '648', '5', 'Spring', 2003, 'B ');
insert into takes values('93572', '159', '8', 'Spring', 2007, 'A ');
insert into takes values('95229', '994', '6', 'Fall', 2004, 'A-');
insert into takes values('50860', '617', '2', 'Fall', 2008, 'A ');
insert into takes values('91386', '599', '6', 'Fall', 2005, 'A+');
insert into takes values('69484', '647', '3', 'Fall', 2005, 'B+');
insert into takes values('91770', '966', '1', 'Spring', 2003, 'A-');
insert into takes values('38409', '584', '1', 'Fall', 2001, 'A ');
insert into takes values('52016', '504', '1', 'Spring', 2007, 'C ');
insert into takes values('64599', '838', '1', 'Spring', 2003, 'B-');
insert into takes values('23427', '228', '5', 'Spring', 2009, 'A-');
insert into takes values('29125', '322', '5', 'Spring', 2007, 'C+');
insert into takes values('94150', '423', '6', 'Spring', 2001, 'A ');
insert into takes values('56121', '128', '2', 'Fall', 2006, 'B+');
insert into takes values('76710', '557', '4', 'Fall', 2007, 'C-');
insert into takes values('95229', '606', '5', 'Fall', 2009, 'C+');
insert into takes values('96592', '147', '2', 'Spring', 2009, 'C+');
insert into takes values('54164', '892', '2', 'Fall', 2009, 'B-');
insert into takes values('98786', '556', '5', 'Spring', 2007, 'C ');
insert into takes values('79442', '606', '3', 'Fall', 2006, 'B+');
insert into takes values('55000', '453', '3', 'Fall', 2007, 'B+');
insert into takes values('85369', '523', '2', 'Fall', 2003, 'C ');
insert into takes values('76055', '893', '1', 'Spring', 2002, 'C+');
insert into takes values('97687', '305', '7', 'Fall', 2009, 'A-');
insert into takes values('71275', '430', '2', 'Fall', 2005, 'C+');
insert into takes values('3546', '815', '3', 'Spring', 2005, 'C-');
insert into takes values('42386', '648', '4', 'Fall', 2008, 'C ');
insert into takes values('14356', '354', '2', 'Spring', 2005, 'C-');
insert into takes values('11804', '984', '4', 'Spring', 2007, 'A ');
insert into takes values('38298', '859', '3', 'Fall', 2002, 'B+');
insert into takes values('13500', '179', '4', 'Spring', 2001, 'C+');
insert into takes values('32973', '330', '2', 'Spring', 2006, 'A ');
insert into takes values('13881', '555', '3', 'Spring', 2001, 'B-');
insert into takes values('24898', '240', '1', 'Spring', 2003, 'A ');
insert into takes values('49383', '711', '1', 'Fall', 2007, 'C+');
insert into takes values('16054', '687', '1', 'Fall', 2007, 'C-');
insert into takes values('17510', '523', '3', 'Fall', 2009, 'B ');
insert into advisor values('33713', '62698');
insert into advisor values('4656', '87490');
insert into advisor values('65412', '96953');
insert into advisor values('4754', '88406');
insert into advisor values('98786', '73355');
insert into advisor values('44988', '25586');
insert into advisor values('81265', '96953');
insert into advisor values('56124', '95847');
insert into advisor values('59613', '6234');
insert into advisor values('51749', '54877');
insert into advisor values('65361', '32623');
insert into advisor values('85453', '73355');
insert into advisor values('59833', '16067');
insert into advisor values('29033', '38161');
insert into advisor values('94854', '99800');
insert into advisor values('74738', '55726');
insert into advisor values('6408', '62173');
insert into advisor values('61922', '99742');
insert into advisor values('67413', '16067');
insert into advisor values('63191', '62698');
insert into advisor values('70369', '75427');
insert into advisor values('55983', '97395');
insert into advisor values('93572', '19964');
insert into advisor values('27466', '99800');
insert into advisor values('37655', '92031');
insert into advisor values('47531', '62698');
insert into advisor values('34646', '48193');
insert into advisor values('31158', '93295');
insert into advisor values('35070', '62843');
insert into advisor values('94387', '17691');
insert into advisor values('24656', '38161');
insert into advisor values('65481', '16067');
insert into advisor values('32268', '62849');
insert into advisor values('56643', '62843');
insert into advisor values('47222', '57798');
insert into advisor values('56910', '99800');
insert into advisor values('15509', '39292');
insert into advisor values('13944', '99742');
insert into advisor values('35118', '78949');
insert into advisor values('18098', '16067');
insert into advisor values('14316', '74026');
insert into advisor values('48623', '96953');
insert into advisor values('1499', '18609');
insert into advisor values('32642', '39292');
insert into advisor values('61992', '8137');
insert into advisor values('79235', '25700');
insert into advisor values('14210', '45641');
insert into advisor values('37098', '95847');
insert into advisor values('36828', '23430');
insert into advisor values('76050', '57798');
insert into advisor values('14952', '38161');
insert into advisor values('99959', '19964');
insert into advisor values('52092', '97395');
insert into advisor values('71640', '75427');
insert into advisor values('30864', '55726');
insert into advisor values('53749', '84622');
insert into advisor values('30622', '38161');
insert into advisor values('82097', '98176');
insert into advisor values('64289', '18609');
insert into advisor values('89072', '93295');
insert into advisor values('16054', '6284');
insert into advisor values('44794', '52970');
insert into advisor values('40637', '17691');
insert into advisor values('88470', '52970');
insert into advisor values('56215', '75427');
insert into advisor values('85999', '23430');
insert into advisor values('47625', '62843');
insert into advisor values('19922', '84622');
insert into advisor values('54424', '93295');
insert into advisor values('61069', '62849');
insert into advisor values('71275', '74026');
insert into advisor values('42386', '61734');
insert into advisor values('4396', '52970');
insert into advisor values('337', '93295');
insert into advisor values('96198', '48193');
insert into advisor values('1377', '77734');
insert into advisor values('55143', '16067');
insert into advisor values('76055', '97395');
insert into advisor values('45087', '93295');
insert into advisor values('41516', '33300');
insert into advisor values('1759', '8137');
insert into advisor values('38298', '85120');
insert into advisor values('24603', '6234');
insert into advisor values('55871', '38161');
insert into advisor values('39336', '73355');
insert into advisor values('69465', '45641');
insert into advisor values('12638', '62849');
insert into advisor values('42728', '77734');
insert into advisor values('13974', '61734');
insert into advisor values('52751', '48193');
insert into advisor values('16108', '25586');
insert into advisor values('60371', '92031');
insert into advisor values('22909', '19964');
insert into advisor values('44185', '88406');
insert into advisor values('72298', '88406');
insert into advisor values('12459', '57798');
insert into advisor values('1171', '1694');
insert into advisor values('14356', '19964');
insert into advisor values('81085', '99742');
insert into advisor values('12767', '92031');
insert into advisor values('4972', '1694');
insert into advisor values('67963', '87490');
insert into advisor values('35721', '57798');
insert into advisor values('83545', '74026');
insert into advisor values('7548', '95847');
insert into advisor values('86892', '97395');
insert into advisor values('79442', '54877');
insert into advisor values('65543', '84622');
insert into advisor values('73944', '57798');
insert into advisor values('3362', '6284');
insert into advisor values('95517', '99800');
insert into advisor values('66581', '8137');
insert into advisor values('37684', '98176');
insert into advisor values('76219', '55726');
insert into advisor values('36303', '61734');
insert into advisor values('17584', '74026');
insert into advisor values('40484', '84622');
insert into advisor values('11187', '92031');
insert into advisor values('71563', '38161');
insert into advisor values('73988', '47093');
insert into advisor values('79646', '48193');
insert into advisor values('61990', '55792');
insert into advisor values('21688', '6234');
insert into advisor values('71358', '62698');
insert into advisor values('86230', '77734');
insert into advisor values('93105', '33300');
insert into advisor values('45048', '73355');
insert into advisor values('47658', '25700');
insert into advisor values('16704', '62173');
insert into advisor values('50161', '6284');
insert into advisor values('88849', '8137');
insert into advisor values('33780', '75427');
insert into advisor values('57585', '6284');
insert into advisor values('58689', '19964');
insert into advisor values('83719', '38161');
insert into advisor values('66601', '62843');
insert into advisor values('36764', '25586');
insert into advisor values('57311', '62843');
insert into advisor values('92958', '42864');
insert into advisor values('66102', '52214');
insert into advisor values('26264', '74026');
insert into advisor values('11527', '6234');
insert into advisor values('25947', '32623');
insert into advisor values('58184', '23430');
insert into advisor values('63128', '88406');
insert into advisor values('19541', '98176');
insert into advisor values('19395', '52214');
insert into advisor values('91946', '62849');
insert into advisor values('42065', '84622');
insert into advisor values('65413', '62698');
insert into advisor values('3162', '98176');
insert into advisor values('73001', '23430');
insert into advisor values('99319', '6234');
insert into advisor values('29398', '64892');
insert into advisor values('59684', '98176');
insert into advisor values('39889', '75427');
insert into advisor values('54271', '93295');
insert into advisor values('24898', '77734');
insert into advisor values('88390', '97395');
insert into advisor values('28752', '8137');
insert into advisor values('95229', '98176');
insert into advisor values('17510', '64892');
insert into advisor values('95141', '25586');
insert into advisor values('93265', '62698');
insert into advisor values('8934', '55726');
insert into advisor values('95904', '74026');
insert into advisor values('1413', '19964');
insert into advisor values('36002', '39292');
insert into advisor values('43694', '96953');
insert into advisor values('93067', '57798');
insert into advisor values('79114', '62849');
insert into advisor values('74510', '38161');
insert into advisor values('47497', '25700');
insert into advisor values('48131', '6284');
insert into advisor values('3546', '1694');
insert into advisor values('58339', '48193');
insert into advisor values('32973', '6284');
insert into advisor values('61702', '84622');
insert into advisor values('45176', '55792');
insert into advisor values('2123', '8137');
insert into advisor values('13998', '95847');
insert into advisor values('38352', '62849');
insert into advisor values('1865', '97395');
insert into advisor values('5366', '84622');
insert into advisor values('95072', '87490');
insert into advisor values('38718', '99742');
insert into advisor values('61073', '64892');
insert into advisor values('2317', '87490');
insert into advisor values('63608', '87490');
insert into advisor values('32651', '17691');
insert into advisor values('8469', '85120');
insert into advisor values('25503', '25586');
insert into advisor values('93610', '18609');
insert into advisor values('54164', '42864');
insert into advisor values('59578', '57798');
insert into advisor values('40440', '92031');
insert into advisor values('32587', '98176');
insert into advisor values('60631', '19964');
insert into advisor values('76484', '19964');
insert into advisor values('49859', '61734');
insert into advisor values('25775', '73355');
insert into advisor values('36911', '62698');
insert into advisor values('16984', '45641');
insert into advisor values('5198', '75427');
insert into advisor values('5803', '62173');
insert into advisor values('35865', '55792');
insert into advisor values('40153', '88406');
insert into advisor values('35910', '55726');
insert into advisor values('43699', '69003');
insert into advisor values('74225', '48193');
insert into advisor values('39309', '23430');
insert into advisor values('69270', '78949');
insert into advisor values('80252', '87490');
insert into advisor values('35348', '92031');
insert into advisor values('66264', '16911');
insert into advisor values('42123', '62849');
insert into advisor values('26394', '93295');
insert into advisor values('99390', '98176');
insert into advisor values('63454', '32623');
insert into advisor values('29746', '6234');
insert into advisor values('44386', '97395');
insert into advisor values('50860', '48193');
insert into advisor values('40485', '96953');
insert into advisor values('8055', '1694');
insert into advisor values('20168', '39292');
insert into advisor values('5787', '62843');
insert into advisor values('67952', '99800');
insert into advisor values('94150', '16911');
insert into advisor values('609', '99800');
insert into advisor values('82983', '85120');
insert into advisor values('36100', '39292');
insert into advisor values('61613', '87490');
insert into advisor values('11361', '25586');
insert into advisor values('23596', '25586');
insert into advisor values('45829', '73355');
insert into advisor values('46295', '85120');
insert into advisor values('56413', '19964');
insert into advisor values('19590', '52214');
insert into advisor values('13881', '33300');
insert into advisor values('64498', '96953');
insert into advisor values('71337', '54877');
insert into advisor values('19188', '47093');
insert into advisor values('5315', '84622');
insert into advisor values('55817', '99800');
insert into advisor values('91386', '62698');
insert into advisor values('75248', '73355');
insert into advisor values('37064', '8137');
insert into advisor values('4937', '38161');
insert into advisor values('13668', '62173');
insert into advisor values('28215', '33300');
insert into advisor values('99948', '38161');
insert into advisor values('38623', '19964');
insert into advisor values('23676', '23430');
insert into advisor values('51558', '25586');
insert into advisor values('39477', '47093');
insert into advisor values('8471', '52214');
insert into advisor values('56279', '69003');
insert into advisor values('91258', '88406');
insert into advisor values('998', '25700');
insert into advisor values('57245', '16067');
insert into advisor values('54215', '77734');
insert into advisor values('20047', '54877');
insert into advisor values('19460', '62843');
insert into advisor values('97919', '16067');
insert into advisor values('66852', '84622');
insert into advisor values('25057', '62849');
insert into advisor values('84819', '33300');
insert into advisor values('4808', '64892');
insert into advisor values('79584', '32623');
insert into advisor values('29773', '99742');
insert into advisor values('56121', '75427');
insert into advisor values('71398', '75427');
insert into advisor values('25776', '69003');
insert into advisor values('29007', '57798');
insert into advisor values('11577', '54877');
insert into advisor values('98084', '62849');
insert into advisor values('44265', '62698');
insert into advisor values('70180', '75427');
insert into advisor values('2328', '16911');
insert into advisor values('45871', '54877');
insert into advisor values('74239', '48193');
insert into advisor values('10889', '25586');
insert into advisor values('2554', '48193');
insert into advisor values('21460', '25700');
insert into advisor values('98023', '98176');
insert into advisor values('5849', '33300');
insert into advisor values('65445', '69003');
insert into advisor values('84159', '6284');
insert into advisor values('12565', '93295');
insert into advisor values('64210', '55792');
insert into advisor values('90588', '16911');
insert into advisor values('27165', '77734');
insert into advisor values('43614', '84622');
insert into advisor values('86607', '52214');
insert into advisor values('97508', '8137');
insert into advisor values('89370', '88406');
insert into advisor values('16407', '99800');
insert into advisor values('81134', '48193');
insert into advisor values('21922', '17691');
insert into advisor values('70050', '47093');
insert into advisor values('34899', '62849');
insert into advisor values('62251', '74026');
insert into advisor values('7737', '99800');
insert into advisor values('31843', '77734');
insert into advisor values('72359', '74026');
insert into advisor values('18915', '32623');
insert into advisor values('96592', '25586');
insert into advisor values('84168', '57798');
insert into advisor values('70952', '16911');
insert into advisor values('70737', '99742');
insert into advisor values('68137', '95847');
insert into advisor values('10814', '75427');
insert into advisor values('94954', '92031');
insert into advisor values('81778', '33300');
insert into advisor values('91049', '32623');
insert into advisor values('26610', '75427');
insert into advisor values('55043', '25700');
insert into advisor values('49220', '8137');
insert into advisor values('90486', '16067');
insert into advisor values('48592', '99800');
insert into advisor values('81317', '62173');
insert into advisor values('9154', '75427');
insert into advisor values('57683', '62849');
insert into advisor values('61253', '25586');
insert into advisor values('80422', '52214');
insert into advisor values('18569', '8137');
insert into advisor values('29125', '62698');
insert into advisor values('66621', '17691');
insert into advisor values('14490', '99800');
insert into advisor values('79349', '74026');
insert into advisor values('35505', '92031');
insert into advisor values('60708', '62173');
insert into advisor values('17462', '61734');
insert into advisor values('23427', '55792');
insert into advisor values('6075', '39292');
insert into advisor values('32424', '32623');
insert into advisor values('86191', '87490');
insert into advisor values('17679', '64892');
insert into advisor values('72327', '87490');
insert into advisor values('84660', '93295');
insert into advisor values('43960', '1694');
insert into advisor values('83885', '87490');
insert into advisor values('13500', '55792');
insert into advisor values('21414', '62173');
insert into advisor values('90724', '75427');
insert into advisor values('7832', '33300');
insert into advisor values('70631', '45641');
insert into advisor values('26101', '99800');
insert into advisor values('97403', '55726');
insert into advisor values('29702', '25700');
insert into advisor values('78703', '19964');
insert into advisor values('12083', '18609');
insert into advisor values('28527', '78949');
insert into advisor values('85082', '47093');
insert into advisor values('97375', '23430');
insert into advisor values('99765', '99742');
insert into advisor values('14781', '23430');
insert into advisor values('47511', '62843');
insert into advisor values('31744', '38161');
insert into advisor values('69484', '25586');
insert into advisor values('96157', '18609');
insert into advisor values('64894', '62173');
insert into advisor values('22206', '88406');
insert into advisor values('1932', '61734');
insert into advisor values('70315', '57798');
insert into advisor values('80562', '17691');
insert into advisor values('47427', '17691');
insert into advisor values('42469', '92031');
insert into advisor values('59649', '64892');
insert into advisor values('80662', '52214');
insert into advisor values('47513', '96953');
insert into advisor values('68716', '33300');
insert into advisor values('48729', '55792');
insert into advisor values('19500', '95847');
insert into advisor values('81835', '62173');
insert into advisor values('29906', '16067');
insert into advisor values('32911', '61734');
insert into advisor values('44727', '62843');
insert into advisor values('52163', '87490');
insert into advisor values('17579', '17691');
insert into advisor values('18748', '88406');
insert into advisor values('22713', '38161');
insert into advisor values('236', '54877');
insert into advisor values('52135', '17691');
insert into advisor values('46268', '74026');
insert into advisor values('86325', '32623');
insert into advisor values('99408', '85120');
insert into advisor values('8667', '69003');
insert into advisor values('50152', '64892');
insert into advisor values('94445', '93295');
insert into advisor values('93211', '1694');
insert into advisor values('43000', '48193');
insert into advisor values('94971', '88406');
insert into advisor values('65380', '99800');
insert into advisor values('73109', '62698');
insert into advisor values('93873', '99742');
insert into advisor values('89264', '17691');
insert into advisor values('66268', '88406');
insert into advisor values('24715', '25586');
insert into advisor values('36985', '62698');
insert into advisor values('80577', '96953');
insert into advisor values('62455', '1694');
insert into advisor values('13029', '92031');
insert into advisor values('52033', '25700');
insert into advisor values('10792', '32623');
insert into advisor values('85369', '75427');
insert into advisor values('52016', '1694');
insert into advisor values('25981', '99742');
insert into advisor values('17824', '62698');
insert into advisor values('28196', '61734');
insert into advisor values('63989', '32623');
insert into advisor values('77247', '87490');
insert into advisor values('24325', '25700');
insert into advisor values('87962', '92031');
insert into advisor values('77567', '96953');
insert into advisor values('76570', '23430');
insert into advisor values('1679', '73355');
insert into advisor values('39742', '84622');
insert into advisor values('75032', '6234');
insert into advisor values('51455', '6234');
insert into advisor values('91770', '18609');
insert into advisor values('15985', '84622');
insert into advisor values('5451', '95847');
insert into advisor values('33282', '78949');
insert into advisor values('72576', '62843');
insert into advisor values('55000', '99742');
insert into advisor values('90435', '16067');
insert into advisor values('92149', '74026');
insert into advisor values('35931', '61734');
insert into advisor values('49748', '52214');
insert into advisor values('15305', '33300');
insert into advisor values('67914', '74026');
insert into advisor values('38055', '98176');
insert into advisor values('68231', '6284');
insert into advisor values('63689', '48193');
insert into advisor values('44085', '6234');
insert into advisor values('23549', '6234');
insert into advisor values('83861', '17691');
insert into advisor values('55276', '64892');
insert into advisor values('31174', '62173');
insert into advisor values('32856', '61734');
insert into advisor values('32672', '16911');
insert into advisor values('43198', '48193');
insert into advisor values('850', '64892');
insert into advisor values('21235', '61734');
insert into advisor values('88297', '52970');
insert into advisor values('34217', '38161');
insert into advisor values('13898', '95847');
insert into advisor values('31624', '57798');
insert into advisor values('86357', '87490');
insert into advisor values('64599', '92031');
insert into advisor values('3138', '54877');
insert into advisor values('47890', '84622');
insert into advisor values('59908', '85120');
insert into advisor values('71282', '62173');
insert into advisor values('98026', '16067');
insert into advisor values('63595', '1694');
insert into advisor values('8507', '18609');
insert into advisor values('49383', '78949');
insert into advisor values('97687', '99800');
insert into advisor values('45293', '84622');
insert into advisor values('26363', '69003');
insert into advisor values('8286', '93295');
insert into advisor values('31610', '45641');
insert into advisor values('20147', '62843');
insert into advisor values('13702', '78949');
insert into advisor values('75554', '69003');
insert into advisor values('76710', '93295');
insert into advisor values('96120', '6234');
insert into advisor values('26079', '62843');
insert into advisor values('93918', '25700');
insert into advisor values('9934', '77734');
insert into advisor values('93271', '92031');
insert into advisor values('92970', '95847');
insert into advisor values('21885', '62698');
insert into advisor values('41508', '52970');
insert into advisor values('45672', '74026');
insert into advisor values('53159', '23430');
insert into advisor values('69097', '98176');
insert into advisor values('66202', '18609');
insert into advisor values('23240', '57798');
insert into advisor values('27259', '69003');
insert into advisor values('65963', '42864');
insert into advisor values('32099', '52970');
insert into advisor values('36433', '38161');
insert into advisor values('16678', '84622');
insert into advisor values('87696', '39292');
insert into advisor values('64561', '54877');
insert into advisor values('11804', '99742');
insert into advisor values('29580', '23430');
insert into advisor values('43265', '93295');
insert into advisor values('44568', '62698');
insert into advisor values('60805', '85120');
insert into advisor values('10256', '6234');
insert into advisor values('38409', '18609');
insert into advisor values('73769', '87490');
insert into advisor values('62823', '92031');
insert into advisor values('77779', '6284');
insert into advisor values('21650', '54877');
insert into advisor values('85495', '92031');
insert into prereq values('168', '403');
insert into prereq values('162', '322');
insert into prereq values('498', '162');
insert into prereq values('189', '512');
insert into prereq values('161', '165');
insert into prereq values('196', '209');
insert into prereq values('371', '517');
insert into prereq values('964', '686');
insert into prereq values('114', '116');
insert into prereq values('880', '877');
insert into prereq values('828', '428');
insert into prereq values('855', '401');
insert into prereq values('580', '327');
insert into prereq values('382', '681');
insert into prereq values('800', '675');
insert into prereq values('617', '881');
insert into prereq values('859', '301');
insert into prereq values('511', '327');
insert into prereq values('177', '565');
insert into prereq values('701', '504');
insert into prereq values('277', '994');
insert into prereq values('984', '884');
insert into prereq values('108', '588');
insert into prereq values('450', '496');
insert into prereq values('899', '181');
insert into prereq values('493', '512');
insert into prereq values('165', '679');
insert into prereq values('899', '161');
insert into prereq values('941', '813');
insert into prereq values('704', '964');
insert into prereq values('624', '389');
insert into prereq values('701', '503');
insert into prereq values('697', '162');
insert into prereq values('982', '380');
insert into prereq values('511', '367');
insert into prereq values('252', '624');
insert into prereq values('367', '165');
insert into prereq values('869', '447');
insert into prereq values('567', '423');
insert into prereq values('226', '801');
insert into prereq values('228', '463');
insert into prereq values('504', '516');
insert into prereq values('704', '235');
insert into prereq values('159', '813');
insert into prereq values('985', '430');
insert into prereq values('481', '159');
insert into prereq values('994', '780');
insert into prereq values('112', '588');
insert into prereq values('945', '580');
insert into prereq values('684', '595');
insert into prereq values('623', '189');
insert into prereq values('780', '165');
insert into prereq values('780', '815');
insert into prereq values('549', '482');
insert into prereq values('892', '189');
insert into prereq values('517', '612');
insert into prereq values('114', '165');
insert into prereq values('851', '573');
insert into prereq values('278', '933');
insert into prereq values('607', '743');
insert into prereq values('517', '904');
insert into prereq values('801', '861');
insert into prereq values('628', '106');
insert into prereq values('684', '704');
insert into prereq values('881', '140');
insert into prereq values('171', '681');
insert into prereq values('830', '305');
insert into prereq values('181', '612');
insert into prereq values('505', '892');
insert into prereq values('703', '450');
insert into prereq values('899', '859');
insert into prereq values('815', '277');
insert into prereq values('161', '118');
insert into prereq values('588', '979');
insert into prereq values('425', '259');
insert into prereq values('447', '453');
insert into prereq values('409', '322');
insert into prereq values('330', '212');
insert into prereq values('410', '789');
insert into prereq values('844', '423');
insert into prereq values('259', '264');
insert into prereq values('261', '984');
insert into prereq values('410', '631');
insert into prereq values('636', '880');
insert into prereq values('704', '565');
insert into prereq values('168', '510');
insert into prereq values('106', '556');
insert into prereq values('628', '681');
insert into prereq values('944', '410');
insert into prereq values('633', '225');
insert into prereq values('801', '969');
insert into prereq values('482', '161');
insert into prereq values('189', '241');
insert into prereq values('780', '843');
insert into prereq values('985', '933');
insert into prereq values('933', '162');
insert into prereq values('962', '484');
insert into prereq values('340', '816');
insert into prereq values('624', '933');
insert into prereq values('929', '557');
